Arguments: 
  /home/cssninja/.nvm/versions/node/v16.17.0/bin/node /home/cssninja/.yarn/bin/yarn.js add vite-plugin-class-mangler -D

PATH: 
  /home/cssninja/.yarn/bin:/home/cssninja/.config/yarn/global/node_modules/.bin:/home/cssninja/.nvm/versions/node/v16.17.0/bin:/usr/local/sbin:/usr/local/bin:/usr/sbin:/usr/bin:/sbin:/bin:/usr/games:/usr/local/games:/usr/lib/wsl/lib:/mnt/c/Program Files (x86)/Common Files/Intel/Shared Libraries/redist/intel64/compiler:/mnt/c/Windows/system32:/mnt/c/Windows:/mnt/c/Windows/System32/Wbem:/mnt/c/Windows/System32/WindowsPowerShell/v1.0/:/mnt/c/Windows/System32/OpenSSH/:/mnt/c/Program Files (x86)/NVIDIA Corporation/PhysX/Common:/mnt/c/Program Files/NVIDIA Corporation/NVIDIA NvDLISR:/mnt/c/Program Files/Intel/WiFi/bin/:/mnt/c/Program Files/Common Files/Intel/WirelessCommon/:/mnt/c/Program Files/dotnet/:/mnt/c/Program Files/Microsoft SQL Server/130/Tools/Binn/:/mnt/c/Program Files/Microsoft SQL Server/Client SDK/ODBC/170/Tools/Binn/:/mnt/c/Program Files/Git/cmd:/mnt/c/Users/21267/AppData/Roaming/nvm:/mnt/c/Program Files/nodejs:/mnt/c/Program Files (x86)/Yarn/bin/:/mnt/c/wamp/bin/php/php7.4.0:/mnt/c/ProgramData/ComposerSetup/bin:/mnt/c/WINDOWS/system32:/mnt/c/WINDOWS:/mnt/c/WINDOWS/System32/Wbem:/mnt/c/WINDOWS/System32/WindowsPowerShell/v1.0/:/mnt/c/WINDOWS/System32/OpenSSH/:/mnt/c/Program Files/Docker/Docker/resources/bin:/mnt/c/ProgramData/DockerDesktop/version-bin:/mnt/c/Ruby22-x64/bin:/mnt/c/Users/21267/AppData/Local/Microsoft/WindowsApps:/mnt/c/Users/21267/AppData/Local/Programs/Microsoft VS Code/bin:/mnt/c/Users/21267/AppData/Roaming/nvm:/mnt/c/Users/21267/AppData/Roaming/npm:/mnt/c/Users/21267/AppData/Local/Yarn/bin:/mnt/c/Users/21267/AppData/Local/GitHubDesktop/bin:/mnt/c/Users/21267/AppData/Roaming/Composer/vendor/bin:/mnt/c/Users/21267/AppData/Roaming/nvm:/mnt/c/Program Files/nodejs:/mnt/c/Users/21267/AppData/Local/Microsoft/WindowsApps:/mnt/c/Program Files/heroku/bin:/snap/bin

Yarn version: 
  1.22.17

Node version: 
  16.17.0

Platform: 
  linux x64

Trace: 
  Error: https://registry.yarnpkg.com/vite-plugin-class-mangler: Not found
      at Request.params.callback [as _callback] (/home/cssninja/.yarn/lib/cli.js:67029:18)
      at Request.self.callback (/home/cssninja/.yarn/lib/cli.js:140883:22)
      at Request.emit (node:events:513:28)
      at Request.<anonymous> (/home/cssninja/.yarn/lib/cli.js:141855:10)
      at Request.emit (node:events:513:28)
      at IncomingMessage.<anonymous> (/home/cssninja/.yarn/lib/cli.js:141777:12)
      at Object.onceWrapper (node:events:627:28)
      at IncomingMessage.emit (node:events:525:35)
      at endReadableNT (node:internal/streams/readable:1358:12)
      at processTicksAndRejections (node:internal/process/task_queues:83:21)

npm manifest: 
  {
    "name": "repository-name",
    "version": "0.0.0",
    "license": "UNLICENCED",
    "private": "true",
    "scripts": {
      "dev": "vite",
      "build": "vite build",
      "preview": "vite preview",
      "test": "run-p test:*",
      "test:lint": "run-s lint:eslint lint:stylelint lint:prettier",
      "lint": "run-s lint:eslint:fix lint:stylelint:fix lint:prettier:fix",
      "lint:prettier": "prettier --check \"./src/**/*.(js|css|pcss|postcss|html)\"",
      "lint:prettier:fix": "prettier --write \"./src/**/*.(js|css|pcss|postcss|html)\"",
      "lint:eslint": "eslint --ext .js ./src",
      "lint:eslint:fix": "eslint --fix --ext .js ./src",
      "lint:stylelint": "stylelint ./src/**/*.{css,pcss,postcss}",
      "lint:stylelint:fix": "stylelint ./src/**/*.{css,pcss,postcss} --fix"
    },
    "dependencies": {
      "@iconify/iconify": "2.0.2",
      "@alpinejs/collapse": "^3.10.2",
      "@alpinejs/intersect": "^3.10.2",
      "@alpinejs/persist": "^3.10.2",
      "alpinejs": "^3.10.2",
      "prism-theme-vars": "0.2.2",
      "prismjs": "1.23.0"
    },
    "devDependencies": {
      "@iconify/json": "1.1.359",
      "@tailwindcss/aspect-ratio": "0.4.0",
  		"@tailwindcss/forms": "0.5.1",
  		"@tailwindcss/line-clamp": "0.4.0",
  		"@tailwindcss/typography": "0.5.2",
      "autoprefixer": "^10.4.0",
      "chalk": "4.1.1",
      "eslint": "7.29.0",
      "eslint-config-prettier": "8.3.0",
      "fast-glob": "3.2.5",
      "hint": "7.1.1",
      "lint-staged": "11.0.0",
      "npm-run-all": "4.1.5",
      "postcss": "8.4.5",
      "cssnano": "5.0.14",
      "prettier": "2.3.1",
      "stylelint": "13.13.1",
      "stylelint-config-prettier": "8.0.2",
      "stylelint-config-standard": "22.0.0",
      "tailwindcss": "3.1.8",
      "vite": "^3.0.7",
      "vite-plugin-handlebars": "1.6.0",
      "vite-plugin-purge-icons": "0.9.0",
      "yorkie": "2.0.0"
    },
    "gitHooks": {
      "pre-commit": "lint-staged",
      "commit-msg": "node scripts/verifyCommit.js"
    },
    "lint-staged": {
      "*.js": [
        "eslint --fix",
        "prettier --write"
      ],
      "*.css": [
        "stylelint",
        "prettier --write"
      ],
      "*.pcss": [
        "stylelint",
        "prettier --write"
      ],
      "*.postcss": [
        "stylelint",
        "prettier --write"
      ],
      "*.html": [
        "prettier --write"
      ]
    }
  }

yarn manifest: 
  No manifest

Lockfile: 
  # THIS IS AN AUTOGENERATED FILE. DO NOT EDIT THIS FILE DIRECTLY.
  # yarn lockfile v1
  
  
  "@alpinejs/collapse@^3.10.2":
    version "3.10.3"
    resolved "https://registry.yarnpkg.com/@alpinejs/collapse/-/collapse-3.10.3.tgz#ffadf065e4bdd3a715916f8f517f81ab5d735745"
    integrity sha512-AG0OwpOgOB2xt3dBYJUijkXrjzDtonni7PKzqgYwk4k9pbz9QRjmQl4TY7ACz1gjgI2kAzMbgJIvbKb6J4XL0w==
  
  "@alpinejs/intersect@^3.10.2":
    version "3.10.3"
    resolved "https://registry.yarnpkg.com/@alpinejs/intersect/-/intersect-3.10.3.tgz#9aebf43b40e02b0f53e244229472cc3f1d1ed304"
    integrity sha512-vMRvhbMJzS1tupb2a/3GF5H+gLxxWaXJpcxJlfSHrV2JTb+RFWOJIkL/63JpPPGibtpaNBDrx3hsRN0CJ4d5mw==
  
  "@alpinejs/persist@^3.10.2":
    version "3.10.3"
    resolved "https://registry.yarnpkg.com/@alpinejs/persist/-/persist-3.10.3.tgz#4d65154d9318b53c1b974fb078532f5f1323b50a"
    integrity sha512-c5BWcCn4RHPtkeNEe0Mj99FuGuqcBgD1MBmYg8zKEFIjuu0bePd5LkfL8I8gVhrPIL2Ip7xXnREaWK6rVvUWSA==
  
  "@ampproject/remapping@^2.1.0":
    version "2.2.0"
    resolved "https://registry.yarnpkg.com/@ampproject/remapping/-/remapping-2.2.0.tgz#56c133824780de3174aed5ab6834f3026790154d"
    integrity sha512-qRmjj8nj9qmLTQXXmaR1cck3UXSRMPrbsLJAasZpF+t3riI71BXed5ebIOYwQntykeZuhjsdweEc9BxH5Jc26w==
    dependencies:
      "@jridgewell/gen-mapping" "^0.1.0"
      "@jridgewell/trace-mapping" "^0.3.9"
  
  "@babel/code-frame@7.12.11":
    version "7.12.11"
    resolved "https://registry.yarnpkg.com/@babel/code-frame/-/code-frame-7.12.11.tgz#f4ad435aa263db935b8f10f2c552d23fb716a63f"
    integrity sha512-Zt1yodBx1UcyiePMSkWnU4hPqhwq7hGi2nFL1LeA3EUl+q2LQx16MISgJ0+z7dnmgvP9QtIleuETGOiOH1RcIw==
    dependencies:
      "@babel/highlight" "^7.10.4"
  
  "@babel/code-frame@^7.0.0", "@babel/code-frame@^7.18.6":
    version "7.18.6"
    resolved "https://registry.yarnpkg.com/@babel/code-frame/-/code-frame-7.18.6.tgz#3b25d38c89600baa2dcc219edfa88a74eb2c427a"
    integrity sha512-TDCmlK5eOvH+eH7cdAFlNXeVJqWIQ7gW9tY1GJIpUtFb6CmjVyq2VM3u71bOyR8CRihcCgMUYoDNyLXao3+70Q==
    dependencies:
      "@babel/highlight" "^7.18.6"
  
  "@babel/compat-data@^7.18.8":
    version "7.18.13"
    resolved "https://registry.yarnpkg.com/@babel/compat-data/-/compat-data-7.18.13.tgz#6aff7b350a1e8c3e40b029e46cbe78e24a913483"
    integrity sha512-5yUzC5LqyTFp2HLmDoxGQelcdYgSpP9xsnMWBphAscOdFrHSAVbLNzWiy32sVNDqJRDiJK6klfDnAgu6PAGSHw==
  
  "@babel/core@^7.17.9":
    version "7.18.13"
    resolved "https://registry.yarnpkg.com/@babel/core/-/core-7.18.13.tgz#9be8c44512751b05094a4d3ab05fc53a47ce00ac"
    integrity sha512-ZisbOvRRusFktksHSG6pjj1CSvkPkcZq/KHD45LAkVP/oiHJkNBZWfpvlLmX8OtHDG8IuzsFlVRWo08w7Qxn0A==
    dependencies:
      "@ampproject/remapping" "^2.1.0"
      "@babel/code-frame" "^7.18.6"
      "@babel/generator" "^7.18.13"
      "@babel/helper-compilation-targets" "^7.18.9"
      "@babel/helper-module-transforms" "^7.18.9"
      "@babel/helpers" "^7.18.9"
      "@babel/parser" "^7.18.13"
      "@babel/template" "^7.18.10"
      "@babel/traverse" "^7.18.13"
      "@babel/types" "^7.18.13"
      convert-source-map "^1.7.0"
      debug "^4.1.0"
      gensync "^1.0.0-beta.2"
      json5 "^2.2.1"
      semver "^6.3.0"
  
  "@babel/generator@^7.18.13":
    version "7.18.13"
    resolved "https://registry.yarnpkg.com/@babel/generator/-/generator-7.18.13.tgz#59550cbb9ae79b8def15587bdfbaa388c4abf212"
    integrity sha512-CkPg8ySSPuHTYPJYo7IRALdqyjM9HCbt/3uOBEFbzyGVP6Mn8bwFPB0jX6982JVNBlYzM1nnPkfjuXSOPtQeEQ==
    dependencies:
      "@babel/types" "^7.18.13"
      "@jridgewell/gen-mapping" "^0.3.2"
      jsesc "^2.5.1"
  
  "@babel/helper-compilation-targets@^7.18.9":
    version "7.18.9"
    resolved "https://registry.yarnpkg.com/@babel/helper-compilation-targets/-/helper-compilation-targets-7.18.9.tgz#69e64f57b524cde3e5ff6cc5a9f4a387ee5563bf"
    integrity sha512-tzLCyVmqUiFlcFoAPLA/gL9TeYrF61VLNtb+hvkuVaB5SUjW7jcfrglBIX1vUIoT7CLP3bBlIMeyEsIl2eFQNg==
    dependencies:
      "@babel/compat-data" "^7.18.8"
      "@babel/helper-validator-option" "^7.18.6"
      browserslist "^4.20.2"
      semver "^6.3.0"
  
  "@babel/helper-environment-visitor@^7.18.9":
    version "7.18.9"
    resolved "https://registry.yarnpkg.com/@babel/helper-environment-visitor/-/helper-environment-visitor-7.18.9.tgz#0c0cee9b35d2ca190478756865bb3528422f51be"
    integrity sha512-3r/aACDJ3fhQ/EVgFy0hpj8oHyHpQc+LPtJoY9SzTThAsStm4Ptegq92vqKoE3vD706ZVFWITnMnxucw+S9Ipg==
  
  "@babel/helper-function-name@^7.18.9":
    version "7.18.9"
    resolved "https://registry.yarnpkg.com/@babel/helper-function-name/-/helper-function-name-7.18.9.tgz#940e6084a55dee867d33b4e487da2676365e86b0"
    integrity sha512-fJgWlZt7nxGksJS9a0XdSaI4XvpExnNIgRP+rVefWh5U7BL8pPuir6SJUmFKRfjWQ51OtWSzwOxhaH/EBWWc0A==
    dependencies:
      "@babel/template" "^7.18.6"
      "@babel/types" "^7.18.9"
  
  "@babel/helper-hoist-variables@^7.18.6":
    version "7.18.6"
    resolved "https://registry.yarnpkg.com/@babel/helper-hoist-variables/-/helper-hoist-variables-7.18.6.tgz#d4d2c8fb4baeaa5c68b99cc8245c56554f926678"
    integrity sha512-UlJQPkFqFULIcyW5sbzgbkxn2FKRgwWiRexcuaR8RNJRy8+LLveqPjwZV/bwrLZCN0eUHD/x8D0heK1ozuoo6Q==
    dependencies:
      "@babel/types" "^7.18.6"
  
  "@babel/helper-module-imports@^7.18.6":
    version "7.18.6"
    resolved "https://registry.yarnpkg.com/@babel/helper-module-imports/-/helper-module-imports-7.18.6.tgz#1e3ebdbbd08aad1437b428c50204db13c5a3ca6e"
    integrity sha512-0NFvs3VkuSYbFi1x2Vd6tKrywq+z/cLeYC/RJNFrIX/30Bf5aiGYbtvGXolEktzJH8o5E5KJ3tT+nkxuuZFVlA==
    dependencies:
      "@babel/types" "^7.18.6"
  
  "@babel/helper-module-transforms@^7.18.9":
    version "7.18.9"
    resolved "https://registry.yarnpkg.com/@babel/helper-module-transforms/-/helper-module-transforms-7.18.9.tgz#5a1079c005135ed627442df31a42887e80fcb712"
    integrity sha512-KYNqY0ICwfv19b31XzvmI/mfcylOzbLtowkw+mfvGPAQ3kfCnMLYbED3YecL5tPd8nAYFQFAd6JHp2LxZk/J1g==
    dependencies:
      "@babel/helper-environment-visitor" "^7.18.9"
      "@babel/helper-module-imports" "^7.18.6"
      "@babel/helper-simple-access" "^7.18.6"
      "@babel/helper-split-export-declaration" "^7.18.6"
      "@babel/helper-validator-identifier" "^7.18.6"
      "@babel/template" "^7.18.6"
      "@babel/traverse" "^7.18.9"
      "@babel/types" "^7.18.9"
  
  "@babel/helper-simple-access@^7.18.6":
    version "7.18.6"
    resolved "https://registry.yarnpkg.com/@babel/helper-simple-access/-/helper-simple-access-7.18.6.tgz#d6d8f51f4ac2978068df934b569f08f29788c7ea"
    integrity sha512-iNpIgTgyAvDQpDj76POqg+YEt8fPxx3yaNBg3S30dxNKm2SWfYhD0TGrK/Eu9wHpUW63VQU894TsTg+GLbUa1g==
    dependencies:
      "@babel/types" "^7.18.6"
  
  "@babel/helper-split-export-declaration@^7.18.6":
    version "7.18.6"
    resolved "https://registry.yarnpkg.com/@babel/helper-split-export-declaration/-/helper-split-export-declaration-7.18.6.tgz#7367949bc75b20c6d5a5d4a97bba2824ae8ef075"
    integrity sha512-bde1etTx6ZyTmobl9LLMMQsaizFVZrquTEHOqKeQESMKo4PlObf+8+JA25ZsIpZhT/WEd39+vOdLXAFG/nELpA==
    dependencies:
      "@babel/types" "^7.18.6"
  
  "@babel/helper-string-parser@^7.18.10":
    version "7.18.10"
    resolved "https://registry.yarnpkg.com/@babel/helper-string-parser/-/helper-string-parser-7.18.10.tgz#181f22d28ebe1b3857fa575f5c290b1aaf659b56"
    integrity sha512-XtIfWmeNY3i4t7t4D2t02q50HvqHybPqW2ki1kosnvWCwuCMeo81Jf0gwr85jy/neUdg5XDdeFE/80DXiO+njw==
  
  "@babel/helper-validator-identifier@^7.18.6":
    version "7.18.6"
    resolved "https://registry.yarnpkg.com/@babel/helper-validator-identifier/-/helper-validator-identifier-7.18.6.tgz#9c97e30d31b2b8c72a1d08984f2ca9b574d7a076"
    integrity sha512-MmetCkz9ej86nJQV+sFCxoGGrUbU3q02kgLciwkrt9QqEB7cP39oKEY0PakknEO0Gu20SskMRi+AYZ3b1TpN9g==
  
  "@babel/helper-validator-option@^7.18.6":
    version "7.18.6"
    resolved "https://registry.yarnpkg.com/@babel/helper-validator-option/-/helper-validator-option-7.18.6.tgz#bf0d2b5a509b1f336099e4ff36e1a63aa5db4db8"
    integrity sha512-XO7gESt5ouv/LRJdrVjkShckw6STTaB7l9BrpBaAHDeF5YZT+01PCwmR0SJHnkW6i8OwW/EVWRShfi4j2x+KQw==
  
  "@babel/helpers@^7.18.9":
    version "7.18.9"
    resolved "https://registry.yarnpkg.com/@babel/helpers/-/helpers-7.18.9.tgz#4bef3b893f253a1eced04516824ede94dcfe7ff9"
    integrity sha512-Jf5a+rbrLoR4eNdUmnFu8cN5eNJT6qdTdOg5IHIzq87WwyRw9PwguLFOWYgktN/60IP4fgDUawJvs7PjQIzELQ==
    dependencies:
      "@babel/template" "^7.18.6"
      "@babel/traverse" "^7.18.9"
      "@babel/types" "^7.18.9"
  
  "@babel/highlight@^7.10.4", "@babel/highlight@^7.18.6":
    version "7.18.6"
    resolved "https://registry.yarnpkg.com/@babel/highlight/-/highlight-7.18.6.tgz#81158601e93e2563795adcbfbdf5d64be3f2ecdf"
    integrity sha512-u7stbOuYjaPezCuLj29hNW1v64M2Md2qupEKP1fHc7WdOA3DgLh37suiSrZYY7haUB7iBeQZ9P1uiRF359do3g==
    dependencies:
      "@babel/helper-validator-identifier" "^7.18.6"
      chalk "^2.0.0"
      js-tokens "^4.0.0"
  
  "@babel/parser@^7.18.10", "@babel/parser@^7.18.13":
    version "7.18.13"
    resolved "https://registry.yarnpkg.com/@babel/parser/-/parser-7.18.13.tgz#5b2dd21cae4a2c5145f1fbd8ca103f9313d3b7e4"
    integrity sha512-dgXcIfMuQ0kgzLB2b9tRZs7TTFFaGM2AbtA4fJgUUYukzGH4jwsS7hzQHEGs67jdehpm22vkgKwvbU+aEflgwg==
  
  "@babel/template@^7.18.10", "@babel/template@^7.18.6":
    version "7.18.10"
    resolved "https://registry.yarnpkg.com/@babel/template/-/template-7.18.10.tgz#6f9134835970d1dbf0835c0d100c9f38de0c5e71"
    integrity sha512-TI+rCtooWHr3QJ27kJxfjutghu44DLnasDMwpDqCXVTal9RLp3RSYNh4NdBrRP2cQAoG9A8juOQl6P6oZG4JxA==
    dependencies:
      "@babel/code-frame" "^7.18.6"
      "@babel/parser" "^7.18.10"
      "@babel/types" "^7.18.10"
  
  "@babel/traverse@^7.18.13", "@babel/traverse@^7.18.9":
    version "7.18.13"
    resolved "https://registry.yarnpkg.com/@babel/traverse/-/traverse-7.18.13.tgz#5ab59ef51a997b3f10c4587d648b9696b6cb1a68"
    integrity sha512-N6kt9X1jRMLPxxxPYWi7tgvJRH/rtoU+dbKAPDM44RFHiMH8igdsaSBgFeskhSl/kLWLDUvIh1RXCrTmg0/zvA==
    dependencies:
      "@babel/code-frame" "^7.18.6"
      "@babel/generator" "^7.18.13"
      "@babel/helper-environment-visitor" "^7.18.9"
      "@babel/helper-function-name" "^7.18.9"
      "@babel/helper-hoist-variables" "^7.18.6"
      "@babel/helper-split-export-declaration" "^7.18.6"
      "@babel/parser" "^7.18.13"
      "@babel/types" "^7.18.13"
      debug "^4.1.0"
      globals "^11.1.0"
  
  "@babel/types@^7.18.10", "@babel/types@^7.18.13", "@babel/types@^7.18.6", "@babel/types@^7.18.9":
    version "7.18.13"
    resolved "https://registry.yarnpkg.com/@babel/types/-/types-7.18.13.tgz#30aeb9e514f4100f7c1cb6e5ba472b30e48f519a"
    integrity sha512-ePqfTihzW0W6XAU+aMw2ykilisStJfDnsejDCXRchCcMJ4O0+8DhPXf2YUbZ6wjBlsEmZwLK/sPweWtu8hcJYQ==
    dependencies:
      "@babel/helper-string-parser" "^7.18.10"
      "@babel/helper-validator-identifier" "^7.18.6"
      to-fast-properties "^2.0.0"
  
  "@esbuild/linux-loong64@0.14.54":
    version "0.14.54"
    resolved "https://registry.yarnpkg.com/@esbuild/linux-loong64/-/linux-loong64-0.14.54.tgz#de2a4be678bd4d0d1ffbb86e6de779cde5999028"
    integrity sha512-bZBrLAIX1kpWelV0XemxBZllyRmM6vgFQQG2GdNb+r3Fkp0FOh1NJSvekXDs7jq70k4euu1cryLMfU+mTXlEpw==
  
  "@eslint/eslintrc@^0.4.2":
    version "0.4.3"
    resolved "https://registry.yarnpkg.com/@eslint/eslintrc/-/eslintrc-0.4.3.tgz#9e42981ef035beb3dd49add17acb96e8ff6f394c"
    integrity sha512-J6KFFz5QCYUJq3pf0mjEcCJVERbzv71PUIDczuh9JkwGEzced6CO5ADLHB1rbf/+oPBtoPfMYNOpGDzCANlbXw==
    dependencies:
      ajv "^6.12.4"
      debug "^4.1.1"
      espree "^7.3.0"
      globals "^13.9.0"
      ignore "^4.0.6"
      import-fresh "^3.2.1"
      js-yaml "^3.13.1"
      minimatch "^3.0.4"
      strip-json-comments "^3.1.1"
  
  "@gar/promisify@^1.1.3":
    version "1.1.3"
    resolved "https://registry.yarnpkg.com/@gar/promisify/-/promisify-1.1.3.tgz#555193ab2e3bb3b6adc3d551c9c030d9e860daf6"
    integrity sha512-k2Ty1JcVojjJFwrg/ThKi2ujJ7XNLYaFGNB/bWT9wGR+oSMJHMa5w+CUq6p/pVrKeNNgA7pCqEcjSnHVoqJQFw==
  
  "@hint/configuration-accessibility@^2.0.22":
    version "2.0.22"
    resolved "https://registry.yarnpkg.com/@hint/configuration-accessibility/-/configuration-accessibility-2.0.22.tgz#2138279358f16a517c125e6b2993e8d925dbbdc5"
    integrity sha512-Eswl2SmhWjO5wPO2qwB7L7UcBcnWXV5Q+gjyqd0KKDNRtYB3KUv+0EsWg2f2am0JVZIJznWI1s0qiNfXBtjXOQ==
    dependencies:
      "@hint/connector-puppeteer" "^2.5.19"
      "@hint/formatter-html" "^4.3.12"
      "@hint/formatter-summary" "^3.0.34"
      "@hint/hint-axe" "^4.4.15"
  
  "@hint/configuration-development@^8.3.9":
    version "8.3.9"
    resolved "https://registry.yarnpkg.com/@hint/configuration-development/-/configuration-development-8.3.9.tgz#48d0c6118d1ba95db62b21dd4cd2e55d70f2b1fa"
    integrity sha512-ud6daM/tJTHSgA4R+tgXymnd7AU43ullykLdwUF1A1U9kBft40MPNVITzvXiKXw3b1Xkr7hhj4rEO+/fqaslew==
    dependencies:
      "@hint/configuration-accessibility" "^2.0.22"
      "@hint/configuration-progressive-web-apps" "^7.0.23"
      "@hint/connector-local" "^3.2.22"
      "@hint/formatter-html" "^4.3.12"
      "@hint/formatter-json" "^3.1.31"
      "@hint/formatter-summary" "^3.0.34"
      "@hint/hint-babel-config" "^2.4.22"
      "@hint/hint-button-type" "^3.0.17"
      "@hint/hint-compat-api" "^4.5.1"
      "@hint/hint-create-element-svg" "^1.3.21"
      "@hint/hint-css-prefix-order" "^1.5.1"
      "@hint/hint-disown-opener" "^4.0.17"
      "@hint/hint-highest-available-document-mode" "^5.0.17"
      "@hint/hint-leading-dot-classlist" "^1.0.14"
      "@hint/hint-meta-charset-utf-8" "^4.0.17"
      "@hint/hint-meta-viewport" "^5.0.17"
      "@hint/hint-no-bom" "^4.2.21"
      "@hint/hint-no-inline-styles" "^1.0.13"
      "@hint/hint-no-protocol-relative-urls" "^3.1.1"
      "@hint/hint-scoped-svg-styles" "^1.3.21"
      "@hint/hint-sri" "^4.0.17"
      "@hint/hint-typescript-config" "^2.5.9"
      "@hint/hint-webpack-config" "^2.4.23"
      "@hint/parser-babel-config" "^2.1.37"
      "@hint/parser-css" "^3.0.34"
      "@hint/parser-html" "^3.1.0"
      "@hint/parser-javascript" "^3.1.20"
      "@hint/parser-jsx" "^1.1.1"
      "@hint/parser-less" "^1.0.26"
      "@hint/parser-sass" "^1.0.26"
      "@hint/parser-typescript" "^1.0.21"
      "@hint/parser-typescript-config" "^2.4.24"
      "@hint/parser-webpack-config" "^2.1.36"
  
  "@hint/configuration-progressive-web-apps@^7.0.23":
    version "7.0.23"
    resolved "https://registry.yarnpkg.com/@hint/configuration-progressive-web-apps/-/configuration-progressive-web-apps-7.0.23.tgz#b705fcef7c0a2cdda1193b26aa6200abee696b39"
    integrity sha512-9okV4lFSgI2LZycdJXkHJBDTBkribzti2K/8lwUfTNLxYVr1fxTiznHD3sxK7emKacju5W4SXvqYghE25eNbLg==
    dependencies:
      "@hint/connector-jsdom" "^4.1.22"
      "@hint/connector-puppeteer" "^2.5.19"
      "@hint/formatter-html" "^4.3.12"
      "@hint/formatter-summary" "^3.0.34"
      "@hint/hint-apple-touch-icons" "^4.0.17"
      "@hint/hint-manifest-app-name" "^2.4.23"
      "@hint/hint-manifest-exists" "^2.4.23"
      "@hint/hint-manifest-file-extension" "^3.0.18"
      "@hint/hint-manifest-is-valid" "^3.4.14"
      "@hint/parser-manifest" "^2.3.14"
  
  "@hint/configuration-web-recommended@^8.2.14":
    version "8.2.14"
    resolved "https://registry.yarnpkg.com/@hint/configuration-web-recommended/-/configuration-web-recommended-8.2.14.tgz#d2e61bab7f5bea7a7a41a7cdec462de9c6372f36"
    integrity sha512-EX99ySsOoM7OF2c43vBN+O4Bi46Qxs85fYtVKn29Fv+5WmBdPx9c6Xu4+LN8mbhrEje9U5Okzyu+G5jlL2utyA==
    dependencies:
      "@hint/configuration-accessibility" "^2.0.22"
      "@hint/connector-jsdom" "^4.1.22"
      "@hint/connector-local" "^3.2.22"
      "@hint/connector-puppeteer" "^2.5.19"
      "@hint/formatter-html" "^4.3.12"
      "@hint/formatter-json" "^3.1.31"
      "@hint/formatter-stylish" "^3.1.31"
      "@hint/formatter-summary" "^3.0.34"
      "@hint/hint-button-type" "^3.0.17"
      "@hint/hint-compat-api" "^4.5.1"
      "@hint/hint-content-type" "^4.2.21"
      "@hint/hint-create-element-svg" "^1.3.21"
      "@hint/hint-css-prefix-order" "^1.5.1"
      "@hint/hint-disown-opener" "^4.0.17"
      "@hint/hint-highest-available-document-mode" "^5.0.17"
      "@hint/hint-html-checker" "^3.3.21"
      "@hint/hint-http-cache" "^4.0.17"
      "@hint/hint-http-compression" "^5.2.21"
      "@hint/hint-image-optimization-cloudinary" "^3.2.21"
      "@hint/hint-leading-dot-classlist" "^1.0.14"
      "@hint/hint-meta-charset-utf-8" "^4.0.17"
      "@hint/hint-meta-viewport" "^5.0.17"
      "@hint/hint-no-bom" "^4.2.21"
      "@hint/hint-no-disallowed-headers" "^3.1.16"
      "@hint/hint-no-friendly-error-pages" "^3.3.21"
      "@hint/hint-no-html-only-headers" "^3.0.17"
      "@hint/hint-no-http-redirects" "^3.0.17"
      "@hint/hint-no-inline-styles" "^1.0.13"
      "@hint/hint-no-protocol-relative-urls" "^3.1.1"
      "@hint/hint-no-vulnerable-javascript-libraries" "^2.12.16"
      "@hint/hint-scoped-svg-styles" "^1.3.21"
      "@hint/hint-sri" "^4.0.17"
      "@hint/hint-ssllabs" "^2.4.21"
      "@hint/hint-strict-transport-security" "^3.0.17"
      "@hint/hint-stylesheet-limits" "^3.3.21"
      "@hint/hint-validate-set-cookie-header" "^3.0.17"
      "@hint/hint-x-content-type-options" "^4.0.17"
      "@hint/parser-css" "^3.0.34"
      "@hint/parser-html" "^3.1.0"
      "@hint/parser-javascript" "^3.1.20"
  
  "@hint/connector-jsdom@^4.1.22":
    version "4.1.22"
    resolved "https://registry.yarnpkg.com/@hint/connector-jsdom/-/connector-jsdom-4.1.22.tgz#055c207f1a956bc9f3be2c4d5bfe15615405b78c"
    integrity sha512-F7AU1F5lRuAEUysAf6aurqcOX2WDscG7vWMIqJ2gXzoBltRQgLJRGQclFD1xLiAIeTHA46lPDIyyBRE+oLaEzA==
    dependencies:
      "@hint/utils" "^7.0.19"
      "@hint/utils-connector-tools" "^4.0.36"
      "@hint/utils-debug" "^1.0.10"
      "@hint/utils-dom" "^2.2.0"
      "@hint/utils-fs" "^1.0.14"
      "@hint/utils-network" "^1.0.21"
      "@hint/utils-types" "^1.2.0"
      jsdom "^19.0.0"
      mutationobserver-shim "^0.3.7"
    optionalDependencies:
      canvas "^2.9.1"
  
  "@hint/connector-local@^3.2.22":
    version "3.2.22"
    resolved "https://registry.yarnpkg.com/@hint/connector-local/-/connector-local-3.2.22.tgz#b4b6977d14c5cb2e12f455ce9227c9cb10e34494"
    integrity sha512-/TJvcp82QtucPWma+ZwoNDakHau+cu5UOEzNvcq0hsCGwvhr+MH7IYB38NxCdXdO7QNTVWpTUF+tVO8k8Ux9IA==
    dependencies:
      "@hint/utils" "^7.0.19"
      "@hint/utils-dom" "^2.2.0"
      "@hint/utils-fs" "^1.0.14"
      "@hint/utils-i18n" "^1.0.13"
      "@hint/utils-network" "^1.0.21"
      chokidar "^3.5.3"
      globby "^11.0.4"
      jsdom "^19.0.0"
  
  "@hint/connector-puppeteer@^2.5.19":
    version "2.5.19"
    resolved "https://registry.yarnpkg.com/@hint/connector-puppeteer/-/connector-puppeteer-2.5.19.tgz#fe3c99a70b703c0437dc874fecf01593c8a15ebc"
    integrity sha512-ubHFUY4TFb42QxQ591GpCSA1v1ofUJHany8fxwueaqJF5pLm+34cQ7sSZWzI89UQazWlv23SlTJDPyr/AnW0kA==
    dependencies:
      "@hint/utils" "^7.0.19"
      "@hint/utils-connector-tools" "^4.0.36"
      "@hint/utils-debug" "^1.0.10"
      "@hint/utils-dom" "^2.2.0"
      "@hint/utils-fs" "^1.0.14"
      "@hint/utils-network" "^1.0.21"
      "@hint/utils-types" "^1.2.0"
      is-ci "^3.0.1"
      lockfile "^1.0.4"
      puppeteer-core "^13.0.1"
  
  "@hint/formatter-html@^4.3.12":
    version "4.3.12"
    resolved "https://registry.yarnpkg.com/@hint/formatter-html/-/formatter-html-4.3.12.tgz#3bb17bee44e4ade4f6e4ff0c4284f61dd99d0ad2"
    integrity sha512-B9rDHH7U3naFMXCMxManMNO627TixmzIVujj5XL62fTfS2/kD0v2KetKj8XRTaiVCHJHdrkZAHINbtmLaI5luw==
    dependencies:
      "@hint/utils" "^7.0.19"
      "@hint/utils-debug" "^1.0.10"
      "@hint/utils-fs" "^1.0.14"
      "@hint/utils-i18n" "^1.0.13"
      "@hint/utils-types" "^1.2.0"
      ejs "^3.1.8"
      fs-extra "^10.1.0"
      lodash "^4.17.21"
  
  "@hint/formatter-json@^3.1.31":
    version "3.1.31"
    resolved "https://registry.yarnpkg.com/@hint/formatter-json/-/formatter-json-3.1.31.tgz#3eaaab8d81441e5b4d589cbd43f46d6659622282"
    integrity sha512-V2IPWDOB1jK/g0d2rH5R7wbTnCoDMNDoBVhlvWSp1pMAJAGd2kpVE1kWlSW7QSGKmfKlkRzZr+jlbehboG4Dbg==
    dependencies:
      "@hint/utils" "^7.0.19"
      "@hint/utils-debug" "^1.0.10"
      "@hint/utils-fs" "^1.0.14"
      "@hint/utils-i18n" "^1.0.13"
      "@hint/utils-types" "^1.2.0"
      lodash "^4.17.21"
  
  "@hint/formatter-stylish@^3.1.31":
    version "3.1.31"
    resolved "https://registry.yarnpkg.com/@hint/formatter-stylish/-/formatter-stylish-3.1.31.tgz#4add4955d27081ee5168da37eec21ac930781bb8"
    integrity sha512-ZVzqfHBnkX5LpK2bO1xyK+Ys8/kyAZmeflZhts7K6bJQ8M2RQ8YDi9QvAK62MDvqxlgKKRdSZPrvG4QzFFHLAQ==
    dependencies:
      "@hint/utils" "^7.0.19"
      "@hint/utils-debug" "^1.0.10"
      "@hint/utils-fs" "^1.0.14"
      "@hint/utils-i18n" "^1.0.13"
      "@hint/utils-string" "^1.0.12"
      "@hint/utils-types" "^1.2.0"
      chalk "^4.1.2"
      lodash "^4.17.21"
      strip-ansi "^6.0.0"
      text-table "^0.2.0"
  
  "@hint/formatter-summary@^3.0.34":
    version "3.0.34"
    resolved "https://registry.yarnpkg.com/@hint/formatter-summary/-/formatter-summary-3.0.34.tgz#61dd963fed147ccded3714733001ea3157e13776"
    integrity sha512-k1RR/ajppDnpujsuq4nGPbiGacAagd9WgfsE/++0oAd7Ocr0wzDfTi39u8i8Z/3pAHENB7ooVlW12uPwqc90+Q==
    dependencies:
      "@hint/utils" "^7.0.19"
      "@hint/utils-debug" "^1.0.10"
      "@hint/utils-fs" "^1.0.14"
      "@hint/utils-i18n" "^1.0.13"
      "@hint/utils-types" "^1.2.0"
      chalk "^4.1.2"
      lodash "^4.17.21"
      strip-ansi "^6.0.0"
      text-table "^0.2.0"
  
  "@hint/hint-apple-touch-icons@^4.0.17":
    version "4.0.17"
    resolved "https://registry.yarnpkg.com/@hint/hint-apple-touch-icons/-/hint-apple-touch-icons-4.0.17.tgz#2566e4cf7ee168f574e0a6e98ed79a660a5db476"
    integrity sha512-TOz4J5p1PKxJ9gAWywQKSrvPXXyFu47191XwL4GENVjuEn6+PMKuras/oKfpntVpvA7gFw2wx0WGuaPi5MSnWA==
    dependencies:
      "@hint/utils-debug" "^1.0.10"
      "@hint/utils-i18n" "^1.0.13"
      "@hint/utils-network" "^1.0.21"
      "@hint/utils-string" "^1.0.12"
      "@hint/utils-types" "^1.2.0"
      image-size "^1.0.1"
  
  "@hint/hint-axe@^4.4.15":
    version "4.4.15"
    resolved "https://registry.yarnpkg.com/@hint/hint-axe/-/hint-axe-4.4.15.tgz#1a1b7d063ff2fe5e6f926114b3a52e2e30aeedfc"
    integrity sha512-g5NUIfreIklO3DaYph3DHK76zZW2bYJK4uDoATBG/jwXndfFBXuOcI0/SKFKzcpT7bUyp3nfR2HPnHmQAeRAjg==
    dependencies:
      "@hint/utils-i18n" "^1.0.13"
      "@hint/utils-types" "^1.2.0"
      axe-core "^4.4.1"
  
  "@hint/hint-babel-config@^2.4.22":
    version "2.4.22"
    resolved "https://registry.yarnpkg.com/@hint/hint-babel-config/-/hint-babel-config-2.4.22.tgz#1964f157f3794cfde80ac615fc085fe64d0c82d8"
    integrity sha512-8w44zO3FTRuyOQzAqdxdvrY6ePjluMqlHDOMp57F9oux01kCdFqIbIyfNNvVP/Y32U/WVt4vBP5mp1kWIvM3ew==
    dependencies:
      "@hint/utils-debug" "^1.0.10"
      "@hint/utils-i18n" "^1.0.13"
      "@hint/utils-types" "^1.2.0"
  
  "@hint/hint-button-type@^3.0.17":
    version "3.0.17"
    resolved "https://registry.yarnpkg.com/@hint/hint-button-type/-/hint-button-type-3.0.17.tgz#8a37e967b574fb71154abab8b40edaeb0b129fba"
    integrity sha512-vfeX0GJ8pr/iwkD0KeGKhAR34tZQuHgJ1QVVJZswD2HkdTef8soKFOTYFur4n7mglBNXzOHJgjR4jWuGHX9+DA==
    dependencies:
      "@hint/utils-debug" "^1.0.10"
      "@hint/utils-i18n" "^1.0.13"
      "@hint/utils-types" "^1.2.0"
  
  "@hint/hint-compat-api@^4.5.1":
    version "4.5.1"
    resolved "https://registry.yarnpkg.com/@hint/hint-compat-api/-/hint-compat-api-4.5.1.tgz#1029a527b2a0d807e8719904c62ca8c0d32c6b24"
    integrity sha512-ydi65dndXqBsPHFXNRFDf+w40hwnZ4bHL+ctiAuzJiYxFyPS64aHBs3fC9wAgX8JBE2YgR1puDB18ACxpujTGA==
    dependencies:
      "@hint/utils-compat-data" "^1.1.10"
      "@hint/utils-css" "^1.0.13"
      "@hint/utils-fs" "^1.0.14"
      "@hint/utils-i18n" "^1.0.13"
      "@hint/utils-types" "^1.2.0"
      lodash "^4.17.21"
  
  "@hint/hint-content-type@^4.2.21":
    version "4.2.21"
    resolved "https://registry.yarnpkg.com/@hint/hint-content-type/-/hint-content-type-4.2.21.tgz#34d78957b3d601f8d761a3397064be00bdbbb69c"
    integrity sha512-uaRr1A559HlzXAadr+6rPc5u66aj4oH4cfVz1ezA6uVR53xFoMn6Prn3eW7hY7q7VCWMdathErH3c9Zvp8585Q==
    dependencies:
      "@hint/utils" "^7.0.19"
      "@hint/utils-debug" "^1.0.10"
      "@hint/utils-i18n" "^1.0.13"
      "@hint/utils-network" "^1.0.21"
      "@hint/utils-string" "^1.0.12"
      "@hint/utils-types" "^1.2.0"
      content-type "^1.0.4"
  
  "@hint/hint-create-element-svg@^1.3.21":
    version "1.3.21"
    resolved "https://registry.yarnpkg.com/@hint/hint-create-element-svg/-/hint-create-element-svg-1.3.21.tgz#3186f0fbca8647d586e6d4b0584952e000d98838"
    integrity sha512-bJL+rBC/ZfQZdggLtViKk9nV0MhB6MgrxwKlkq+4PAE8QCysB58BxTDIgWpe4u15M+LtFzvTrVT9bNMJNOd5yw==
    dependencies:
      "@hint/utils-debug" "^1.0.10"
      "@hint/utils-fs" "^1.0.14"
      "@hint/utils-i18n" "^1.0.13"
      "@hint/utils-types" "^1.2.0"
  
  "@hint/hint-css-prefix-order@^1.5.1":
    version "1.5.1"
    resolved "https://registry.yarnpkg.com/@hint/hint-css-prefix-order/-/hint-css-prefix-order-1.5.1.tgz#e5cbdd2c443f1aa13a440c1b84310c2eb82f9400"
    integrity sha512-mD7Qvc9zo8faiXAGQd4ob8mnKx3kxnBnV2AsOqsed5iTCAPs3Y7/h7LwZaG2TsMJwhPpOy+SRMw6Owr9hvzLAg==
    dependencies:
      "@hint/utils-css" "^1.0.13"
      "@hint/utils-debug" "^1.0.10"
      "@hint/utils-fs" "^1.0.14"
      "@hint/utils-i18n" "^1.0.13"
      "@hint/utils-types" "^1.2.0"
      postcss "^8.4.13"
  
  "@hint/hint-disown-opener@^4.0.17":
    version "4.0.17"
    resolved "https://registry.yarnpkg.com/@hint/hint-disown-opener/-/hint-disown-opener-4.0.17.tgz#db536be893af22d5551284dde33d44e18f451b7b"
    integrity sha512-5Crmmy5GBaHcPjXvqwWOv5CuxFtsEkcZzt55BDPh0VR6TmtSzuZLOqO7BCxVw6ujZLEOMqdnF6tPvlGVSjHKOA==
    dependencies:
      "@hint/utils-compat-data" "^1.1.10"
      "@hint/utils-debug" "^1.0.10"
      "@hint/utils-i18n" "^1.0.13"
      "@hint/utils-network" "^1.0.21"
      "@hint/utils-string" "^1.0.12"
      "@hint/utils-types" "^1.2.0"
  
  "@hint/hint-highest-available-document-mode@^5.0.17":
    version "5.0.17"
    resolved "https://registry.yarnpkg.com/@hint/hint-highest-available-document-mode/-/hint-highest-available-document-mode-5.0.17.tgz#4d29ca84664a75cf9933b13705735551f8f9282e"
    integrity sha512-FfpOc32LAFjdx8/AuyGwZs4wxKEwA6B6dq6vBdAl+Qr/t/pMDLYoV1FszJJxV0nbl6Q1Bcp++wTJJcIBM3sjWA==
    dependencies:
      "@hint/utils-i18n" "^1.0.13"
      "@hint/utils-network" "^1.0.21"
      "@hint/utils-string" "^1.0.12"
      "@hint/utils-types" "^1.2.0"
  
  "@hint/hint-html-checker@^3.3.21":
    version "3.3.21"
    resolved "https://registry.yarnpkg.com/@hint/hint-html-checker/-/hint-html-checker-3.3.21.tgz#5c5af1f3366ba2c010bc0fbe097981e49b3a8642"
    integrity sha512-+FvFm8p59GHwGddL0rdfInn+197qScj89vEjbucUCjnaPc+UB2TIQgvDf1ccoRN23jQ/v95uSe8qZ+SimI0tQg==
    dependencies:
      "@hint/utils" "^7.0.19"
      "@hint/utils-debug" "^1.0.10"
      "@hint/utils-i18n" "^1.0.13"
      "@hint/utils-network" "^1.0.21"
      "@hint/utils-types" "^1.2.0"
      lodash "^4.17.21"
  
  "@hint/hint-http-cache@^4.0.17":
    version "4.0.17"
    resolved "https://registry.yarnpkg.com/@hint/hint-http-cache/-/hint-http-cache-4.0.17.tgz#d13a673eb098e009f55b09f98b2130147d238487"
    integrity sha512-IERV3Vk7hKXWKgKGCN2c0kzIWvSjts2tMaWOllErcTd48Rdv7Nk2hJZMnY86xsl7HamgMZI68LoaWMi/CIUFBQ==
    dependencies:
      "@hint/utils-debug" "^1.0.10"
      "@hint/utils-i18n" "^1.0.13"
      "@hint/utils-network" "^1.0.21"
      "@hint/utils-types" "^1.2.0"
  
  "@hint/hint-http-compression@^5.2.21":
    version "5.2.21"
    resolved "https://registry.yarnpkg.com/@hint/hint-http-compression/-/hint-http-compression-5.2.21.tgz#1fcd5de25f5e3ecd24d3bd53971107bb0c1ba401"
    integrity sha512-78SmILcumQQu1XhfvizOTvwX9m8TW69MwW5WN7dY0u0IIQPe/4noB2aJkVHvQe65VTI0orFeU1NKdS5EiHLonQ==
    dependencies:
      "@hint/utils" "^7.0.19"
      "@hint/utils-i18n" "^1.0.13"
      "@hint/utils-network" "^1.0.21"
      "@hint/utils-string" "^1.0.12"
      "@hint/utils-types" "^1.2.0"
  
  "@hint/hint-image-optimization-cloudinary@^3.2.21":
    version "3.2.21"
    resolved "https://registry.yarnpkg.com/@hint/hint-image-optimization-cloudinary/-/hint-image-optimization-cloudinary-3.2.21.tgz#4e1f7f51633c84dd1e7a13b720d534e2c80a16d6"
    integrity sha512-oy7QaqwroM+JD2QCT14y1ug6zymWEXM6qHuCsCD1PhCBTvgy1IoubC2jy7G+8j6XmKaO5GlD//pJ8Y1x6jQLLA==
    dependencies:
      "@hint/utils" "^7.0.19"
      "@hint/utils-i18n" "^1.0.13"
      "@hint/utils-string" "^1.0.12"
      "@hint/utils-types" "^1.2.0"
      cloudinary "^1.28.1"
      fs-extra "^10.1.0"
      image-size "^1.0.1"
  
  "@hint/hint-leading-dot-classlist@^1.0.14":
    version "1.0.14"
    resolved "https://registry.yarnpkg.com/@hint/hint-leading-dot-classlist/-/hint-leading-dot-classlist-1.0.14.tgz#f7b5ad2f38b7b53b7ecd85884bc3806969eff3cc"
    integrity sha512-2sLj6e5IgktxqGXqpjzo7DOob2L1oyxs5PI0uEgNASlE2sf2bG8/dXUoUyE3Zmc+ZlrjnxACIfhYgHTs4+0mEQ==
    dependencies:
      "@hint/utils-debug" "^1.0.10"
      "@hint/utils-fs" "^1.0.14"
      "@hint/utils-i18n" "^1.0.13"
      "@hint/utils-types" "^1.2.0"
  
  "@hint/hint-manifest-app-name@^2.4.23":
    version "2.4.23"
    resolved "https://registry.yarnpkg.com/@hint/hint-manifest-app-name/-/hint-manifest-app-name-2.4.23.tgz#d0be0a46d8ff1728a31950663770613b1f9532b0"
    integrity sha512-dsDZqhUwMRf9y5Xmz8cJ/0DUyt35AXSrNOjsMIgUuTNVt1Yar20z6SysZTk/FWzRXdlayYcZzqNC9l7CCucvXg==
    dependencies:
      "@hint/utils-i18n" "^1.0.13"
      "@hint/utils-types" "^1.2.0"
      punycode "^2.1.1"
  
  "@hint/hint-manifest-exists@^2.4.23":
    version "2.4.23"
    resolved "https://registry.yarnpkg.com/@hint/hint-manifest-exists/-/hint-manifest-exists-2.4.23.tgz#e394aeb9ad253dace9b5df302024c8c1de8ba2aa"
    integrity sha512-yduuZDu/h51nBg4l98UawxO6nm71y9hkRi7wsqHqT4CKGRlBX9honYna6I5HpKRAGk58KLj6YNjhB3LESNZtEw==
    dependencies:
      "@hint/utils-i18n" "^1.0.13"
      "@hint/utils-string" "^1.0.12"
      "@hint/utils-types" "^1.2.0"
  
  "@hint/hint-manifest-file-extension@^3.0.18":
    version "3.0.18"
    resolved "https://registry.yarnpkg.com/@hint/hint-manifest-file-extension/-/hint-manifest-file-extension-3.0.18.tgz#b4af17f3a9ceb9796ce752d1f332a36f82d51f3c"
    integrity sha512-uJf2TYA0L9E8PT10/g8enzscnKkwWVmxxQeUlV0LOp5wio0rynNAAv+jE7h7SL+IgOMPo9m+tRHUzRs0lqhsbA==
    dependencies:
      "@hint/utils-fs" "^1.0.14"
      "@hint/utils-i18n" "^1.0.13"
      "@hint/utils-string" "^1.0.12"
      "@hint/utils-types" "^1.2.0"
  
  "@hint/hint-manifest-is-valid@^3.4.14":
    version "3.4.14"
    resolved "https://registry.yarnpkg.com/@hint/hint-manifest-is-valid/-/hint-manifest-is-valid-3.4.14.tgz#9e873fa77c16cc40071604ef7d4e031843bc2ed5"
    integrity sha512-8P6RoPaVfeWFZki5OC6rgV0D1zR3zXUcG84SGNUEeNeW7aDkTevZsGn8vorS23Djdu1IZ3W3XODA/IlWcSCjGQ==
    dependencies:
      "@hint/utils-compat-data" "^1.1.10"
      "@hint/utils-i18n" "^1.0.13"
      "@hint/utils-string" "^1.0.12"
      "@hint/utils-types" "^1.2.0"
      bcp47 "^1.1.2"
      color-string "^1.9.0"
  
  "@hint/hint-meta-charset-utf-8@^4.0.17":
    version "4.0.17"
    resolved "https://registry.yarnpkg.com/@hint/hint-meta-charset-utf-8/-/hint-meta-charset-utf-8-4.0.17.tgz#85e4c0f498ae1db932dd9e6781bf04192eb5e120"
    integrity sha512-c7FP8/w2K3U/A7mGLihW9pwTG5nQyP4k+dKcjRzOvK3Rl4ecG+KCk2BCbP/Nupa/nk6E9fI5KDNuNhiti1q7LQ==
    dependencies:
      "@hint/utils-i18n" "^1.0.13"
      "@hint/utils-string" "^1.0.12"
      "@hint/utils-types" "^1.2.0"
  
  "@hint/hint-meta-viewport@^5.0.17":
    version "5.0.17"
    resolved "https://registry.yarnpkg.com/@hint/hint-meta-viewport/-/hint-meta-viewport-5.0.17.tgz#c9334a390983fe913b4f15181b17fa9d326a01cf"
    integrity sha512-8265mtCWwok19SqOQye+4jx3MhdIhczTUW0rpQj3+dvPzQ6nBo8ejar4RUspuR+zSGnvVLAK0wt0fY5gqrwAAw==
    dependencies:
      "@hint/utils-i18n" "^1.0.13"
      "@hint/utils-string" "^1.0.12"
      "@hint/utils-types" "^1.2.0"
      metaviewport-parser "^0.2.0"
  
  "@hint/hint-no-bom@^4.2.21":
    version "4.2.21"
    resolved "https://registry.yarnpkg.com/@hint/hint-no-bom/-/hint-no-bom-4.2.21.tgz#01507888cc83d74b5098e4c7ecee1f0bdd8924ec"
    integrity sha512-xitUpXgy+8hvHm2ssGN83clgNTxk/qaJGx+SkaxdgScUWxGoAVwu2tVofwdPwBNle/zbuhjpGRHW02HWW46NJw==
    dependencies:
      "@hint/utils" "^7.0.19"
      "@hint/utils-debug" "^1.0.10"
      "@hint/utils-i18n" "^1.0.13"
      "@hint/utils-network" "^1.0.21"
      "@hint/utils-types" "^1.2.0"
  
  "@hint/hint-no-disallowed-headers@^3.1.16":
    version "3.1.16"
    resolved "https://registry.yarnpkg.com/@hint/hint-no-disallowed-headers/-/hint-no-disallowed-headers-3.1.16.tgz#330c1a3ae7db77ac8394f38376b7f0382798e83e"
    integrity sha512-Udc/gli33WTj5Posz8rrArj8opf7PTRYiXyVY88I2QnuzDUQEFE4tBknzneEkJDFrCjWL4/yWkvZIg9BI1J0IQ==
    dependencies:
      "@hint/utils-debug" "^1.0.10"
      "@hint/utils-i18n" "^1.0.13"
      "@hint/utils-network" "^1.0.21"
      "@hint/utils-string" "^1.0.12"
      "@hint/utils-types" "^1.2.0"
  
  "@hint/hint-no-friendly-error-pages@^3.3.21":
    version "3.3.21"
    resolved "https://registry.yarnpkg.com/@hint/hint-no-friendly-error-pages/-/hint-no-friendly-error-pages-3.3.21.tgz#3a63d97d6a735a0ef631a0a9b67498cf28ffd6ba"
    integrity sha512-4RYow+jRXJcOkhf2H09Jk1M9B03rzbG6qcNIDQ4jJJh7Ip2F+kavgtvRFGEmhc+iuMlaARlepGahMdGWK/NGFQ==
    dependencies:
      "@hint/utils-debug" "^1.0.10"
      "@hint/utils-i18n" "^1.0.13"
      "@hint/utils-network" "^1.0.21"
      "@hint/utils-types" "^1.2.0"
  
  "@hint/hint-no-html-only-headers@^3.0.17":
    version "3.0.17"
    resolved "https://registry.yarnpkg.com/@hint/hint-no-html-only-headers/-/hint-no-html-only-headers-3.0.17.tgz#8fbf39b0c9581b72110389fd13a8f6f2495d58c9"
    integrity sha512-H5Ao8LXew32cgO8nkhTabmNcY9ZKm/vaQReeiZHmTCvdzO5GRC6vuzxJS/r78pjDB4LpljSSGZjfRVj2G9WKqg==
    dependencies:
      "@hint/utils-debug" "^1.0.10"
      "@hint/utils-i18n" "^1.0.13"
      "@hint/utils-network" "^1.0.21"
      "@hint/utils-string" "^1.0.12"
      "@hint/utils-types" "^1.2.0"
  
  "@hint/hint-no-http-redirects@^3.0.17":
    version "3.0.17"
    resolved "https://registry.yarnpkg.com/@hint/hint-no-http-redirects/-/hint-no-http-redirects-3.0.17.tgz#623329d9d644c3e64ca4369238537dd6dfaafbf4"
    integrity sha512-WlM5pnpDyeapobahFYbyJb9jt1VbH1BA6DHqCYCS7Mgkfa2wq01VqfluPRv8Saf09uj1Sd0E02oRyy8lw1xryQ==
    dependencies:
      "@hint/utils-i18n" "^1.0.13"
      "@hint/utils-types" "^1.2.0"
  
  "@hint/hint-no-inline-styles@^1.0.13":
    version "1.0.13"
    resolved "https://registry.yarnpkg.com/@hint/hint-no-inline-styles/-/hint-no-inline-styles-1.0.13.tgz#7ff8c25ceaef18cfdb78741a02738fa2e0de9084"
    integrity sha512-LDBEzuh1agzBKHVBQJ8R+yVqU6QT0cmFCDQ3kcG3DNQhT7SwKQaQYQmJ8eGOWqxIsYzYKj70aeHgiE9lJGLW+A==
    dependencies:
      "@hint/utils-debug" "^1.0.10"
      "@hint/utils-i18n" "^1.0.13"
      "@hint/utils-types" "^1.2.0"
  
  "@hint/hint-no-protocol-relative-urls@^3.1.1":
    version "3.1.1"
    resolved "https://registry.yarnpkg.com/@hint/hint-no-protocol-relative-urls/-/hint-no-protocol-relative-urls-3.1.1.tgz#92f05204eded87011b5f96cc4e3a721acc6b61d0"
    integrity sha512-soexhsD1X/JCS8Wqn6OKPDdq0PhI7fvQpNvzVOKablsgRgS8iih+Zb0Chj1rLdLPZpr8PIExqQP7ILa1ZOeTPw==
    dependencies:
      "@hint/utils-debug" "^1.0.10"
      "@hint/utils-i18n" "^1.0.13"
      "@hint/utils-network" "^1.0.21"
      "@hint/utils-string" "^1.0.12"
      "@hint/utils-types" "^1.2.0"
  
  "@hint/hint-no-vulnerable-javascript-libraries@^2.12.16":
    version "2.12.16"
    resolved "https://registry.yarnpkg.com/@hint/hint-no-vulnerable-javascript-libraries/-/hint-no-vulnerable-javascript-libraries-2.12.16.tgz#59b2bcb651384251bc999cb75ae51a5307d2b8d1"
    integrity sha512-Xhsa3s4Z3qovKv7y9AmmAAXmMxciMVzHzYo1MmbNpS7uf4yDZX4gIoyzsGHEC8LDI12vtJrTk/re+N8kZARBNg==
    dependencies:
      "@hint/utils" "^7.0.19"
      "@hint/utils-debug" "^1.0.10"
      "@hint/utils-fs" "^1.0.14"
      "@hint/utils-i18n" "^1.0.13"
      "@hint/utils-network" "^1.0.21"
      "@hint/utils-types" "^1.2.0"
      js-library-detector "^6.5.0"
      lodash "^4.17.21"
      semver "^7.3.5"
  
  "@hint/hint-scoped-svg-styles@^1.3.21":
    version "1.3.21"
    resolved "https://registry.yarnpkg.com/@hint/hint-scoped-svg-styles/-/hint-scoped-svg-styles-1.3.21.tgz#ed28b826b5833d7a90c68aacf13fa9f9df7d14ff"
    integrity sha512-6E2CyCMpZL4ZSxXjW8JPfZ0tFsbfVFyeP7V5nakieZVSA/BwBA/Xi6MSiVxU5suVSXE1kXYhRnwsvy+KEVkrwg==
    dependencies:
      "@hint/utils-css" "^1.0.13"
      "@hint/utils-debug" "^1.0.10"
      "@hint/utils-fs" "^1.0.14"
      "@hint/utils-i18n" "^1.0.13"
      "@hint/utils-types" "^1.2.0"
  
  "@hint/hint-sri@^4.0.17":
    version "4.0.17"
    resolved "https://registry.yarnpkg.com/@hint/hint-sri/-/hint-sri-4.0.17.tgz#050b4b5529ca874f45051a4aeb36da4820579fd1"
    integrity sha512-p6GhEeIke2wAh1OOdhb/oD0fO7CvtYEGA8P0bGh4hbJEvKtAVZIi7qKOtwdFAx5QFq5i7tUHHi5As6HqAKxZFw==
    dependencies:
      "@hint/utils-debug" "^1.0.10"
      "@hint/utils-fs" "^1.0.14"
      "@hint/utils-i18n" "^1.0.13"
      "@hint/utils-network" "^1.0.21"
      "@hint/utils-string" "^1.0.12"
      "@hint/utils-types" "^1.2.0"
  
  "@hint/hint-ssllabs@^2.4.21":
    version "2.4.21"
    resolved "https://registry.yarnpkg.com/@hint/hint-ssllabs/-/hint-ssllabs-2.4.21.tgz#d1bcf553f391c6d0620dad4869fdecebbfe10c2b"
    integrity sha512-dPOMerTvBKWSjZ38ZSizz4wq6q+9h4pDjY4V6rxlhLooBZzea3oujA/QEi5Sb5uX8Iwrb85ShlfNHn3L6kTZUQ==
    dependencies:
      "@hint/utils" "^7.0.19"
      "@hint/utils-debug" "^1.0.10"
      "@hint/utils-i18n" "^1.0.13"
      "@hint/utils-network" "^1.0.21"
      "@hint/utils-types" "^1.2.0"
      got "^11.8.3"
  
  "@hint/hint-strict-transport-security@^3.0.17":
    version "3.0.17"
    resolved "https://registry.yarnpkg.com/@hint/hint-strict-transport-security/-/hint-strict-transport-security-3.0.17.tgz#4875e5d220c9ad0b3b46731f820bc8671b425d4f"
    integrity sha512-yLscNVZWrVd8Vs28sjXNYiA0x1vN9clStOcDXQAmZTw3Qy4CcsfMbS1Y8zYU3pWg6B3m5WURQx7akMEyj8YvXA==
    dependencies:
      "@hint/utils-debug" "^1.0.10"
      "@hint/utils-i18n" "^1.0.13"
      "@hint/utils-network" "^1.0.21"
      "@hint/utils-string" "^1.0.12"
      "@hint/utils-types" "^1.2.0"
  
  "@hint/hint-stylesheet-limits@^3.3.21":
    version "3.3.21"
    resolved "https://registry.yarnpkg.com/@hint/hint-stylesheet-limits/-/hint-stylesheet-limits-3.3.21.tgz#aed0e177236fbdeff0c51583274acbd9f8fbc815"
    integrity sha512-fabJFCEQCa8bOmHR/7FjQtKTt6oixe8uJCxGE2sV3ld6PEPLDPpnyMltS0cf2+X8JqBN3SZl7prFgve7rdLoCQ==
    dependencies:
      "@hint/utils-i18n" "^1.0.13"
      "@hint/utils-types" "^1.2.0"
  
  "@hint/hint-typescript-config@^2.5.9":
    version "2.5.9"
    resolved "https://registry.yarnpkg.com/@hint/hint-typescript-config/-/hint-typescript-config-2.5.9.tgz#bc2120a77040775409e6534aac6989020c9412ef"
    integrity sha512-806gbRZNwtcvi2iZr0EVvoe9+XlPO6RYC62oaEXfFUlLiRI9v78nti2C2zW0LzkG7DZormoFCkPn2913IYGxTQ==
    dependencies:
      "@hint/utils" "^7.0.19"
      "@hint/utils-debug" "^1.0.10"
      "@hint/utils-i18n" "^1.0.13"
      "@hint/utils-types" "^1.2.0"
  
  "@hint/hint-validate-set-cookie-header@^3.0.17":
    version "3.0.17"
    resolved "https://registry.yarnpkg.com/@hint/hint-validate-set-cookie-header/-/hint-validate-set-cookie-header-3.0.17.tgz#5d33456a9eec5a503711bb77e8bd6f4b4cd7c640"
    integrity sha512-VOKXnzmvM3NGRDvnOpJF7m+DRRbu3u2qzrfhmQeKSqX1KIoV88xokPqDb241xoIQEWPmDCsrQdW+l4vy3fzxaw==
    dependencies:
      "@hint/utils-debug" "^1.0.10"
      "@hint/utils-i18n" "^1.0.13"
      "@hint/utils-network" "^1.0.21"
      "@hint/utils-string" "^1.0.12"
      "@hint/utils-types" "^1.2.0"
  
  "@hint/hint-webpack-config@^2.4.23":
    version "2.4.23"
    resolved "https://registry.yarnpkg.com/@hint/hint-webpack-config/-/hint-webpack-config-2.4.23.tgz#13914ea657e23ff94f7f22bbbbd0bbee87a8581f"
    integrity sha512-zhP9zvVt55+ya4pMzLoq7+ySwh70uBl9B8fXl+x3bO4AHP+r4jwQDmmvVSIiwsjoE0FqePnKRwnyWGO92qtzAQ==
    dependencies:
      "@hint/utils-debug" "^1.0.10"
      "@hint/utils-i18n" "^1.0.13"
      "@hint/utils-types" "^1.2.0"
  
  "@hint/hint-x-content-type-options@^4.0.17":
    version "4.0.17"
    resolved "https://registry.yarnpkg.com/@hint/hint-x-content-type-options/-/hint-x-content-type-options-4.0.17.tgz#c256946afa32d1cff8c4a8a573ff9ddf33aa4604"
    integrity sha512-6DR4QQ5LuDyAW4kvkGI6dog1yOnxNEbADoeJtRy3EBAqNLOHp9+bQeeU1di/lNnrZsNnS115z4XEWHvzOx8W0A==
    dependencies:
      "@hint/utils-debug" "^1.0.10"
      "@hint/utils-i18n" "^1.0.13"
      "@hint/utils-network" "^1.0.21"
      "@hint/utils-string" "^1.0.12"
      "@hint/utils-types" "^1.2.0"
  
  "@hint/parser-babel-config@^2.1.37":
    version "2.1.37"
    resolved "https://registry.yarnpkg.com/@hint/parser-babel-config/-/parser-babel-config-2.1.37.tgz#68eeca2738bcd41bb803da4e7ff776f64ea20821"
    integrity sha512-ixneWb2S8NyZMdGJKytfBnVgokljJdX/InHTTmrvykynl+9IDsDQA/fZnnNY3amPSd9kLgv9oHCZDw2iEE5oyw==
    dependencies:
      "@hint/utils-fs" "^1.0.14"
      "@hint/utils-json" "^1.0.22"
      "@hint/utils-network" "^1.0.21"
      lodash "^4.17.21"
  
  "@hint/parser-css@^3.0.34":
    version "3.0.34"
    resolved "https://registry.yarnpkg.com/@hint/parser-css/-/parser-css-3.0.34.tgz#4b9b9ba1ddf91f2484bfab7eec79c20121587191"
    integrity sha512-tYZSgKo3R00KJ2WnIZNvVo8rs4rA5A2Tvq1ECwi2QXXM2qvD6bM5gnLRgrVfCsW3EfuWMKr5QccSzV0DlmnOhA==
    dependencies:
      "@hint/utils" "^7.0.19"
      "@hint/utils-string" "^1.0.12"
      postcss "^8.4.13"
      postcss-safe-parser "^6.0.0"
  
  "@hint/parser-html@^3.1.0":
    version "3.1.0"
    resolved "https://registry.yarnpkg.com/@hint/parser-html/-/parser-html-3.1.0.tgz#fdffeed26e38c042c31ed09ee72bc9b3ca34bad9"
    integrity sha512-M46xEShPk5PdrEJCE5OYdrqwuS4GMqeRCvckBOOUQD5v2BDWezQymtg4R3c5UFXatOY+fdM0EYV4q1UVl9A2HQ==
    dependencies:
      "@hint/utils-dom" "^2.2.0"
  
  "@hint/parser-javascript@^3.1.20":
    version "3.1.20"
    resolved "https://registry.yarnpkg.com/@hint/parser-javascript/-/parser-javascript-3.1.20.tgz#58ae100393096daee25fc73db712cc0251a08e29"
    integrity sha512-q+IlxOT9zSZuF9zjITAktgOtGm04Guz5tZFCT/wbMNSPeXkEF9A9efNbZwF9m+lsRHh/QnSX0FyuX+WLY0oPgw==
    dependencies:
      "@hint/utils" "^7.0.19"
      "@hint/utils-debug" "^1.0.10"
      "@types/estree-jsx" "^0.0.1"
      acorn "^8.7.1"
      acorn-jsx "^5.3.2"
      acorn-jsx-walk "^2.0.0"
      acorn-walk "^8.2.0"
  
  "@hint/parser-jsx@^1.1.1":
    version "1.1.1"
    resolved "https://registry.yarnpkg.com/@hint/parser-jsx/-/parser-jsx-1.1.1.tgz#9d2cb8d22a7cab0ee572a17668cabacddc4b90db"
    integrity sha512-aeVw6RzQIE5T5x8/rHzOAce1LN0DRvFd1wgK38iGIv9ZhzR3D1vdMClOOy+ONO9j2L1y8Muff7no7vdDwyDRDw==
    dependencies:
      "@hint/utils-debug" "^1.0.10"
      "@hint/utils-dom" "^2.2.0"
      parse5 "^6.0.1"
      parse5-htmlparser2-tree-adapter "^6.0.1"
  
  "@hint/parser-less@^1.0.26":
    version "1.0.26"
    resolved "https://registry.yarnpkg.com/@hint/parser-less/-/parser-less-1.0.26.tgz#a3f450e9c35fbfd9e17301acd7e5d53402e0b22e"
    integrity sha512-4jiiA4yBZQDOR7Z9WeR30wwyjhVMtgtiyCz69HonqhyR8dYWJhwgRl+g29a+JoIgw312G2Lht+PG51isfMC6Zg==
    dependencies:
      "@hint/utils-debug" "^1.0.10"
      "@hint/utils-string" "^1.0.12"
      postcss "^8.4.13"
      postcss-less "^5.0.0"
  
  "@hint/parser-manifest@^2.3.14":
    version "2.3.14"
    resolved "https://registry.yarnpkg.com/@hint/parser-manifest/-/parser-manifest-2.3.14.tgz#312fa43376f3afe6b935ad874a3f625f3f04824c"
    integrity sha512-8qQzkavNEcgeJKtBjVr0dseNQ4xgR0n+amLWhQgpl1vZ2qvCdHBMaPGrIHUt+jXWHZ/hVuqhk/JRFQh9tJ9pUQ==
    dependencies:
      "@hint/utils-json" "^1.0.22"
      "@hint/utils-network" "^1.0.21"
      "@hint/utils-string" "^1.0.12"
      "@hint/utils-types" "^1.2.0"
  
  "@hint/parser-sass@^1.0.26":
    version "1.0.26"
    resolved "https://registry.yarnpkg.com/@hint/parser-sass/-/parser-sass-1.0.26.tgz#025a4306804cb20402844bf9df8a2d05bc1adbb2"
    integrity sha512-yQrX28WZLGA3L/bdvV39lsvvzWulJh9Bbe/YKoMgRLZInE0OsN7l6O2xCRbcUPlJhwhSkid+EZYqXMDBc1qx8g==
    dependencies:
      "@hint/utils-debug" "^1.0.10"
      "@hint/utils-string" "^1.0.12"
      postcss "^8.4.13"
      postcss-sass "^0.5.0"
      postcss-scss "^4.0.4"
  
  "@hint/parser-typescript-config@^2.4.24":
    version "2.4.24"
    resolved "https://registry.yarnpkg.com/@hint/parser-typescript-config/-/parser-typescript-config-2.4.24.tgz#124b35ee4fa1213f18d838ad82b2a8d0bc238cd5"
    integrity sha512-/ZMkTbe8/T6AEbwhMHsvl8ZtEOoo44KXvnpM5m3eTmvMDp2e7xJwuPhTt36908dtkHwGUe9JYQlpXhrHgsxNZQ==
    dependencies:
      "@hint/utils-fs" "^1.0.14"
      "@hint/utils-json" "^1.0.22"
      "@hint/utils-network" "^1.0.21"
      lodash "^4.17.21"
  
  "@hint/parser-typescript@^1.0.21":
    version "1.0.21"
    resolved "https://registry.yarnpkg.com/@hint/parser-typescript/-/parser-typescript-1.0.21.tgz#585c75dd03980fcc42f642e842b241a2018a421f"
    integrity sha512-vCU5/Yc6Qy45XHDV+iZHUmGle6Odh5AT94sHL7oJS1ff1hjVj0Xr++Cd2B+4z+j24dpRBXZv901cLKsq8E6kZg==
    dependencies:
      "@hint/parser-javascript" "^3.1.20"
      "@hint/utils-debug" "^1.0.10"
      "@typescript-eslint/typescript-estree" "^5.17.0"
  
  "@hint/parser-webpack-config@^2.1.36":
    version "2.1.36"
    resolved "https://registry.yarnpkg.com/@hint/parser-webpack-config/-/parser-webpack-config-2.1.36.tgz#936c7eb6ebc82f2c06db64462687550e204bf68e"
    integrity sha512-bLiIzNlGhYqiEhHSn8pJZYMii2rsHC2/Pj9UT1sxBRguBAYK8AZeBDTx1PhiWu0T0VATFPDSWdSnjrKPtzt18A==
    dependencies:
      "@hint/utils" "^7.0.19"
      "@hint/utils-network" "^1.0.21"
  
  "@hint/utils-compat-data@^1.1.10":
    version "1.1.10"
    resolved "https://registry.yarnpkg.com/@hint/utils-compat-data/-/utils-compat-data-1.1.10.tgz#b2162f26f30c7f5100373ea825e613f1a534be5d"
    integrity sha512-+KsalDPu2KcQVlBZONTU7Guxq9uTgLGXHVGK7GSweVy+zioZK/FJyNHEAVc0ydG8JHQojGmQWPmsRhMKmvzqIw==
    dependencies:
      "@hint/utils-css" "^1.0.13"
      "@mdn/browser-compat-data" "^4.1.10"
      mdn-data "^2.0.27"
      postcss-selector-parser "^6.0.8"
      postcss-value-parser "^4.2.0"
      semver "^7.3.5"
  
  "@hint/utils-connector-tools@^4.0.36":
    version "4.0.36"
    resolved "https://registry.yarnpkg.com/@hint/utils-connector-tools/-/utils-connector-tools-4.0.36.tgz#507f00f9c361ffe674a646c09def50826dc4e1cc"
    integrity sha512-uDBQ9dLFTzmTXdzh42YlkAf9ck2vxxeRawtdOdz+2XpWyn46RxwU8qKvpmReDDkr2/4kiurpgDJhTp2Ii0jjkA==
    dependencies:
      "@hint/utils" "^7.0.19"
      "@hint/utils-debug" "^1.0.10"
      "@hint/utils-network" "^1.0.21"
      "@hint/utils-string" "^1.0.12"
      "@hint/utils-types" "^1.2.0"
      data-urls "^3.0.2"
      iconv-lite "^0.6.3"
      request "^2.88.2"
  
  "@hint/utils-css@^1.0.13":
    version "1.0.13"
    resolved "https://registry.yarnpkg.com/@hint/utils-css/-/utils-css-1.0.13.tgz#e4c165d9a00e9bd24523dda378dbd64f12c817cc"
    integrity sha512-PTl8foymofLcVKrmM4HY7fCouf7YMzlx+GPbz6+GqGF0XJo67eRK1hNhSw8ZHB6Iub4oPdeP8wIY5syLAD25kg==
  
  "@hint/utils-debug@^1.0.10":
    version "1.0.10"
    resolved "https://registry.yarnpkg.com/@hint/utils-debug/-/utils-debug-1.0.10.tgz#6dfc66c60e2979826c69132703c20a56638d4cee"
    integrity sha512-OB3B0I4nv7HwH+hmYp97qiw+P6r4X8hgjnKBUZgotuPd4pib7VVFLXwhjQH7cjU8QSXqXOGbNjOmRZSwcTa61g==
    dependencies:
      debug "4.3.4"
  
  "@hint/utils-dom@^2.2.0":
    version "2.2.0"
    resolved "https://registry.yarnpkg.com/@hint/utils-dom/-/utils-dom-2.2.0.tgz#34aa6be441b2a775b0aab2f4790eabbd9e741d1a"
    integrity sha512-w8aREhAFyBLk/F/mtnupAhBQP4PWhLzCwneyuiW0kF45MekYB1sZyR/eo/CjyyoWFB68f61kO8BUc3Xtkst4ag==
    dependencies:
      "@hint/utils-debug" "^1.0.10"
      "@hint/utils-types" "^1.2.0"
      "@types/parse5" "^6.0.3"
      css-select "^4.3.0"
      eventemitter2 "^6.4.5"
      parse5 "^6.0.1"
      parse5-htmlparser2-tree-adapter "^6.0.1"
  
  "@hint/utils-fs@^1.0.14":
    version "1.0.14"
    resolved "https://registry.yarnpkg.com/@hint/utils-fs/-/utils-fs-1.0.14.tgz#4d2fa00f9d270b15112b3e32d19bc1bc3d6b5b2c"
    integrity sha512-BKaFl1bVayHV6K2fzAm3bERzyUsjGi7PSSSYo6knKP7BH/iIfQIFZXU0+ozsy8XRNfCC4PCrLNkeorNdUsML6g==
    dependencies:
      jsonc-parser "^3.0.0"
  
  "@hint/utils-i18n@^1.0.13":
    version "1.0.13"
    resolved "https://registry.yarnpkg.com/@hint/utils-i18n/-/utils-i18n-1.0.13.tgz#689df1c7808fdf64a3dee21437fe3ff8535e9e20"
    integrity sha512-nLvD+qSza5DRAAJ28lNNvl4+pzAD0Dal9RnZioXlaeP6fL7DmNDnp8xqGnvvfIll1+Zon9L97uGsVWKxZ3jIjA==
    dependencies:
      "@hint/utils-types" "^1.2.0"
  
  "@hint/utils-json@^1.0.22":
    version "1.0.22"
    resolved "https://registry.yarnpkg.com/@hint/utils-json/-/utils-json-1.0.22.tgz#0c6938e7426667e87bfcbd4ed8a8a628347571e0"
    integrity sha512-x0GwENoMCFSWj2aHV900gkZui3/ysxtBdh9gPGFpvJ3v+6Bz2DfpAP+Wo+sB7W0PfcP3kNRCo+TQBMW6B9oMNw==
    dependencies:
      "@hint/utils-fs" "^1.0.14"
      "@hint/utils-network" "^1.0.21"
      "@hint/utils-types" "^1.2.0"
      ajv "^8.11.0"
      ajv-formats "^2.1.1"
      jsonc-parser "^3.0.0"
      lodash "^4.17.21"
  
  "@hint/utils-network@^1.0.21":
    version "1.0.21"
    resolved "https://registry.yarnpkg.com/@hint/utils-network/-/utils-network-1.0.21.tgz#f43932c7f72e5a0dbc1bfc5d2787cef70d424927"
    integrity sha512-LL63EOGnP6iJYLDZE9M54UhpJFQZg4vH9ispzrS7ayAVR7jg+GysRXhIReCpuhkxz0rSYDQ1AuaTV7JUP+H0Tw==
    dependencies:
      "@hint/utils" "^7.0.19"
      "@hint/utils-debug" "^1.0.10"
      "@hint/utils-fs" "^1.0.14"
      "@hint/utils-string" "^1.0.12"
      "@hint/utils-types" "^1.2.0"
      content-type "^1.0.4"
      lodash "^4.17.21"
      request "^2.88.2"
  
  "@hint/utils-string@^1.0.12":
    version "1.0.12"
    resolved "https://registry.yarnpkg.com/@hint/utils-string/-/utils-string-1.0.12.tgz#b3931d97eba7fa599cc02312bc4667bdb6855476"
    integrity sha512-Rt/vhjsZZc7mHLPVr8JYCRpSQs+AV/e2NsEfSUJoHZrv9ZMLuPLGW1RobEBod3S6k7mvCcJM5Ekwre9PyyLcnA==
  
  "@hint/utils-types@^1.2.0":
    version "1.2.0"
    resolved "https://registry.yarnpkg.com/@hint/utils-types/-/utils-types-1.2.0.tgz#2ee56b71682deea1eb06862d8305f83b33e64ea2"
    integrity sha512-ZXxdw1jh4oYMmzFIxpVRqSNhbx5bzOxumn4K+5thbhuGOJE5BUZVWNNa18My0ktdTl5IpMjCNVDhQeZRQxQT1w==
  
  "@hint/utils@^7.0.19":
    version "7.0.19"
    resolved "https://registry.yarnpkg.com/@hint/utils/-/utils-7.0.19.tgz#e24eec4ca21385cb2cd3e433aa2376c10d29b545"
    integrity sha512-hmAxtF68Z2JKVJBW9X15u/ExAw1mRedN4IS4hNgwRc3oaNQSxSLkyQRWkQiXpxEOSrGYogI/bErx7FISAbr+IA==
    dependencies:
      "@hint/utils-debug" "^1.0.10"
      "@hint/utils-fs" "^1.0.14"
      "@hint/utils-string" "^1.0.12"
      chalk "^4.1.2"
      configstore "^5.0.1"
      content-type "^1.0.4"
      eventemitter2 "^6.4.5"
      file-type "^16.5.3"
      globby "^11.0.4"
      is-svg "^4.3.2"
      is-wsl "^2.2.0"
      lodash "^4.17.21"
      npm-registry-fetch "^13.1.1"
      semver "^7.3.5"
  
  "@iconify/iconify@2.0.2":
    version "2.0.2"
    resolved "https://registry.yarnpkg.com/@iconify/iconify/-/iconify-2.0.2.tgz#8e8be6c8f20042ab69324bc6db6fc884be98b418"
    integrity sha512-m3MDKXYRRsrVLZFFUkSaTv9/jTk0sLOlIhlmupj2/VhHnZt0i3ACyUD7rx/Vd5bLvtotrHaT5e/ZOLP7uiFmKQ==
    dependencies:
      cross-fetch "^3.0.6"
  
  "@iconify/iconify@2.1.2":
    version "2.1.2"
    resolved "https://registry.yarnpkg.com/@iconify/iconify/-/iconify-2.1.2.tgz#978e8f08c3b834816c82ae2933b3a70f143f7685"
    integrity sha512-QcUzFeEWkE/mW+BVtEGmcWATClcCOIJFiYUD/PiCWuTcdEA297o8D4oN6Ra44WrNOHu1wqNW4J0ioaDIiqaFOQ==
    dependencies:
      cross-fetch "^3.1.5"
  
  "@iconify/iconify@>=2.0.0-rc.6":
    version "2.2.1"
    resolved "https://registry.yarnpkg.com/@iconify/iconify/-/iconify-2.2.1.tgz#03ad4d8554c6f2d7741d3b9440115efa0c707b37"
    integrity sha512-WJzw+3iicrF/tbjbxxRinSgy5FHdJoz/egTqwi3xCDkNRJPq482RX1iyaWrjNuY2vMNSPkQMuqHvZDXgA+WnwQ==
  
  "@iconify/json@1.1.359":
    version "1.1.359"
    resolved "https://registry.yarnpkg.com/@iconify/json/-/json-1.1.359.tgz#283a7a1a8557f695d435f655458ad3e4ac785f76"
    integrity sha512-3yewVDlIDMBkbl3vAGFMuqywj2MwnKrAuST9OsIqipQu5v0r1cpvwt5VvalY/RvYE80Z0hO4rOzwCIaDdMhgsw==
  
  "@jridgewell/gen-mapping@^0.1.0":
    version "0.1.1"
    resolved "https://registry.yarnpkg.com/@jridgewell/gen-mapping/-/gen-mapping-0.1.1.tgz#e5d2e450306a9491e3bd77e323e38d7aff315996"
    integrity sha512-sQXCasFk+U8lWYEe66WxRDOE9PjVz4vSM51fTu3Hw+ClTpUSQb718772vH3pyS5pShp6lvQM7SxgIDXXXmOX7w==
    dependencies:
      "@jridgewell/set-array" "^1.0.0"
      "@jridgewell/sourcemap-codec" "^1.4.10"
  
  "@jridgewell/gen-mapping@^0.3.2":
    version "0.3.2"
    resolved "https://registry.yarnpkg.com/@jridgewell/gen-mapping/-/gen-mapping-0.3.2.tgz#c1aedc61e853f2bb9f5dfe6d4442d3b565b253b9"
    integrity sha512-mh65xKQAzI6iBcFzwv28KVWSmCkdRBWoOh+bYQGW3+6OZvbbN3TqMGo5hqYxQniRcH9F2VZIoJCm4pa3BPDK/A==
    dependencies:
      "@jridgewell/set-array" "^1.0.1"
      "@jridgewell/sourcemap-codec" "^1.4.10"
      "@jridgewell/trace-mapping" "^0.3.9"
  
  "@jridgewell/resolve-uri@^3.0.3":
    version "3.1.0"
    resolved "https://registry.yarnpkg.com/@jridgewell/resolve-uri/-/resolve-uri-3.1.0.tgz#2203b118c157721addfe69d47b70465463066d78"
    integrity sha512-F2msla3tad+Mfht5cJq7LSXcdudKTWCVYUgw6pLFOOHSTtZlj6SWNYAp+AhuqLmWdBO2X5hPrLcu8cVP8fy28w==
  
  "@jridgewell/set-array@^1.0.0", "@jridgewell/set-array@^1.0.1":
    version "1.1.2"
    resolved "https://registry.yarnpkg.com/@jridgewell/set-array/-/set-array-1.1.2.tgz#7c6cf998d6d20b914c0a55a91ae928ff25965e72"
    integrity sha512-xnkseuNADM0gt2bs+BvhO0p78Mk762YnZdsuzFV018NoG1Sj1SCQvpSqa7XUaTam5vAGasABV9qXASMKnFMwMw==
  
  "@jridgewell/sourcemap-codec@^1.4.10":
    version "1.4.14"
    resolved "https://registry.yarnpkg.com/@jridgewell/sourcemap-codec/-/sourcemap-codec-1.4.14.tgz#add4c98d341472a289190b424efbdb096991bb24"
    integrity sha512-XPSJHWmi394fuUuzDnGz1wiKqWfo1yXecHQMRf2l6hztTO+nPru658AyDngaBe7isIxEkRsPR3FZh+s7iVa4Uw==
  
  "@jridgewell/trace-mapping@^0.3.9":
    version "0.3.15"
    resolved "https://registry.yarnpkg.com/@jridgewell/trace-mapping/-/trace-mapping-0.3.15.tgz#aba35c48a38d3fd84b37e66c9c0423f9744f9774"
    integrity sha512-oWZNOULl+UbhsgB51uuZzglikfIKSUBO/M9W2OfEjn7cmqoAiCgmv9lyACTUacZwBz0ITnJ2NqjU8Tx0DHL88g==
    dependencies:
      "@jridgewell/resolve-uri" "^3.0.3"
      "@jridgewell/sourcemap-codec" "^1.4.10"
  
  "@mapbox/node-pre-gyp@^1.0.0":
    version "1.0.9"
    resolved "https://registry.yarnpkg.com/@mapbox/node-pre-gyp/-/node-pre-gyp-1.0.9.tgz#09a8781a3a036151cdebbe8719d6f8b25d4058bc"
    integrity sha512-aDF3S3rK9Q2gey/WAttUlISduDItz5BU3306M9Eyv6/oS40aMprnopshtlKTykxRNIBEZuRMaZAnbrQ4QtKGyw==
    dependencies:
      detect-libc "^2.0.0"
      https-proxy-agent "^5.0.0"
      make-dir "^3.1.0"
      node-fetch "^2.6.7"
      nopt "^5.0.0"
      npmlog "^5.0.1"
      rimraf "^3.0.2"
      semver "^7.3.5"
      tar "^6.1.11"
  
  "@mdn/browser-compat-data@^4.1.10":
    version "4.2.1"
    resolved "https://registry.yarnpkg.com/@mdn/browser-compat-data/-/browser-compat-data-4.2.1.tgz#1fead437f3957ceebe2e8c3f46beccdb9bc575b8"
    integrity sha512-EWUguj2kd7ldmrF9F+vI5hUOralPd+sdsUnYbRy33vZTuZkduC1shE9TtEMEjAQwyfyMb4ole5KtjF8MsnQOlA==
  
  "@nodelib/fs.scandir@2.1.5":
    version "2.1.5"
    resolved "https://registry.yarnpkg.com/@nodelib/fs.scandir/-/fs.scandir-2.1.5.tgz#7619c2eb21b25483f6d167548b4cfd5a7488c3d5"
    integrity sha512-vq24Bq3ym5HEQm2NKCr3yXDwjc7vTsEThRDnkp2DK9p1uqLR+DHurm/NOTo0KG7HYHU7eppKZj3MyqYuMBf62g==
    dependencies:
      "@nodelib/fs.stat" "2.0.5"
      run-parallel "^1.1.9"
  
  "@nodelib/fs.stat@2.0.5", "@nodelib/fs.stat@^2.0.2":
    version "2.0.5"
    resolved "https://registry.yarnpkg.com/@nodelib/fs.stat/-/fs.stat-2.0.5.tgz#5bd262af94e9d25bd1e71b05deed44876a222e8b"
    integrity sha512-RkhPPp2zrqDAQA/2jNhnztcPAlv64XdhIp7a7454A5ovI7Bukxgt7MX7udwAu3zg1DcpPU0rz3VV1SeaqvY4+A==
  
  "@nodelib/fs.walk@^1.2.3":
    version "1.2.8"
    resolved "https://registry.yarnpkg.com/@nodelib/fs.walk/-/fs.walk-1.2.8.tgz#e95737e8bb6746ddedf69c556953494f196fe69a"
    integrity sha512-oGB+UxlgWcgQkgwo8GcEGwemoTFt3FIO9ababBmaGwXIoBKZ+GTy0pP185beGg7Llih/NSHSV2XAs1lnznocSg==
    dependencies:
      "@nodelib/fs.scandir" "2.1.5"
      fastq "^1.6.0"
  
  "@npmcli/fs@^2.1.0":
    version "2.1.2"
    resolved "https://registry.yarnpkg.com/@npmcli/fs/-/fs-2.1.2.tgz#a9e2541a4a2fec2e69c29b35e6060973da79b865"
    integrity sha512-yOJKRvohFOaLqipNtwYB9WugyZKhC/DZC4VYPmpaCzDBrA8YpK3qHZ8/HGscMnE4GqbkLNuVcCnxkeQEdGt6LQ==
    dependencies:
      "@gar/promisify" "^1.1.3"
      semver "^7.3.5"
  
  "@npmcli/move-file@^2.0.0":
    version "2.0.1"
    resolved "https://registry.yarnpkg.com/@npmcli/move-file/-/move-file-2.0.1.tgz#26f6bdc379d87f75e55739bab89db525b06100e4"
    integrity sha512-mJd2Z5TjYWq/ttPLLGqArdtnC74J6bOzg4rMDnN+p1xTacZ2yPRCk2y0oSWQtygLR9YVQXgOcONrwtnk3JupxQ==
    dependencies:
      mkdirp "^1.0.4"
      rimraf "^3.0.2"
  
  "@purge-icons/core@^0.9.0":
    version "0.9.0"
    resolved "https://registry.yarnpkg.com/@purge-icons/core/-/core-0.9.0.tgz#b096c3014d4cbbef1d9138e52c48004b1798edf7"
    integrity sha512-uIjt/cqjWyXHT/3g/sesvetad0v91kQLSS5rsXLItkVq64xkT5VXXE30gXFSkSiZLIUe5PVfUCsfYK0KxpuBoQ==
    dependencies:
      "@iconify/iconify" "2.1.2"
      axios "^0.26.0"
      debug "^4.3.3"
      fast-glob "^3.2.11"
      fs-extra "^10.0.1"
  
  "@purge-icons/generated@^0.9.0":
    version "0.9.0"
    resolved "https://registry.yarnpkg.com/@purge-icons/generated/-/generated-0.9.0.tgz#f1c4c2e16180e49bfb6b96974bd236c21bff1c5e"
    integrity sha512-s2t+1oVtGDV6KtqfCXtUOhxfeYvOdDF90IVm+nMs/6bUP0HeGZLslguuL/AibpwtfL4FA/oCsIu/RhwapgAdJw==
    dependencies:
      "@iconify/iconify" ">=2.0.0-rc.6"
  
  "@sindresorhus/is@^0.14.0":
    version "0.14.0"
    resolved "https://registry.yarnpkg.com/@sindresorhus/is/-/is-0.14.0.tgz#9fb3a3cf3132328151f353de4632e01e52102bea"
    integrity sha512-9NET910DNaIPngYnLLPeg+Ogzqsi9uM4mSboU5y6p8S5DzMTVEsJZrawi+BoDNUVBa2DhJqQYUFvMDfgU062LQ==
  
  "@sindresorhus/is@^4.0.0":
    version "4.6.0"
    resolved "https://registry.yarnpkg.com/@sindresorhus/is/-/is-4.6.0.tgz#3c7c9c46e678feefe7a2e5bb609d3dbd665ffb3f"
    integrity sha512-t09vSN3MdfsyCHoFcTRCH/iUtG7OJ0CsjzB8cjAmKc/va/kIgeDI/TxsigdncE/4be734m0cvIYwNaV4i2XqAw==
  
  "@stylelint/postcss-css-in-js@^0.37.2":
    version "0.37.3"
    resolved "https://registry.yarnpkg.com/@stylelint/postcss-css-in-js/-/postcss-css-in-js-0.37.3.tgz#d149a385e07ae365b0107314c084cb6c11adbf49"
    integrity sha512-scLk3cSH1H9KggSniseb2KNAU5D9FWc3H7BxCSAIdtU9OWIyw0zkEZ9qEKHryRM+SExYXRKNb7tOOVNAsQ3iwg==
    dependencies:
      "@babel/core" "^7.17.9"
  
  "@stylelint/postcss-markdown@^0.36.2":
    version "0.36.2"
    resolved "https://registry.yarnpkg.com/@stylelint/postcss-markdown/-/postcss-markdown-0.36.2.tgz#0a540c4692f8dcdfc13c8e352c17e7bfee2bb391"
    integrity sha512-2kGbqUVJUGE8dM+bMzXG/PYUWKkjLIkRLWNh39OaADkiabDRdw8ATFCgbMz5xdIcvwspPAluSL7uY+ZiTWdWmQ==
    dependencies:
      remark "^13.0.0"
      unist-util-find-all-after "^3.0.2"
  
  "@szmarczak/http-timer@^1.1.2":
    version "1.1.2"
    resolved "https://registry.yarnpkg.com/@szmarczak/http-timer/-/http-timer-1.1.2.tgz#b1665e2c461a2cd92f4c1bbf50d5454de0d4b421"
    integrity sha512-XIB2XbzHTN6ieIjfIMV9hlVcfPU26s2vafYWQcZHWXHOxiaRZYEDKEwdl129Zyg50+foYV2jCgtrqSA6qNuNSA==
    dependencies:
      defer-to-connect "^1.0.1"
  
  "@szmarczak/http-timer@^4.0.5":
    version "4.0.6"
    resolved "https://registry.yarnpkg.com/@szmarczak/http-timer/-/http-timer-4.0.6.tgz#b4a914bb62e7c272d4e5989fe4440f812ab1d807"
    integrity sha512-4BAffykYOgO+5nzBWYwE3W90sBgLJoUPRWWcL8wlyiM8IB8ipJz3UMJ9KXQd1RKQXpKp8Tutn80HZtWsu2u76w==
    dependencies:
      defer-to-connect "^2.0.0"
  
  "@tailwindcss/aspect-ratio@0.4.0":
    version "0.4.0"
    resolved "https://registry.yarnpkg.com/@tailwindcss/aspect-ratio/-/aspect-ratio-0.4.0.tgz#c635dd7331cbcc1b111cebdc2647dd3493ebdd3e"
    integrity sha512-WJu0I4PpqNPuutpaA9zDUq2JXR+lorZ7PbLcKNLmb6GL9/HLfC7w3CRsMhJF4BbYd/lkY6CfXOvkYpuGnZfkpQ==
  
  "@tailwindcss/forms@0.5.1":
    version "0.5.1"
    resolved "https://registry.yarnpkg.com/@tailwindcss/forms/-/forms-0.5.1.tgz#7fe86b9b67e6d91cb902e2d3f4ebe561cc057a13"
    integrity sha512-QSwsFORnC2BAP0lRzQkz1pw+EzIiiPdk4e27vGQjyXkwJPeC7iLIRVndJzf9CJVbcrrIcirb/TfxF3gRTyFEVA==
    dependencies:
      mini-svg-data-uri "^1.2.3"
  
  "@tailwindcss/line-clamp@0.4.0":
    version "0.4.0"
    resolved "https://registry.yarnpkg.com/@tailwindcss/line-clamp/-/line-clamp-0.4.0.tgz#03353e31e77636b785f2336e8c978502cec1de81"
    integrity sha512-HQZo6gfx1D0+DU3nWlNLD5iA6Ef4JAXh0LeD8lOGrJwEDBwwJNKQza6WoXhhY1uQrxOuU8ROxV7CqiQV4CoiLw==
  
  "@tailwindcss/typography@0.5.2":
    version "0.5.2"
    resolved "https://registry.yarnpkg.com/@tailwindcss/typography/-/typography-0.5.2.tgz#24b069dab24d7a2467d01aca0dd432cb4b29f0ee"
    integrity sha512-coq8DBABRPFcVhVIk6IbKyyHUt7YTEC/C992tatFB+yEx5WGBQrCgsSFjxHUr8AWXphWckadVJbominEduYBqw==
    dependencies:
      lodash.castarray "^4.4.0"
      lodash.isplainobject "^4.0.6"
      lodash.merge "^4.6.2"
  
  "@tokenizer/token@^0.3.0":
    version "0.3.0"
    resolved "https://registry.yarnpkg.com/@tokenizer/token/-/token-0.3.0.tgz#fe98a93fe789247e998c75e74e9c7c63217aa276"
    integrity sha512-OvjF+z51L3ov0OyAU0duzsYuvO01PH7x4t6DJx+guahgTnBHkhJdG7soQeTSFLWN3efnHyibZ4Z8l2EuWwJN3A==
  
  "@tootallnate/once@1":
    version "1.1.2"
    resolved "https://registry.yarnpkg.com/@tootallnate/once/-/once-1.1.2.tgz#ccb91445360179a04e7fe6aff78c00ffc1eeaf82"
    integrity sha512-RbzJvlNzmRq5c3O09UipeuXno4tA1FE6ikOjxZK0tuxVv3412l64l5t1W5pj4+rJq9vpkm/kwiR07aZXnsKPxw==
  
  "@tootallnate/once@2":
    version "2.0.0"
    resolved "https://registry.yarnpkg.com/@tootallnate/once/-/once-2.0.0.tgz#f544a148d3ab35801c1f633a7441fd87c2e484bf"
    integrity sha512-XCuKFP5PS55gnMVu3dty8KPatLqUoy/ZYzDzAGCQ8JNFCkLXzmI7vNHCR+XpbZaMWQK/vQubr7PkYq8g470J/A==
  
  "@trysound/sax@0.2.0":
    version "0.2.0"
    resolved "https://registry.yarnpkg.com/@trysound/sax/-/sax-0.2.0.tgz#cccaab758af56761eb7bf37af6f03f326dd798ad"
    integrity sha512-L7z9BgrNEcYyUYtF+HaEfiS5ebkh9jXqbszz7pC0hRBPaatV0XjSD3+eHrpqFemQfgwiFF0QPIarnIihIDn7OA==
  
  "@types/cacheable-request@^6.0.1":
    version "6.0.2"
    resolved "https://registry.yarnpkg.com/@types/cacheable-request/-/cacheable-request-6.0.2.tgz#c324da0197de0a98a2312156536ae262429ff6b9"
    integrity sha512-B3xVo+dlKM6nnKTcmm5ZtY/OL8bOAOd2Olee9M1zft65ox50OzjEHW91sDiU9j6cvW8Ejg1/Qkf4xd2kugApUA==
    dependencies:
      "@types/http-cache-semantics" "*"
      "@types/keyv" "*"
      "@types/node" "*"
      "@types/responselike" "*"
  
  "@types/estree-jsx@^0.0.1":
    version "0.0.1"
    resolved "https://registry.yarnpkg.com/@types/estree-jsx/-/estree-jsx-0.0.1.tgz#c36d7a1afeb47a95a8ee0b7bc8bc705db38f919d"
    integrity sha512-gcLAYiMfQklDCPjQegGn0TBAn9it05ISEsEhlKQUddIk7o2XDokOcTN7HBO8tznM0D9dGezvHEfRZBfZf6me0A==
    dependencies:
      "@types/estree" "*"
  
  "@types/estree@*":
    version "1.0.0"
    resolved "https://registry.yarnpkg.com/@types/estree/-/estree-1.0.0.tgz#5fb2e536c1ae9bf35366eed879e827fa59ca41c2"
    integrity sha512-WulqXMDUTYAXCjZnk6JtIHPigp55cVtDgDrO2gHRwhyJto21+1zbVCtOYB2L1F9w4qCQ0rOGWBnBe0FNTiEJIQ==
  
  "@types/http-cache-semantics@*":
    version "4.0.1"
    resolved "https://registry.yarnpkg.com/@types/http-cache-semantics/-/http-cache-semantics-4.0.1.tgz#0ea7b61496902b95890dc4c3a116b60cb8dae812"
    integrity sha512-SZs7ekbP8CN0txVG2xVRH6EgKmEm31BOxA07vkFaETzZz1xh+cbt8BcI0slpymvwhx5dlFnQG2rTlPVQn+iRPQ==
  
  "@types/json-buffer@~3.0.0":
    version "3.0.0"
    resolved "https://registry.yarnpkg.com/@types/json-buffer/-/json-buffer-3.0.0.tgz#85c1ff0f0948fc159810d4b5be35bf8c20875f64"
    integrity sha512-3YP80IxxFJB4b5tYC2SUPwkg0XQLiu0nWvhRgEatgjf+29IcWO9X1k8xRv5DGssJ/lCrjYTjQPcobJr2yWIVuQ==
  
  "@types/keyv@*":
    version "3.1.4"
    resolved "https://registry.yarnpkg.com/@types/keyv/-/keyv-3.1.4.tgz#3ccdb1c6751b0c7e52300bcdacd5bcbf8faa75b6"
    integrity sha512-BQ5aZNSCpj7D6K2ksrRCTmKRLEpnPvWDiLPfoGyhZ++8YtiK9d/3DBKPJgry359X/P1PfruyYwvnvwFjuEiEIg==
    dependencies:
      "@types/node" "*"
  
  "@types/mdast@^3.0.0":
    version "3.0.10"
    resolved "https://registry.yarnpkg.com/@types/mdast/-/mdast-3.0.10.tgz#4724244a82a4598884cbbe9bcfd73dff927ee8af"
    integrity sha512-W864tg/Osz1+9f4lrGTZpCSO5/z4608eUp19tbozkq2HJK6i3z1kT0H9tlADXuYIb1YYOBByU4Jsqkk75q48qA==
    dependencies:
      "@types/unist" "*"
  
  "@types/minimist@^1.2.0":
    version "1.2.2"
    resolved "https://registry.yarnpkg.com/@types/minimist/-/minimist-1.2.2.tgz#ee771e2ba4b3dc5b372935d549fd9617bf345b8c"
    integrity sha512-jhuKLIRrhvCPLqwPcx6INqmKeiA5EWrsCOPhrlFSrbrmU4ZMPjj5Ul/oLCMDO98XRUIwVm78xICz4EPCektzeQ==
  
  "@types/node@*":
    version "18.7.14"
    resolved "https://registry.yarnpkg.com/@types/node/-/node-18.7.14.tgz#0fe081752a3333392d00586d815485a17c2cf3c9"
    integrity sha512-6bbDaETVi8oyIARulOE9qF1/Qdi/23z6emrUh0fNJRUmjznqrixD4MpGDdgOFk5Xb0m2H6Xu42JGdvAxaJR/wA==
  
  "@types/normalize-package-data@^2.4.0":
    version "2.4.1"
    resolved "https://registry.yarnpkg.com/@types/normalize-package-data/-/normalize-package-data-2.4.1.tgz#d3357479a0fdfdd5907fe67e17e0a85c906e1301"
    integrity sha512-Gj7cI7z+98M282Tqmp2K5EIsoouUEzbBJhQQzDE3jSIRk6r9gsz0oUokqIUR4u1R3dMHo0pDHM7sNOHyhulypw==
  
  "@types/parse-json@^4.0.0":
    version "4.0.0"
    resolved "https://registry.yarnpkg.com/@types/parse-json/-/parse-json-4.0.0.tgz#2f8bb441434d163b35fb8ffdccd7138927ffb8c0"
    integrity sha512-//oorEZjL6sbPcKUaCdIGlIUeH26mgzimjBB77G6XRgnDl/L5wOnpyBGRe/Mmf5CVW3PwEBE1NjiMZ/ssFh4wA==
  
  "@types/parse5@^6.0.3":
    version "6.0.3"
    resolved "https://registry.yarnpkg.com/@types/parse5/-/parse5-6.0.3.tgz#705bb349e789efa06f43f128cef51240753424cb"
    integrity sha512-SuT16Q1K51EAVPz1K29DJ/sXjhSQ0zjvsypYJ6tlwVsRV9jwW5Adq2ch8Dq8kDBCkYnELS7N7VNCSB5nC56t/g==
  
  "@types/responselike@*", "@types/responselike@^1.0.0":
    version "1.0.0"
    resolved "https://registry.yarnpkg.com/@types/responselike/-/responselike-1.0.0.tgz#251f4fe7d154d2bad125abe1b429b23afd262e29"
    integrity sha512-85Y2BjiufFzaMIlvJDvTTB8Fxl2xfLo4HgmHzVBz08w4wDePCTjYw66PdrolO0kzli3yam/YCgRufyo1DdQVTA==
    dependencies:
      "@types/node" "*"
  
  "@types/unist@*", "@types/unist@^2.0.0", "@types/unist@^2.0.2":
    version "2.0.6"
    resolved "https://registry.yarnpkg.com/@types/unist/-/unist-2.0.6.tgz#250a7b16c3b91f672a24552ec64678eeb1d3a08d"
    integrity sha512-PBjIUxZHOuj0R15/xuwJYjFi+KZdNFrehocChv4g5hu6aFroHue8m0lBP0POdK2nKzbw0cgV1mws8+V/JAcEkQ==
  
  "@types/yauzl@^2.9.1":
    version "2.10.0"
    resolved "https://registry.yarnpkg.com/@types/yauzl/-/yauzl-2.10.0.tgz#b3248295276cf8c6f153ebe6a9aba0c988cb2599"
    integrity sha512-Cn6WYCm0tXv8p6k+A8PvbDG763EDpBoTzHdA+Q/MF6H3sapGjCm9NzoaJncJS9tUKSuCoDs9XHxYYsQDgxR6kw==
    dependencies:
      "@types/node" "*"
  
  "@typescript-eslint/types@5.36.1":
    version "5.36.1"
    resolved "https://registry.yarnpkg.com/@typescript-eslint/types/-/types-5.36.1.tgz#1cf0e28aed1cb3ee676917966eb23c2f8334ce2c"
    integrity sha512-jd93ShpsIk1KgBTx9E+hCSEuLCUFwi9V/urhjOWnOaksGZFbTOxAT47OH2d4NLJnLhkVD+wDbB48BuaycZPLBg==
  
  "@typescript-eslint/typescript-estree@^5.17.0":
    version "5.36.1"
    resolved "https://registry.yarnpkg.com/@typescript-eslint/typescript-estree/-/typescript-estree-5.36.1.tgz#b857f38d6200f7f3f4c65cd0a5afd5ae723f2adb"
    integrity sha512-ih7V52zvHdiX6WcPjsOdmADhYMDN15SylWRZrT2OMy80wzKbc79n8wFW0xpWpU0x3VpBz/oDgTm2xwDAnFTl+g==
    dependencies:
      "@typescript-eslint/types" "5.36.1"
      "@typescript-eslint/visitor-keys" "5.36.1"
      debug "^4.3.4"
      globby "^11.1.0"
      is-glob "^4.0.3"
      semver "^7.3.7"
      tsutils "^3.21.0"
  
  "@typescript-eslint/visitor-keys@5.36.1":
    version "5.36.1"
    resolved "https://registry.yarnpkg.com/@typescript-eslint/visitor-keys/-/visitor-keys-5.36.1.tgz#7731175312d65738e501780f923896d200ad1615"
    integrity sha512-ojB9aRyRFzVMN3b5joSYni6FAS10BBSCAfKJhjJAV08t/a95aM6tAhz+O1jF+EtgxktuSO3wJysp2R+Def/IWQ==
    dependencies:
      "@typescript-eslint/types" "5.36.1"
      eslint-visitor-keys "^3.3.0"
  
  "@vue/reactivity@~3.1.1":
    version "3.1.5"
    resolved "https://registry.yarnpkg.com/@vue/reactivity/-/reactivity-3.1.5.tgz#dbec4d9557f7c8f25c2635db1e23a78a729eb991"
    integrity sha512-1tdfLmNjWG6t/CsPldh+foumYFo3cpyCHgBYQ34ylaMsJ+SNHQ1kApMIa8jN+i593zQuaw3AdWH0nJTARzCFhg==
    dependencies:
      "@vue/shared" "3.1.5"
  
  "@vue/shared@3.1.5":
    version "3.1.5"
    resolved "https://registry.yarnpkg.com/@vue/shared/-/shared-3.1.5.tgz#74ee3aad995d0a3996a6bb9533d4d280514ede03"
    integrity sha512-oJ4F3TnvpXaQwZJNF3ZK+kLPHKarDmJjJ6jyzVNDKH9md1dptjC7lWR//jrGuLdek/U6iltWxqAnYOu8gCiOvA==
  
  abab@^2.0.5, abab@^2.0.6:
    version "2.0.6"
    resolved "https://registry.yarnpkg.com/abab/-/abab-2.0.6.tgz#41b80f2c871d19686216b82309231cfd3cb3d291"
    integrity sha512-j2afSsaIENvHZN2B8GOpF566vZ5WVk5opAiMTvWgaQT8DkbOqsTfvNAvHoRGU2zzP8cPoqys+xHTRDWW8L+/BA==
  
  abbrev@1:
    version "1.1.1"
    resolved "https://registry.yarnpkg.com/abbrev/-/abbrev-1.1.1.tgz#f8f2c887ad10bf67f634f005b6987fed3179aac8"
    integrity sha512-nne9/IiQ/hzIhY6pdDnbBtz7DjPTKrY00P/zvPSm5pOFkl6xuGrGnXn/VtTNNfNtAfZ9/1RtehkszU9qcTii0Q==
  
  acorn-globals@^6.0.0:
    version "6.0.0"
    resolved "https://registry.yarnpkg.com/acorn-globals/-/acorn-globals-6.0.0.tgz#46cdd39f0f8ff08a876619b55f5ac8a6dc770b45"
    integrity sha512-ZQl7LOWaF5ePqqcX4hLuv/bLXYQNfNWw2c0/yX/TsPRKamzHcTGQnlCjHT3TsmkOUVEPS3crCxiPfdzE/Trlhg==
    dependencies:
      acorn "^7.1.1"
      acorn-walk "^7.1.1"
  
  acorn-jsx-walk@^2.0.0:
    version "2.0.0"
    resolved "https://registry.yarnpkg.com/acorn-jsx-walk/-/acorn-jsx-walk-2.0.0.tgz#a5ed648264e68282d7c2aead80216bfdf232573a"
    integrity sha512-uuo6iJj4D4ygkdzd6jPtcxs8vZgDX9YFIkqczGImoypX2fQ4dVImmu3UzA4ynixCIMTrEOWW+95M2HuBaCEOVA==
  
  acorn-jsx@^5.3.1, acorn-jsx@^5.3.2:
    version "5.3.2"
    resolved "https://registry.yarnpkg.com/acorn-jsx/-/acorn-jsx-5.3.2.tgz#7ed5bb55908b3b2f1bc55c6af1653bada7f07937"
    integrity sha512-rq9s+JNhf0IChjtDXxllJ7g41oZk5SlXtp0LHwyA5cejwn7vKmKp4pPri6YEePv2PU65sAsegbXtIinmDFDXgQ==
  
  acorn-node@^1.8.2:
    version "1.8.2"
    resolved "https://registry.yarnpkg.com/acorn-node/-/acorn-node-1.8.2.tgz#114c95d64539e53dede23de8b9d96df7c7ae2af8"
    integrity sha512-8mt+fslDufLYntIoPAaIMUe/lrbrehIiwmR3t2k9LljIzoigEPF27eLk2hy8zSGzmR/ogr7zbRKINMo1u0yh5A==
    dependencies:
      acorn "^7.0.0"
      acorn-walk "^7.0.0"
      xtend "^4.0.2"
  
  acorn-walk@^7.0.0, acorn-walk@^7.1.1:
    version "7.2.0"
    resolved "https://registry.yarnpkg.com/acorn-walk/-/acorn-walk-7.2.0.tgz#0de889a601203909b0fbe07b8938dc21d2e967bc"
    integrity sha512-OPdCF6GsMIP+Az+aWfAAOEt2/+iVDKE7oy6lJ098aoe59oAmK76qV6Gw60SbZ8jHuG2wH058GF4pLFbYamYrVA==
  
  acorn-walk@^8.2.0:
    version "8.2.0"
    resolved "https://registry.yarnpkg.com/acorn-walk/-/acorn-walk-8.2.0.tgz#741210f2e2426454508853a2f44d0ab83b7f69c1"
    integrity sha512-k+iyHEuPgSw6SbuDpGQM+06HQUa04DZ3o+F6CSzXMvvI5KMvnaEqXe+YVe555R9nn6GPt404fos4wcgpw12SDA==
  
  acorn@^7.0.0, acorn@^7.1.1, acorn@^7.4.0:
    version "7.4.1"
    resolved "https://registry.yarnpkg.com/acorn/-/acorn-7.4.1.tgz#feaed255973d2e77555b83dbc08851a6c63520fa"
    integrity sha512-nQyp0o1/mNdbTO1PO6kHkwSrmgZ0MT/jCCpNiwbUjGoRN4dlBhqJtoQuCnEOKzgTVwg0ZWiCoQy6SxMebQVh8A==
  
  acorn@^8.5.0, acorn@^8.7.0, acorn@^8.7.1:
    version "8.8.0"
    resolved "https://registry.yarnpkg.com/acorn/-/acorn-8.8.0.tgz#88c0187620435c7f6015803f5539dae05a9dbea8"
    integrity sha512-QOxyigPVrpZ2GXT+PFyZTl6TtOFc5egxHIP9IlQ+RbupQuX4RkT/Bee4/kQuC02Xkzg84JcT7oLYtDIQxp+v7w==
  
  agent-base@6, agent-base@^6.0.0, agent-base@^6.0.2:
    version "6.0.2"
    resolved "https://registry.yarnpkg.com/agent-base/-/agent-base-6.0.2.tgz#49fff58577cfee3f37176feab4c22e00f86d7f77"
    integrity sha512-RZNwNclF7+MS/8bDg70amg32dyeZGZxiDuQmZxKLAlQjr3jGyLx+4Kkk58UO7D2QdgFIQCovuSuZESne6RG6XQ==
    dependencies:
      debug "4"
  
  agentkeepalive@^4.2.1:
    version "4.2.1"
    resolved "https://registry.yarnpkg.com/agentkeepalive/-/agentkeepalive-4.2.1.tgz#a7975cbb9f83b367f06c90cc51ff28fe7d499717"
    integrity sha512-Zn4cw2NEqd+9fiSVWMscnjyQ1a8Yfoc5oBajLeo5w+YBHgDUcEBY2hS4YpTz6iN5f/2zQiktcuM6tS8x1p9dpA==
    dependencies:
      debug "^4.1.0"
      depd "^1.1.2"
      humanize-ms "^1.2.1"
  
  aggregate-error@^3.0.0:
    version "3.1.0"
    resolved "https://registry.yarnpkg.com/aggregate-error/-/aggregate-error-3.1.0.tgz#92670ff50f5359bdb7a3e0d40d0ec30c5737687a"
    integrity sha512-4I7Td01quW/RpocfNayFdFVk1qSuoh0E7JrbRJ16nH01HhKFQ88INq9Sd+nd72zqRySlr9BmDA8xlEJ6vJMrYA==
    dependencies:
      clean-stack "^2.0.0"
      indent-string "^4.0.0"
  
  ajv-formats@^2.1.1:
    version "2.1.1"
    resolved "https://registry.yarnpkg.com/ajv-formats/-/ajv-formats-2.1.1.tgz#6e669400659eb74973bbf2e33327180a0996b520"
    integrity sha512-Wx0Kx52hxE7C18hkMEggYlEifqWZtYaRgouJor+WMdPnQyEK13vgEWyVNup7SoeeoLMsr4kf5h6dOW11I15MUA==
    dependencies:
      ajv "^8.0.0"
  
  ajv@^6.10.0, ajv@^6.12.3, ajv@^6.12.4:
    version "6.12.6"
    resolved "https://registry.yarnpkg.com/ajv/-/ajv-6.12.6.tgz#baf5a62e802b07d977034586f8c3baf5adf26df4"
    integrity sha512-j3fVLgvTo527anyYyJOGTYJbG+vnnQYvE0m5mmkc1TK+nxAppkCLMIL0aZ4dblVCNoGShhm+kzE4ZUykBoMg4g==
    dependencies:
      fast-deep-equal "^3.1.1"
      fast-json-stable-stringify "^2.0.0"
      json-schema-traverse "^0.4.1"
      uri-js "^4.2.2"
  
  ajv@^8.0.0, ajv@^8.0.1, ajv@^8.11.0:
    version "8.11.0"
    resolved "https://registry.yarnpkg.com/ajv/-/ajv-8.11.0.tgz#977e91dd96ca669f54a11e23e378e33b884a565f"
    integrity sha512-wGgprdCvMalC0BztXvitD2hC04YffAvtsUn93JbGXYLAtCUO4xd17mCCZQxUOItiBwZvJScWo8NIvQMQ71rdpg==
    dependencies:
      fast-deep-equal "^3.1.1"
      json-schema-traverse "^1.0.0"
      require-from-string "^2.0.2"
      uri-js "^4.2.2"
  
  alpinejs@^3.10.2:
    version "3.10.3"
    resolved "https://registry.yarnpkg.com/alpinejs/-/alpinejs-3.10.3.tgz#4072c5ec01adf58b31a0e8e13e4ccb1382c1d112"
    integrity sha512-nt/w4hLq9pPaexCsHmO5zV5Alvq4yu9n0Iclti6aV0HmiqLWH/axUb0pn8z3XVuVNcj8EOXOQw+WpwPzMzLBWg==
    dependencies:
      "@vue/reactivity" "~3.1.1"
  
  ansi-align@^3.0.0:
    version "3.0.1"
    resolved "https://registry.yarnpkg.com/ansi-align/-/ansi-align-3.0.1.tgz#0cdf12e111ace773a86e9a1fad1225c43cb19a59"
    integrity sha512-IOfwwBF5iczOjp/WeY4YxyjqAFMQoZufdQWDd19SEExbVLNXqvpzSJ/M7Za4/sCPmQ0+GRquoA7bGcINcxew6w==
    dependencies:
      string-width "^4.1.0"
  
  ansi-colors@^4.1.1:
    version "4.1.3"
    resolved "https://registry.yarnpkg.com/ansi-colors/-/ansi-colors-4.1.3.tgz#37611340eb2243e70cc604cad35d63270d48781b"
    integrity sha512-/6w/C21Pm1A7aZitlI5Ni/2J6FFQN8i1Cvz3kHABAAbw93v/NlvKdVOqz7CCWz/3iv/JplRSEEZ83XION15ovw==
  
  ansi-escapes@^4.3.0:
    version "4.3.2"
    resolved "https://registry.yarnpkg.com/ansi-escapes/-/ansi-escapes-4.3.2.tgz#6b2291d1db7d98b6521d5f1efa42d0f3a9feb65e"
    integrity sha512-gKXj5ALrKWQLsYG9jlTRmR/xKluxHV+Z9QEwNIgCfM1/uwPMCuzVVnh5mwTd+OuBZcwSIMbqssNWRm1lE51QaQ==
    dependencies:
      type-fest "^0.21.3"
  
  ansi-regex@^5.0.1:
    version "5.0.1"
    resolved "https://registry.yarnpkg.com/ansi-regex/-/ansi-regex-5.0.1.tgz#082cb2c89c9fe8659a311a53bd6a4dc5301db304"
    integrity sha512-quJQXlTSUGL2LH9SUXo8VwsY4soanhgo6LNSm84E1LBcE8s3O0wpdiRzyR9z/ZZJMlMWv37qOOb9pdJlMUEKFQ==
  
  ansi-styles@^3.2.1:
    version "3.2.1"
    resolved "https://registry.yarnpkg.com/ansi-styles/-/ansi-styles-3.2.1.tgz#41fbb20243e50b12be0f04b8dedbf07520ce841d"
    integrity sha512-VT0ZI6kZRdTh8YyJw3SMbYm/u+NqfsAxEpWO0Pf9sq8/e94WxxOpPKx9FR1FlyCtOVDNOQ+8ntlqFxiRc+r5qA==
    dependencies:
      color-convert "^1.9.0"
  
  ansi-styles@^4.0.0, ansi-styles@^4.1.0:
    version "4.3.0"
    resolved "https://registry.yarnpkg.com/ansi-styles/-/ansi-styles-4.3.0.tgz#edd803628ae71c04c85ae7a0906edad34b648937"
    integrity sha512-zbB9rCJAT1rbjiVDb2hqKFHNYLxgtk8NURxZ3IZwD3F6NtxbXZQCnnSi1Lkx+IDohdPlFp222wVALIheZJQSEg==
    dependencies:
      color-convert "^2.0.1"
  
  anymatch@~3.1.2:
    version "3.1.2"
    resolved "https://registry.yarnpkg.com/anymatch/-/anymatch-3.1.2.tgz#c0557c096af32f106198f4f4e2a383537e378716"
    integrity sha512-P43ePfOAIupkguHUycrc4qJ9kz8ZiuOUijaETwX7THt0Y/GNK7v0aa8rY816xWjZ7rJdA5XdMcpVFTKMq+RvWg==
    dependencies:
      normalize-path "^3.0.0"
      picomatch "^2.0.4"
  
  "aproba@^1.0.3 || ^2.0.0":
    version "2.0.0"
    resolved "https://registry.yarnpkg.com/aproba/-/aproba-2.0.0.tgz#52520b8ae5b569215b354efc0caa3fe1e45a8adc"
    integrity sha512-lYe4Gx7QT+MKGbDsA+Z+he/Wtef0BiwDOlK/XkBrdfsh9J/jPPXbX0tE9x9cl27Tmu5gg3QUbUrQYa/y+KOHPQ==
  
  are-we-there-yet@^2.0.0:
    version "2.0.0"
    resolved "https://registry.yarnpkg.com/are-we-there-yet/-/are-we-there-yet-2.0.0.tgz#372e0e7bd279d8e94c653aaa1f67200884bf3e1c"
    integrity sha512-Ci/qENmwHnsYo9xKIcUJN5LeDKdJ6R1Z1j9V/J5wyq8nh/mYPEpIKJbBZXtZjG04HiK7zV/p6Vs9952MrMeUIw==
    dependencies:
      delegates "^1.0.0"
      readable-stream "^3.6.0"
  
  arg@^5.0.2:
    version "5.0.2"
    resolved "https://registry.yarnpkg.com/arg/-/arg-5.0.2.tgz#c81433cc427c92c4dcf4865142dbca6f15acd59c"
    integrity sha512-PYjyFOLKQ9y57JvQ6QLo8dAgNqswh8M1RMJYdQduT6xbWSgK36P/Z/v+p888pM69jMMfS8Xd8F6I1kQ/I9HUGg==
  
  argparse@^1.0.7:
    version "1.0.10"
    resolved "https://registry.yarnpkg.com/argparse/-/argparse-1.0.10.tgz#bcd6791ea5ae09725e17e5ad988134cd40b3d911"
    integrity sha512-o5Roy6tNG4SL/FOkCAN6RzjiakZS25RLYFrcMttJqbdd8BWrnA+fGz57iN5Pb06pvBGvl5gQ0B48dJlslXvoTg==
    dependencies:
      sprintf-js "~1.0.2"
  
  array-union@^2.1.0:
    version "2.1.0"
    resolved "https://registry.yarnpkg.com/array-union/-/array-union-2.1.0.tgz#b798420adbeb1de828d84acd8a2e23d3efe85e8d"
    integrity sha512-HGyxoOTYUyCM6stUe6EJgnd4EoewAI7zMdfqO+kGjnlZmBDz/cR5pf8r/cR4Wq60sL/p0IkcjUEEPwS3GFrIyw==
  
  arrify@^1.0.1:
    version "1.0.1"
    resolved "https://registry.yarnpkg.com/arrify/-/arrify-1.0.1.tgz#898508da2226f380df904728456849c1501a4b0d"
    integrity sha512-3CYzex9M9FGQjCGMGyi6/31c8GJbgb0qGyrx5HWxPd0aCwh4cB2YjMb2Xf9UuoogrMrlO9cTqnB5rI5GHZTcUA==
  
  asn1@~0.2.3:
    version "0.2.6"
    resolved "https://registry.yarnpkg.com/asn1/-/asn1-0.2.6.tgz#0d3a7bb6e64e02a90c0303b31f292868ea09a08d"
    integrity sha512-ix/FxPn0MDjeyJ7i/yoHGFt/EX6LyNbxSEhPPXODPL+KB0VPk86UYfL0lMdy+KCnv+fmvIzySwaK5COwqVbWTQ==
    dependencies:
      safer-buffer "~2.1.0"
  
  assert-plus@1.0.0, assert-plus@^1.0.0:
    version "1.0.0"
    resolved "https://registry.yarnpkg.com/assert-plus/-/assert-plus-1.0.0.tgz#f12e0f3c5d77b0b1cdd9146942e4e96c1e4dd525"
    integrity sha512-NfJ4UzBCcQGLDlQq7nHxH+tv3kyZ0hHQqF5BO6J7tNJeP5do1llPr8dZ8zHonfhAu0PHAdMkSo+8o0wxg9lZWw==
  
  ast-types@^0.13.2:
    version "0.13.4"
    resolved "https://registry.yarnpkg.com/ast-types/-/ast-types-0.13.4.tgz#ee0d77b343263965ecc3fb62da16e7222b2b6782"
    integrity sha512-x1FCFnFifvYDDzTaLII71vG5uvDwgtmDTEVWAxrgeiR8VjMONcCXJx7E+USjDtHlwFmt9MysbqgF9b9Vjr6w+w==
    dependencies:
      tslib "^2.0.1"
  
  astral-regex@^2.0.0:
    version "2.0.0"
    resolved "https://registry.yarnpkg.com/astral-regex/-/astral-regex-2.0.0.tgz#483143c567aeed4785759c0865786dc77d7d2e31"
    integrity sha512-Z7tMw1ytTXt5jqMcOP+OQteU1VuNK9Y02uuJtKQ1Sv69jXQKKg5cibLwGJow8yzZP+eAc18EmLGPal0bp36rvQ==
  
  async@^3.2.3:
    version "3.2.4"
    resolved "https://registry.yarnpkg.com/async/-/async-3.2.4.tgz#2d22e00f8cddeb5fde5dd33522b56d1cf569a81c"
    integrity sha512-iAB+JbDEGXhyIUavoDl9WP/Jj106Kz9DEn1DPgYw5ruDn0e3Wgi3sKFm55sASdGBNOQB8F59d9qQ7deqrHA8wQ==
  
  asynckit@^0.4.0:
    version "0.4.0"
    resolved "https://registry.yarnpkg.com/asynckit/-/asynckit-0.4.0.tgz#c79ed97f7f34cb8f2ba1bc9790bcc366474b4b79"
    integrity sha512-Oei9OH4tRh0YqU3GxhX79dM/mwVgvbZJaSNaRk+bshkj0S5cfHcgYakreBjrHwatXKbz+IoIdYLxrKim2MjW0Q==
  
  autoprefixer@^10.4.0:
    version "10.4.8"
    resolved "https://registry.yarnpkg.com/autoprefixer/-/autoprefixer-10.4.8.tgz#92c7a0199e1cfb2ad5d9427bd585a3d75895b9e5"
    integrity sha512-75Jr6Q/XpTqEf6D2ltS5uMewJIx5irCU1oBYJrWjFenq/m12WRRrz6g15L1EIoYvPLXTbEry7rDOwrcYNj77xw==
    dependencies:
      browserslist "^4.21.3"
      caniuse-lite "^1.0.30001373"
      fraction.js "^4.2.0"
      normalize-range "^0.1.2"
      picocolors "^1.0.0"
      postcss-value-parser "^4.2.0"
  
  autoprefixer@^9.8.6:
    version "9.8.8"
    resolved "https://registry.yarnpkg.com/autoprefixer/-/autoprefixer-9.8.8.tgz#fd4bd4595385fa6f06599de749a4d5f7a474957a"
    integrity sha512-eM9d/swFopRt5gdJ7jrpCwgvEMIayITpojhkkSMRsFHYuH5bkSQ4p/9qTEHtmNudUZh22Tehu7I6CxAW0IXTKA==
    dependencies:
      browserslist "^4.12.0"
      caniuse-lite "^1.0.30001109"
      normalize-range "^0.1.2"
      num2fraction "^1.2.2"
      picocolors "^0.2.1"
      postcss "^7.0.32"
      postcss-value-parser "^4.1.0"
  
  aws-sign2@~0.7.0:
    version "0.7.0"
    resolved "https://registry.yarnpkg.com/aws-sign2/-/aws-sign2-0.7.0.tgz#b46e890934a9591f2d2f6f86d7e6a9f1b3fe76a8"
    integrity sha512-08kcGqnYf/YmjoRhfxyu+CLxBjUtHLXLXX/vUfx9l2LYzG3c1m61nrpyFUZI6zeS+Li/wWMMidD9KgrqtGq3mA==
  
  aws4@^1.8.0:
    version "1.11.0"
    resolved "https://registry.yarnpkg.com/aws4/-/aws4-1.11.0.tgz#d61f46d83b2519250e2784daf5b09479a8b41c59"
    integrity sha512-xh1Rl34h6Fi1DC2WWKfxUTVqRsNnr6LsKz2+hfwDxQJWmrx8+c7ylaqBMcHfl1U1r2dsifOvKX3LQuLNZ+XSvA==
  
  axe-core@^4.4.1:
    version "4.4.3"
    resolved "https://registry.yarnpkg.com/axe-core/-/axe-core-4.4.3.tgz#11c74d23d5013c0fa5d183796729bc3482bd2f6f"
    integrity sha512-32+ub6kkdhhWick/UjvEwRchgoetXqTK14INLqbGm5U2TzBkBNF3nQtLYm8ovxSkQWArjEQvftCKryjZaATu3w==
  
  axios@^0.26.0:
    version "0.26.1"
    resolved "https://registry.yarnpkg.com/axios/-/axios-0.26.1.tgz#1ede41c51fcf51bbbd6fd43669caaa4f0495aaa9"
    integrity sha512-fPwcX4EvnSHuInCMItEhAGnaSEXRBjtzh9fOtsE6E1G6p7vl7edEeZe11QHf18+6+9gR5PbKV/sGKNaD8YaMeA==
    dependencies:
      follow-redirects "^1.14.8"
  
  bail@^1.0.0:
    version "1.0.5"
    resolved "https://registry.yarnpkg.com/bail/-/bail-1.0.5.tgz#b6fa133404a392cbc1f8c4bf63f5953351e7a776"
    integrity sha512-xFbRxM1tahm08yHBP16MMjVUAvDaBMD38zsM9EMAUN61omwLmKlOpB/Zku5QkjZ8TZ4vn53pj+t518cH0S03RQ==
  
  balanced-match@^1.0.0:
    version "1.0.2"
    resolved "https://registry.yarnpkg.com/balanced-match/-/balanced-match-1.0.2.tgz#e83e3a7e3f300b34cb9d87f615fa0cbf357690ee"
    integrity sha512-3oSeUO0TMV67hN1AmbXsK4yaqU7tjiHlbxRDZOpH0KW9+CeX4bRAaX0Anxt0tx2MrpRpWwQaPwIlISEJhYU5Pw==
  
  balanced-match@^2.0.0:
    version "2.0.0"
    resolved "https://registry.yarnpkg.com/balanced-match/-/balanced-match-2.0.0.tgz#dc70f920d78db8b858535795867bf48f820633d9"
    integrity sha512-1ugUSr8BHXRnK23KfuYS+gVMC3LB8QGH9W1iGtDPsNWoQbgtXSExkBu2aDR4epiGWZOjZsj6lDl/N/AqqTC3UA==
  
  base64-js@^1.3.1:
    version "1.5.1"
    resolved "https://registry.yarnpkg.com/base64-js/-/base64-js-1.5.1.tgz#1b1b440160a5bf7ad40b650f095963481903930a"
    integrity sha512-AKpaYlHn8t4SVbOHCy+b5+KKgvR4vrsD8vbvrbiQJps7fKDTkjkDry6ji0rUJjC0kzbNePLwzxq8iypo41qeWA==
  
  bcp47@^1.1.2:
    version "1.1.2"
    resolved "https://registry.yarnpkg.com/bcp47/-/bcp47-1.1.2.tgz#354be3307ffd08433a78f5e1e2095845f89fc7fe"
    integrity sha512-JnkkL4GUpOvvanH9AZPX38CxhiLsXMBicBY2IAtqiVN8YulGDQybUydWA4W6yAMtw6iShtw+8HEF6cfrTHU+UQ==
  
  bcrypt-pbkdf@^1.0.0:
    version "1.0.2"
    resolved "https://registry.yarnpkg.com/bcrypt-pbkdf/-/bcrypt-pbkdf-1.0.2.tgz#a4301d389b6a43f9b67ff3ca11a3f6637e360e9e"
    integrity sha512-qeFIXtP4MSoi6NLqO12WfqARWWuCKi2Rn/9hJLEmtB5yTNr9DqFWkJRCf2qShWzPeAMRnOgCrq0sg/KLv5ES9w==
    dependencies:
      tweetnacl "^0.14.3"
  
  binary-extensions@^2.0.0:
    version "2.2.0"
    resolved "https://registry.yarnpkg.com/binary-extensions/-/binary-extensions-2.2.0.tgz#75f502eeaf9ffde42fc98829645be4ea76bd9e2d"
    integrity sha512-jDctJ/IVQbZoJykoeHbhXpOlNBqGNcwXJKJog42E5HDPUwQTSdjCHdihjj0DlnheQ7blbT6dHOafNAiS8ooQKA==
  
  bl@^4.0.3, bl@^4.1.0:
    version "4.1.0"
    resolved "https://registry.yarnpkg.com/bl/-/bl-4.1.0.tgz#451535264182bec2fbbc83a62ab98cf11d9f7b3a"
    integrity sha512-1W07cM9gS6DcLperZfFSj+bWLtaPGSOHWhPiGzXmvVJbRLdG82sH/Kn8EtW1VqWVA54AKf2h5k5BbnIbwF3h6w==
    dependencies:
      buffer "^5.5.0"
      inherits "^2.0.4"
      readable-stream "^3.4.0"
  
  boolbase@^1.0.0:
    version "1.0.0"
    resolved "https://registry.yarnpkg.com/boolbase/-/boolbase-1.0.0.tgz#68dff5fbe60c51eb37725ea9e3ed310dcc1e776e"
    integrity sha512-JZOSA7Mo9sNGB8+UjSgzdLtokWAky1zbztM3WRLCbZ70/3cTANmQmOdR7y2g+J0e2WXywy1yS468tY+IruqEww==
  
  boxen@^5.0.0:
    version "5.1.2"
    resolved "https://registry.yarnpkg.com/boxen/-/boxen-5.1.2.tgz#788cb686fc83c1f486dfa8a40c68fc2b831d2b50"
    integrity sha512-9gYgQKXx+1nP8mP7CzFyaUARhg7D3n1dF/FnErWmu9l6JvGpNUN278h0aSb+QjoiKSWG+iZ3uHrcqk0qrY9RQQ==
    dependencies:
      ansi-align "^3.0.0"
      camelcase "^6.2.0"
      chalk "^4.1.0"
      cli-boxes "^2.2.1"
      string-width "^4.2.2"
      type-fest "^0.20.2"
      widest-line "^3.1.0"
      wrap-ansi "^7.0.0"
  
  brace-expansion@^1.1.7:
    version "1.1.11"
    resolved "https://registry.yarnpkg.com/brace-expansion/-/brace-expansion-1.1.11.tgz#3c7fcbf529d87226f3d2f52b966ff5271eb441dd"
    integrity sha512-iCuPHDFgrHX7H2vEI/5xpz07zSHB00TpugqhmYtVmMO6518mCuRMoOYFldEBl0g187ufozdaHgWKcYFb61qGiA==
    dependencies:
      balanced-match "^1.0.0"
      concat-map "0.0.1"
  
  brace-expansion@^2.0.1:
    version "2.0.1"
    resolved "https://registry.yarnpkg.com/brace-expansion/-/brace-expansion-2.0.1.tgz#1edc459e0f0c548486ecf9fc99f2221364b9a0ae"
    integrity sha512-XnAIvQ8eM+kC6aULx6wuQiwVsnzsi9d3WxzV3FpWTGA19F621kwdbsAcFKXgKUHZWsy+mY6iL1sHTxWEFCytDA==
    dependencies:
      balanced-match "^1.0.0"
  
  braces@^3.0.2, braces@~3.0.2:
    version "3.0.2"
    resolved "https://registry.yarnpkg.com/braces/-/braces-3.0.2.tgz#3454e1a462ee8d599e236df336cd9ea4f8afe107"
    integrity sha512-b8um+L1RzM3WDSzvhm6gIz1yfTbBt6YTlcEKAvsmqCZZFw46z626lVj9j1yEPW33H5H+lBQpZMP1k8l+78Ha0A==
    dependencies:
      fill-range "^7.0.1"
  
  browser-process-hrtime@^1.0.0:
    version "1.0.0"
    resolved "https://registry.yarnpkg.com/browser-process-hrtime/-/browser-process-hrtime-1.0.0.tgz#3c9b4b7d782c8121e56f10106d84c0d0ffc94626"
    integrity sha512-9o5UecI3GhkpM6DrXr69PblIuWxPKk9Y0jHBRhdocZ2y7YECBFCsHm79Pr3OyR2AvjhDkabFJaDJMYRazHgsow==
  
  browserslist@^4.0.0, browserslist@^4.12.0, browserslist@^4.16.6, browserslist@^4.19.3, browserslist@^4.20.2, browserslist@^4.20.3, browserslist@^4.21.3:
    version "4.21.3"
    resolved "https://registry.yarnpkg.com/browserslist/-/browserslist-4.21.3.tgz#5df277694eb3c48bc5c4b05af3e8b7e09c5a6d1a"
    integrity sha512-898rgRXLAyRkM1GryrrBHGkqA5hlpkV5MhtZwg9QXeiyLUYs2k00Un05aX5l2/yJIOObYKOpS2JNo8nJDE7fWQ==
    dependencies:
      caniuse-lite "^1.0.30001370"
      electron-to-chromium "^1.4.202"
      node-releases "^2.0.6"
      update-browserslist-db "^1.0.5"
  
  buffer-crc32@~0.2.3:
    version "0.2.13"
    resolved "https://registry.yarnpkg.com/buffer-crc32/-/buffer-crc32-0.2.13.tgz#0d333e3f00eac50aa1454abd30ef8c2a5d9a7242"
    integrity sha512-VO9Ht/+p3SN7SKWqcrgEzjGbRSJYTx+Q1pTQC0wrWqHx0vpJraQ6GtHx8tvcg1rlK1byhU5gccxgOgj7B0TDkQ==
  
  buffer@^5.2.1, buffer@^5.5.0:
    version "5.7.1"
    resolved "https://registry.yarnpkg.com/buffer/-/buffer-5.7.1.tgz#ba62e7c13133053582197160851a8f648e99eed0"
    integrity sha512-EHcyIPBQ4BSGlvjB16k5KgAJ27CIsHY/2JBmCRReo48y9rQ3MaUzWX3KVlBa4U7MyX02HdVj0K7C3WaB3ju7FQ==
    dependencies:
      base64-js "^1.3.1"
      ieee754 "^1.1.13"
  
  builtins@^5.0.0:
    version "5.0.1"
    resolved "https://registry.yarnpkg.com/builtins/-/builtins-5.0.1.tgz#87f6db9ab0458be728564fa81d876d8d74552fa9"
    integrity sha512-qwVpFEHNfhYJIzNRBvd2C1kyo6jz3ZSMPyyuR47OPdiKWlbYnZNyDWuyR175qDnAJLiCo5fBBqPb3RiXgWlkOQ==
    dependencies:
      semver "^7.0.0"
  
  bytes@3.1.2:
    version "3.1.2"
    resolved "https://registry.yarnpkg.com/bytes/-/bytes-3.1.2.tgz#8b0beeb98605adf1b128fa4386403c009e0221a5"
    integrity sha512-/Nf7TyzTx6S3yRJObOAV7956r8cr2+Oj8AC5dt8wSP3BQAoeX58NoHyCU8P8zGkNXStjTSi6fzO6F0pBdcYbEg==
  
  cacache@^16.1.0:
    version "16.1.3"
    resolved "https://registry.yarnpkg.com/cacache/-/cacache-16.1.3.tgz#a02b9f34ecfaf9a78c9f4bc16fceb94d5d67a38e"
    integrity sha512-/+Emcj9DAXxX4cwlLmRI9c166RuL3w30zp4R7Joiv2cQTtTtA+jeuCAjH3ZlGnYS3tKENSrKhAzVVP9GVyzeYQ==
    dependencies:
      "@npmcli/fs" "^2.1.0"
      "@npmcli/move-file" "^2.0.0"
      chownr "^2.0.0"
      fs-minipass "^2.1.0"
      glob "^8.0.1"
      infer-owner "^1.0.4"
      lru-cache "^7.7.1"
      minipass "^3.1.6"
      minipass-collect "^1.0.2"
      minipass-flush "^1.0.5"
      minipass-pipeline "^1.2.4"
      mkdirp "^1.0.4"
      p-map "^4.0.0"
      promise-inflight "^1.0.1"
      rimraf "^3.0.2"
      ssri "^9.0.0"
      tar "^6.1.11"
      unique-filename "^2.0.0"
  
  cacheable-lookup@^5.0.3:
    version "5.0.4"
    resolved "https://registry.yarnpkg.com/cacheable-lookup/-/cacheable-lookup-5.0.4.tgz#5a6b865b2c44357be3d5ebc2a467b032719a7005"
    integrity sha512-2/kNscPhpcxrOigMZzbiWF7dz8ilhb/nIHU3EyZiXWXpeq/au8qJ8VhdftMkty3n7Gj6HIGalQG8oiBNB3AJgA==
  
  cacheable-request@^6.0.0:
    version "6.1.0"
    resolved "https://registry.yarnpkg.com/cacheable-request/-/cacheable-request-6.1.0.tgz#20ffb8bd162ba4be11e9567d823db651052ca912"
    integrity sha512-Oj3cAGPCqOZX7Rz64Uny2GYAZNliQSqfbePrgAQ1wKAihYmCUnraBtJtKcGR4xz7wF+LoJC+ssFZvv5BgF9Igg==
    dependencies:
      clone-response "^1.0.2"
      get-stream "^5.1.0"
      http-cache-semantics "^4.0.0"
      keyv "^3.0.0"
      lowercase-keys "^2.0.0"
      normalize-url "^4.1.0"
      responselike "^1.0.2"
  
  cacheable-request@^7.0.2:
    version "7.0.2"
    resolved "https://registry.yarnpkg.com/cacheable-request/-/cacheable-request-7.0.2.tgz#ea0d0b889364a25854757301ca12b2da77f91d27"
    integrity sha512-pouW8/FmiPQbuGpkXQ9BAPv/Mo5xDGANgSNXzTzJ8DrKGuXOssM4wIQRjfanNRh3Yu5cfYPvcorqbhg2KIJtew==
    dependencies:
      clone-response "^1.0.2"
      get-stream "^5.1.0"
      http-cache-semantics "^4.0.0"
      keyv "^4.0.0"
      lowercase-keys "^2.0.0"
      normalize-url "^6.0.1"
      responselike "^2.0.0"
  
  call-bind@^1.0.0, call-bind@^1.0.2:
    version "1.0.2"
    resolved "https://registry.yarnpkg.com/call-bind/-/call-bind-1.0.2.tgz#b1d4e89e688119c3c9a903ad30abb2f6a919be3c"
    integrity sha512-7O+FbCihrB5WGbFYesctwmTKae6rOiIzmz1icreWJ+0aA7LJfuqhEso2T9ncpcFtzMQtzXf2QGGueWJGTYsqrA==
    dependencies:
      function-bind "^1.1.1"
      get-intrinsic "^1.0.2"
  
  callsites@^3.0.0:
    version "3.1.0"
    resolved "https://registry.yarnpkg.com/callsites/-/callsites-3.1.0.tgz#b3630abd8943432f54b3f0519238e33cd7df2f73"
    integrity sha512-P8BjAsXvZS+VIDUI11hHCQEv74YT67YUi5JJFNWIqL235sBmjX4+qx9Muvls5ivyNENctx46xQLQ3aTuE7ssaQ==
  
  camelcase-css@^2.0.1:
    version "2.0.1"
    resolved "https://registry.yarnpkg.com/camelcase-css/-/camelcase-css-2.0.1.tgz#ee978f6947914cc30c6b44741b6ed1df7f043fd5"
    integrity sha512-QOSvevhslijgYwRx6Rv7zKdMF8lbRmx+uQGx2+vDc+KI/eBnsy9kit5aj23AgGu3pa4t9AgwbnXWqS+iOY+2aA==
  
  camelcase-keys@^6.2.2:
    version "6.2.2"
    resolved "https://registry.yarnpkg.com/camelcase-keys/-/camelcase-keys-6.2.2.tgz#5e755d6ba51aa223ec7d3d52f25778210f9dc3c0"
    integrity sha512-YrwaA0vEKazPBkn0ipTiMpSajYDSe+KjQfrjhcBMxJt/znbvlHd8Pw/Vamaz5EB4Wfhs3SUR3Z9mwRu/P3s3Yg==
    dependencies:
      camelcase "^5.3.1"
      map-obj "^4.0.0"
      quick-lru "^4.0.1"
  
  camelcase@^5.3.1:
    version "5.3.1"
    resolved "https://registry.yarnpkg.com/camelcase/-/camelcase-5.3.1.tgz#e3c9b31569e106811df242f715725a1f4c494320"
    integrity sha512-L28STB170nwWS63UjtlEOE3dldQApaJXZkOI1uMFfzf3rRuPegHaHesyee+YxQ+W6SvRDQV6UrdOdRiR153wJg==
  
  camelcase@^6.2.0:
    version "6.3.0"
    resolved "https://registry.yarnpkg.com/camelcase/-/camelcase-6.3.0.tgz#5685b95eb209ac9c0c177467778c9c84df58ba9a"
    integrity sha512-Gmy6FhYlCY7uOElZUSbxo2UCDH8owEk996gkbrpsgGtrJLM3J7jGxl9Ic7Qwwj4ivOE5AWZWRMecDdF7hqGjFA==
  
  caniuse-api@^3.0.0:
    version "3.0.0"
    resolved "https://registry.yarnpkg.com/caniuse-api/-/caniuse-api-3.0.0.tgz#5e4d90e2274961d46291997df599e3ed008ee4c0"
    integrity sha512-bsTwuIg/BZZK/vreVTYYbSWoe2F+71P7K5QGEX+pT250DZbfU1MQ5prOKpPR+LL6uWKK3KMwMCAS74QB3Um1uw==
    dependencies:
      browserslist "^4.0.0"
      caniuse-lite "^1.0.0"
      lodash.memoize "^4.1.2"
      lodash.uniq "^4.5.0"
  
  caniuse-lite@^1.0.0, caniuse-lite@^1.0.30001109, caniuse-lite@^1.0.30001370, caniuse-lite@^1.0.30001373:
    version "1.0.30001387"
    resolved "https://registry.yarnpkg.com/caniuse-lite/-/caniuse-lite-1.0.30001387.tgz#90d2b9bdfcc3ab9a5b9addee00a25ef86c9e2e1e"
    integrity sha512-fKDH0F1KOJvR+mWSOvhj8lVRr/Q/mc5u5nabU2vi1/sgvlSqEsE8dOq0Hy/BqVbDkCYQPRRHB1WRjW6PGB/7PA==
  
  canvas@^2.9.1:
    version "2.9.3"
    resolved "https://registry.yarnpkg.com/canvas/-/canvas-2.9.3.tgz#8723c4f970442d4cdcedba5221579f9660a58bdb"
    integrity sha512-WOUM7ghii5TV2rbhaZkh1youv/vW1/Canev6Yx6BG2W+1S07w8jKZqKkPnbiPpQEDsnJdN8ouDd7OvQEGXDcUw==
    dependencies:
      "@mapbox/node-pre-gyp" "^1.0.0"
      nan "^2.15.0"
      simple-get "^3.0.3"
  
  caseless@~0.12.0:
    version "0.12.0"
    resolved "https://registry.yarnpkg.com/caseless/-/caseless-0.12.0.tgz#1b681c21ff84033c826543090689420d187151dc"
    integrity sha512-4tYFyifaFfGacoiObjJegolkwSU4xQNGbVgUiNYVUxbQ2x2lUsFvY4hVgVzGiIe6WLOPqycWXA40l+PWsxthUw==
  
  chalk@4.1.1:
    version "4.1.1"
    resolved "https://registry.yarnpkg.com/chalk/-/chalk-4.1.1.tgz#c80b3fab28bf6371e6863325eee67e618b77e6ad"
    integrity sha512-diHzdDKxcU+bAsUboHLPEDQiw0qEe0qd7SYUn3HgcFlWgbDcfLGswOHYeGrHKzG9z6UYf01d9VFMfZxPM1xZSg==
    dependencies:
      ansi-styles "^4.1.0"
      supports-color "^7.1.0"
  
  chalk@^2.0.0, chalk@^2.4.1:
    version "2.4.2"
    resolved "https://registry.yarnpkg.com/chalk/-/chalk-2.4.2.tgz#cd42541677a54333cf541a49108c1432b44c9424"
    integrity sha512-Mti+f9lpJNcwF4tWV8/OrTTtF1gZi+f8FqlyAdouralcFWFQWF2+NgCHShjkCb+IFBLq9buZwE1xckQU4peSuQ==
    dependencies:
      ansi-styles "^3.2.1"
      escape-string-regexp "^1.0.5"
      supports-color "^5.3.0"
  
  chalk@^4.0.0, chalk@^4.0.2, chalk@^4.1.0, chalk@^4.1.1, chalk@^4.1.2:
    version "4.1.2"
    resolved "https://registry.yarnpkg.com/chalk/-/chalk-4.1.2.tgz#aac4e2b7734a740867aeb16bf02aad556a1e7a01"
    integrity sha512-oKnbhFyRIXpUuez8iBMmyEa4nbj4IOQyuhc/wy9kY7/WVPcwIO9VA668Pu8RkO7+0G76SLROeyw9CpQ061i4mA==
    dependencies:
      ansi-styles "^4.1.0"
      supports-color "^7.1.0"
  
  character-entities-legacy@^1.0.0:
    version "1.1.4"
    resolved "https://registry.yarnpkg.com/character-entities-legacy/-/character-entities-legacy-1.1.4.tgz#94bc1845dce70a5bb9d2ecc748725661293d8fc1"
    integrity sha512-3Xnr+7ZFS1uxeiUDvV02wQ+QDbc55o97tIV5zHScSPJpcLm/r0DFPcoY3tYRp+VZukxuMeKgXYmsXQHO05zQeA==
  
  character-entities@^1.0.0:
    version "1.2.4"
    resolved "https://registry.yarnpkg.com/character-entities/-/character-entities-1.2.4.tgz#e12c3939b7eaf4e5b15e7ad4c5e28e1d48c5b16b"
    integrity sha512-iBMyeEHxfVnIakwOuDXpVkc54HijNgCyQB2w0VfGQThle6NXn50zU6V/u+LDhxHcDUPojn6Kpga3PTAD8W1bQw==
  
  character-reference-invalid@^1.0.0:
    version "1.1.4"
    resolved "https://registry.yarnpkg.com/character-reference-invalid/-/character-reference-invalid-1.1.4.tgz#083329cda0eae272ab3dbbf37e9a382c13af1560"
    integrity sha512-mKKUkUbhPpQlCOfIuZkvSEgktjPFIsZKRRbC6KWVEMvlzblj3i3asQv5ODsrwt0N3pHAEvjP8KTQPHkp0+6jOg==
  
  chokidar@^3.5.3:
    version "3.5.3"
    resolved "https://registry.yarnpkg.com/chokidar/-/chokidar-3.5.3.tgz#1cf37c8707b932bd1af1ae22c0432e2acd1903bd"
    integrity sha512-Dr3sfKRP6oTcjf2JmUmFJfeVMvXBdegxB0iVQ5eb2V10uFJUCAS8OByZdVAyVb8xXNz3GjjTgj9kLWsZTqE6kw==
    dependencies:
      anymatch "~3.1.2"
      braces "~3.0.2"
      glob-parent "~5.1.2"
      is-binary-path "~2.1.0"
      is-glob "~4.0.1"
      normalize-path "~3.0.0"
      readdirp "~3.6.0"
    optionalDependencies:
      fsevents "~2.3.2"
  
  chownr@^1.1.1:
    version "1.1.4"
    resolved "https://registry.yarnpkg.com/chownr/-/chownr-1.1.4.tgz#6fc9d7b42d32a583596337666e7d08084da2cc6b"
    integrity sha512-jJ0bqzaylmJtVnNgzTeSOs8DPavpbYgEr/b0YL8/2GO3xJEhInFmhKMUnEJQjZumK7KXGFhUy89PrsJWlakBVg==
  
  chownr@^2.0.0:
    version "2.0.0"
    resolved "https://registry.yarnpkg.com/chownr/-/chownr-2.0.0.tgz#15bfbe53d2eab4cf70f18a8cd68ebe5b3cb1dece"
    integrity sha512-bIomtDF5KGpdogkLd9VspvFzk9KfpyyGlS8YFVZl7TGPBHL5snIOnxeshwVgPteQ9b4Eydl+pVbIyE1DcvCWgQ==
  
  ci-info@^1.5.0:
    version "1.6.0"
    resolved "https://registry.yarnpkg.com/ci-info/-/ci-info-1.6.0.tgz#2ca20dbb9ceb32d4524a683303313f0304b1e497"
    integrity sha512-vsGdkwSCDpWmP80ncATX7iea5DWQemg1UgCW5J8tqjU3lYw4FBYuj89J0CTVomA7BEfvSZd84GmHko+MxFQU2A==
  
  ci-info@^2.0.0:
    version "2.0.0"
    resolved "https://registry.yarnpkg.com/ci-info/-/ci-info-2.0.0.tgz#67a9e964be31a51e15e5010d58e6f12834002f46"
    integrity sha512-5tK7EtrZ0N+OLFMthtqOj4fI2Jeb88C4CAZPu25LDVUgXJ0A3Js4PMGqrn0JU1W0Mh1/Z8wZzYPxqUrXeBboCQ==
  
  ci-info@^3.2.0:
    version "3.3.2"
    resolved "https://registry.yarnpkg.com/ci-info/-/ci-info-3.3.2.tgz#6d2967ffa407466481c6c90b6e16b3098f080128"
    integrity sha512-xmDt/QIAdeZ9+nfdPsaBCpMvHNLFiLdjj59qjqn+6iPe6YmHGQ35sBnQ8uslRBXFmXkiZQOJRjvQeoGppoTjjg==
  
  clean-stack@^2.0.0:
    version "2.2.0"
    resolved "https://registry.yarnpkg.com/clean-stack/-/clean-stack-2.2.0.tgz#ee8472dbb129e727b31e8a10a427dee9dfe4008b"
    integrity sha512-4diC9HaTE+KRAMWhDhrGOECgWZxoevMc5TlkObMqNSsVU62PYzXZ/SMTjzyGAFF1YusgxGcSWTEXBhp0CPwQ1A==
  
  cli-boxes@^2.2.1:
    version "2.2.1"
    resolved "https://registry.yarnpkg.com/cli-boxes/-/cli-boxes-2.2.1.tgz#ddd5035d25094fce220e9cab40a45840a440318f"
    integrity sha512-y4coMcylgSCdVinjiDBuR8PCC2bLjyGTwEmPb9NHR/QaNU6EUOXcTY/s6VjGMD6ENSEaeQYHCY0GNGS5jfMwPw==
  
  cli-cursor@^3.1.0:
    version "3.1.0"
    resolved "https://registry.yarnpkg.com/cli-cursor/-/cli-cursor-3.1.0.tgz#264305a7ae490d1d03bf0c9ba7c925d1753af307"
    integrity sha512-I/zHAwsKf9FqGoXM4WWRACob9+SNukZTd94DWF57E4toouRulbCxcUh6RKUEOQlYTHJnzkPMySvPNaaSLNfLZw==
    dependencies:
      restore-cursor "^3.1.0"
  
  cli-spinners@^2.5.0:
    version "2.7.0"
    resolved "https://registry.yarnpkg.com/cli-spinners/-/cli-spinners-2.7.0.tgz#f815fd30b5f9eaac02db604c7a231ed7cb2f797a"
    integrity sha512-qu3pN8Y3qHNgE2AFweciB1IfMnmZ/fsNTEE+NOFjmGB2F/7rLhnhzppvpCnN4FovtP26k8lHyy9ptEbNwWFLzw==
  
  cli-truncate@^2.1.0:
    version "2.1.0"
    resolved "https://registry.yarnpkg.com/cli-truncate/-/cli-truncate-2.1.0.tgz#c39e28bf05edcde5be3b98992a22deed5a2b93c7"
    integrity sha512-n8fOixwDD6b/ObinzTrp1ZKFzbgvKZvuz/TvejnLn1aQfC6r52XEx85FmuC+3HI+JM7coBRXUvNqEU2PHVrHpg==
    dependencies:
      slice-ansi "^3.0.0"
      string-width "^4.2.0"
  
  clipboard@^2.0.0:
    version "2.0.11"
    resolved "https://registry.yarnpkg.com/clipboard/-/clipboard-2.0.11.tgz#62180360b97dd668b6b3a84ec226975762a70be5"
    integrity sha512-C+0bbOqkezLIsmWSvlsXS0Q0bmkugu7jcfMIACB+RDEntIzQIkdr148we28AfSloQLRdZlYL/QYyrq05j/3Faw==
    dependencies:
      good-listener "^1.2.2"
      select "^1.1.2"
      tiny-emitter "^2.0.0"
  
  clone-regexp@^2.1.0:
    version "2.2.0"
    resolved "https://registry.yarnpkg.com/clone-regexp/-/clone-regexp-2.2.0.tgz#7d65e00885cd8796405c35a737e7a86b7429e36f"
    integrity sha512-beMpP7BOtTipFuW8hrJvREQ2DrRu3BE7by0ZpibtfBA+qfHYvMGTc2Yb1JMYPKg/JUw0CHYvpg796aNTSW9z7Q==
    dependencies:
      is-regexp "^2.0.0"
  
  clone-response@^1.0.2:
    version "1.0.3"
    resolved "https://registry.yarnpkg.com/clone-response/-/clone-response-1.0.3.tgz#af2032aa47816399cf5f0a1d0db902f517abb8c3"
    integrity sha512-ROoL94jJH2dUVML2Y/5PEDNaSHgeOdSDicUyS7izcF63G6sTc/FTjLub4b8Il9S8S0beOfYt0TaA5qvFK+w0wA==
    dependencies:
      mimic-response "^1.0.0"
  
  clone@^1.0.2:
    version "1.0.4"
    resolved "https://registry.yarnpkg.com/clone/-/clone-1.0.4.tgz#da309cc263df15994c688ca902179ca3c7cd7c7e"
    integrity sha512-JQHZ2QMW6l3aH/j6xCqQThY/9OH4D/9ls34cgkUBiEeocRTU04tHfKPBsUK1PqZCUQM7GiA0IIXJSuXHI64Kbg==
  
  cloudinary-core@^2.10.2:
    version "2.13.0"
    resolved "https://registry.yarnpkg.com/cloudinary-core/-/cloudinary-core-2.13.0.tgz#b59f90871b6c708c3d0735b9be47ac08181c57fb"
    integrity sha512-Nt0Q5I2FtenmJghtC4YZ3MZZbGg1wLm84SsxcuVwZ83OyJqG9CNIGp86CiI6iDv3QobaqBUpOT7vg+HqY5HxEA==
  
  cloudinary@^1.28.1:
    version "1.31.0"
    resolved "https://registry.yarnpkg.com/cloudinary/-/cloudinary-1.31.0.tgz#f43baa266d7c86cbaed8ab733aca6b80a114b671"
    integrity sha512-+A/x0gsmzBya4KPabY6Vmj1d1hxjI2kEhbKy52bahLFhDc5xiMhClWbzurYfFA83OUbwLQGZpjnW+Fwu1Kq3kQ==
    dependencies:
      cloudinary-core "^2.10.2"
      core-js "^3.6.5"
      lodash "^4.17.21"
      q "^1.5.1"
    optionalDependencies:
      proxy-agent "^5.0.0"
  
  color-convert@^1.9.0:
    version "1.9.3"
    resolved "https://registry.yarnpkg.com/color-convert/-/color-convert-1.9.3.tgz#bb71850690e1f136567de629d2d5471deda4c1e8"
    integrity sha512-QfAUtd+vFdAtFQcC8CCyYt1fYWxSqAiK2cSD6zDB8N3cpsEBAvRxp9zOGg6G/SHHJYAT88/az/IuDGALsNVbGg==
    dependencies:
      color-name "1.1.3"
  
  color-convert@^2.0.1:
    version "2.0.1"
    resolved "https://registry.yarnpkg.com/color-convert/-/color-convert-2.0.1.tgz#72d3a68d598c9bdb3af2ad1e84f21d896abd4de3"
    integrity sha512-RRECPsj7iu/xb5oKYcsFHSppFNnsj/52OVTRKb4zP5onXwVF3zVmmToNcOfGC+CRDpfK/U584fMg38ZHCaElKQ==
    dependencies:
      color-name "~1.1.4"
  
  color-name@1.1.3:
    version "1.1.3"
    resolved "https://registry.yarnpkg.com/color-name/-/color-name-1.1.3.tgz#a7d0558bd89c42f795dd42328f740831ca53bc25"
    integrity sha512-72fSenhMw2HZMTVHeCA9KCmpEIbzWiQsjN+BHcBbS9vr1mtt+vJjPdksIBNUmKAW8TFUDPJK5SUU3QhE9NEXDw==
  
  color-name@^1.0.0, color-name@^1.1.4, color-name@~1.1.4:
    version "1.1.4"
    resolved "https://registry.yarnpkg.com/color-name/-/color-name-1.1.4.tgz#c2a09a87acbde69543de6f63fa3995c826c536a2"
    integrity sha512-dOy+3AuW3a2wNbZHIuMZpTcgjGuLU/uBL/ubcZF9OXbDo8ff4O8yVp5Bf0efS8uEoYo5q4Fx7dY9OgQGXgAsQA==
  
  color-string@^1.9.0:
    version "1.9.1"
    resolved "https://registry.yarnpkg.com/color-string/-/color-string-1.9.1.tgz#4467f9146f036f855b764dfb5bf8582bf342c7a4"
    integrity sha512-shrVawQFojnZv6xM40anx4CkoDP+fZsw/ZerEMsW/pyzsRbElpsL/DBVW7q3ExxwusdNXI3lXpuhEZkzs8p5Eg==
    dependencies:
      color-name "^1.0.0"
      simple-swizzle "^0.2.2"
  
  color-support@^1.1.2:
    version "1.1.3"
    resolved "https://registry.yarnpkg.com/color-support/-/color-support-1.1.3.tgz#93834379a1cc9a0c61f82f52f0d04322251bd5a2"
    integrity sha512-qiBjkpbMLO/HL68y+lh4q0/O1MZFj2RX6X/KmMa3+gJD3z+WwI1ZzDHysvqHGS3mP6mznPckpXmw1nI9cJjyRg==
  
  colord@^2.9.1:
    version "2.9.3"
    resolved "https://registry.yarnpkg.com/colord/-/colord-2.9.3.tgz#4f8ce919de456f1d5c1c368c307fe20f3e59fb43"
    integrity sha512-jeC1axXpnb0/2nn/Y1LPuLdgXBLH7aDcHu4KEKfqw3CUhX7ZpfBSlPKyqXE6btIgEzfWtrX3/tyBCaCvXvMkOw==
  
  colorette@^2.0.16:
    version "2.0.19"
    resolved "https://registry.yarnpkg.com/colorette/-/colorette-2.0.19.tgz#cdf044f47ad41a0f4b56b3a0d5b4e6e1a2d5a798"
    integrity sha512-3tlv/dIP7FWvj3BsbHrGLJ6l/oKh1O3TcgBqMn+yyCagOxc23fyzDS6HypQbgxWbkpDnf52p1LuR4eWDQ/K9WQ==
  
  combined-stream@^1.0.6, combined-stream@^1.0.8, combined-stream@~1.0.6:
    version "1.0.8"
    resolved "https://registry.yarnpkg.com/combined-stream/-/combined-stream-1.0.8.tgz#c3d45a8b34fd730631a110a8a2520682b31d5a7f"
    integrity sha512-FQN4MRfuJeHf7cBbBMJFXhKSDq+2kAArBlmRBvcvFE5BB1HZKXtSFASDhdlz9zOYwxh8lDdnvmMOe/+5cdoEdg==
    dependencies:
      delayed-stream "~1.0.0"
  
  commander@^7.2.0:
    version "7.2.0"
    resolved "https://registry.yarnpkg.com/commander/-/commander-7.2.0.tgz#a36cb57d0b501ce108e4d20559a150a391d97ab7"
    integrity sha512-QrWXB+ZQSVPmIWIhtEO9H+gwHaMGYiF5ChvoJ+K9ZGHG/sVsa6yiesAD1GC/x46sET00Xlwo1u49RVVVzvcSkw==
  
  compress-brotli@^1.3.8:
    version "1.3.8"
    resolved "https://registry.yarnpkg.com/compress-brotli/-/compress-brotli-1.3.8.tgz#0c0a60c97a989145314ec381e84e26682e7b38db"
    integrity sha512-lVcQsjhxhIXsuupfy9fmZUFtAIdBmXA7EGY6GBdgZ++qkM9zG4YFT8iU7FoBxzryNDMOpD1HIFHUSX4D87oqhQ==
    dependencies:
      "@types/json-buffer" "~3.0.0"
      json-buffer "~3.0.1"
  
  concat-map@0.0.1:
    version "0.0.1"
    resolved "https://registry.yarnpkg.com/concat-map/-/concat-map-0.0.1.tgz#d8a96bd77fd68df7793a73036a3ba0d5405d477b"
    integrity sha512-/Srv4dswyQNBfohGpz9o6Yb3Gz3SrUDqBH5rTuhGR7ahtlbYKnVxw2bCFMRljaA7EXHaXZ8wsHdodFvbkhKmqg==
  
  configstore@^5.0.1:
    version "5.0.1"
    resolved "https://registry.yarnpkg.com/configstore/-/configstore-5.0.1.tgz#d365021b5df4b98cdd187d6a3b0e3f6a7cc5ed96"
    integrity sha512-aMKprgk5YhBNyH25hj8wGt2+D52Sw1DRRIzqBwLp2Ya9mFmY8KPvvtvmna8SxVR9JMZ4kzMD68N22vlaRpkeFA==
    dependencies:
      dot-prop "^5.2.0"
      graceful-fs "^4.1.2"
      make-dir "^3.0.0"
      unique-string "^2.0.0"
      write-file-atomic "^3.0.0"
      xdg-basedir "^4.0.0"
  
  console-control-strings@^1.0.0, console-control-strings@^1.1.0:
    version "1.1.0"
    resolved "https://registry.yarnpkg.com/console-control-strings/-/console-control-strings-1.1.0.tgz#3d7cf4464db6446ea644bf4b39507f9851008e8e"
    integrity sha512-ty/fTekppD2fIwRvnZAVdeOiGd1c7YXEixbgJTNzqcxJWKQnjJ/V1bNEEE6hygpM3WjwHFUVK6HTjWSzV4a8sQ==
  
  content-type@^1.0.4:
    version "1.0.4"
    resolved "https://registry.yarnpkg.com/content-type/-/content-type-1.0.4.tgz#e138cc75e040c727b1966fe5e5f8c9aee256fe3b"
    integrity sha512-hIP3EEPs8tB9AT1L+NUqtwOAps4mk2Zob89MWXMHjHWg9milF/j4osnnQLXBCBFBk/tvIG/tUc9mOUJiPBhPXA==
  
  convert-source-map@^1.7.0:
    version "1.8.0"
    resolved "https://registry.yarnpkg.com/convert-source-map/-/convert-source-map-1.8.0.tgz#f3373c32d21b4d780dd8004514684fb791ca4369"
    integrity sha512-+OQdjP49zViI/6i7nIJpA8rAl4sV/JdPfU9nZs3VqOwGIgizICvuN2ru6fMd+4llL0tar18UYJXfZ/TWtmhUjA==
    dependencies:
      safe-buffer "~5.1.1"
  
  core-js@^3.6.5:
    version "3.25.0"
    resolved "https://registry.yarnpkg.com/core-js/-/core-js-3.25.0.tgz#be71d9e0dd648ffd70c44a7ec2319d039357eceb"
    integrity sha512-CVU1xvJEfJGhyCpBrzzzU1kjCfgsGUxhEvwUV2e/cOedYWHdmluamx+knDnmhqALddMG16fZvIqvs9aijsHHaA==
  
  core-util-is@1.0.2:
    version "1.0.2"
    resolved "https://registry.yarnpkg.com/core-util-is/-/core-util-is-1.0.2.tgz#b5fd54220aa2bc5ab57aab7140c940754503c1a7"
    integrity sha512-3lqz5YjWTYnW6dlDa5TLaTCcShfar1e40rmcJVwCBJC6mWlFuj0eCHIElmG1g5kyuJ/GD+8Wn4FFCcz4gJPfaQ==
  
  core-util-is@~1.0.0:
    version "1.0.3"
    resolved "https://registry.yarnpkg.com/core-util-is/-/core-util-is-1.0.3.tgz#a6042d3634c2b27e9328f837b965fac83808db85"
    integrity sha512-ZQBvi1DcpJ4GDqanjucZ2Hj3wEO5pZDS89BWbkcrvdxksJorwUDDZamX9ldFkp9aw2lmBDLgkObEA4DWNJ9FYQ==
  
  cosmiconfig@^7.0.0:
    version "7.0.1"
    resolved "https://registry.yarnpkg.com/cosmiconfig/-/cosmiconfig-7.0.1.tgz#714d756522cace867867ccb4474c5d01bbae5d6d"
    integrity sha512-a1YWNUV2HwGimB7dU2s1wUMurNKjpx60HxBB6xUM8Re+2s1g1IIfJvFR0/iCF+XHdE0GMTKTuLR32UQff4TEyQ==
    dependencies:
      "@types/parse-json" "^4.0.0"
      import-fresh "^3.2.1"
      parse-json "^5.0.0"
      path-type "^4.0.0"
      yaml "^1.10.0"
  
  cross-fetch@3.1.5, cross-fetch@^3.0.6, cross-fetch@^3.1.5:
    version "3.1.5"
    resolved "https://registry.yarnpkg.com/cross-fetch/-/cross-fetch-3.1.5.tgz#e1389f44d9e7ba767907f7af8454787952ab534f"
    integrity sha512-lvb1SBsI0Z7GDwmuid+mU3kWVBwTVUbe7S0H52yaaAdQOXq2YktTCZdlAcNKFzE6QtRz0snpw9bNiPeOIkkQvw==
    dependencies:
      node-fetch "2.6.7"
  
  cross-spawn@^5.0.1:
    version "5.1.0"
    resolved "https://registry.yarnpkg.com/cross-spawn/-/cross-spawn-5.1.0.tgz#e8bd0efee58fcff6f8f94510a0a554bbfa235449"
    integrity sha512-pTgQJ5KC0d2hcY8eyL1IzlBPYjTkyH72XRZPnLyKus2mBfNjQs3klqbJU2VILqZryAZUt9JOb3h/mWMy23/f5A==
    dependencies:
      lru-cache "^4.0.1"
      shebang-command "^1.2.0"
      which "^1.2.9"
  
  cross-spawn@^6.0.5:
    version "6.0.5"
    resolved "https://registry.yarnpkg.com/cross-spawn/-/cross-spawn-6.0.5.tgz#4a5ec7c64dfae22c3a14124dbacdee846d80cbc4"
    integrity sha512-eTVLrBSt7fjbDygz805pMnstIs2VTBNkRm0qxZd+M7A5XDdxVRWO5MxGBXZhjY4cqLYLdtrGqRf8mBPmzwSpWQ==
    dependencies:
      nice-try "^1.0.4"
      path-key "^2.0.1"
      semver "^5.5.0"
      shebang-command "^1.2.0"
      which "^1.2.9"
  
  cross-spawn@^7.0.0, cross-spawn@^7.0.2, cross-spawn@^7.0.3:
    version "7.0.3"
    resolved "https://registry.yarnpkg.com/cross-spawn/-/cross-spawn-7.0.3.tgz#f73a85b9d5d41d045551c177e2882d4ac85728a6"
    integrity sha512-iRDPJKUPVEND7dHPO8rkbOnPpyDygcDFtWjpeWNCgy8WP2rXcxXL8TskReQl6OrB2G7+UJrags1q15Fudc7G6w==
    dependencies:
      path-key "^3.1.0"
      shebang-command "^2.0.0"
      which "^2.0.1"
  
  crypto-random-string@^2.0.0:
    version "2.0.0"
    resolved "https://registry.yarnpkg.com/crypto-random-string/-/crypto-random-string-2.0.0.tgz#ef2a7a966ec11083388369baa02ebead229b30d5"
    integrity sha512-v1plID3y9r/lPhviJ1wrXpLeyUIGAZ2SHNYTEapm7/8A9nLPoyvVp3RK/EPFqn5kEznyWgYZNsRtYYIWbuG8KA==
  
  css-declaration-sorter@^6.3.0:
    version "6.3.0"
    resolved "https://registry.yarnpkg.com/css-declaration-sorter/-/css-declaration-sorter-6.3.0.tgz#72ebd995c8f4532ff0036631f7365cce9759df14"
    integrity sha512-OGT677UGHJTAVMRhPO+HJ4oKln3wkBTwtDFH0ojbqm+MJm6xuDMHp2nkhh/ThaBqq20IbraBQSWKfSLNHQO9Og==
  
  css-select@^4.1.3, css-select@^4.3.0:
    version "4.3.0"
    resolved "https://registry.yarnpkg.com/css-select/-/css-select-4.3.0.tgz#db7129b2846662fd8628cfc496abb2b59e41529b"
    integrity sha512-wPpOYtnsVontu2mODhA19JrqWxNsfdatRKd64kmpRbQgh1KtItko5sTnEpPdpSaJszTOhEMlF/RPz28qj4HqhQ==
    dependencies:
      boolbase "^1.0.0"
      css-what "^6.0.1"
      domhandler "^4.3.1"
      domutils "^2.8.0"
      nth-check "^2.0.1"
  
  css-tree@^1.1.2, css-tree@^1.1.3:
    version "1.1.3"
    resolved "https://registry.yarnpkg.com/css-tree/-/css-tree-1.1.3.tgz#eb4870fb6fd7707327ec95c2ff2ab09b5e8db91d"
    integrity sha512-tRpdppF7TRazZrjJ6v3stzv93qxRcSsFmW6cX0Zm2NVKpxE1WV1HblnghVv9TreireHkqI/VDEsfolRF1p6y7Q==
    dependencies:
      mdn-data "2.0.14"
      source-map "^0.6.1"
  
  css-what@^6.0.1:
    version "6.1.0"
    resolved "https://registry.yarnpkg.com/css-what/-/css-what-6.1.0.tgz#fb5effcf76f1ddea2c81bdfaa4de44e79bac70f4"
    integrity sha512-HTUrgRJ7r4dsZKU6GjmpfRK1O76h97Z8MfS1G0FozR+oF2kG6Vfe8JE6zwrkbxigziPHinCJ+gCPjA9EaBDtRw==
  
  cssesc@^3.0.0:
    version "3.0.0"
    resolved "https://registry.yarnpkg.com/cssesc/-/cssesc-3.0.0.tgz#37741919903b868565e1c09ea747445cd18983ee"
    integrity sha512-/Tb/JcjK111nNScGob5MNtsntNM1aCNUDipB/TkwZFhyDrrE47SOx/18wF2bbjgc3ZzCSKW1T5nt5EbFoAz/Vg==
  
  cssnano-preset-default@^5.1.9:
    version "5.2.12"
    resolved "https://registry.yarnpkg.com/cssnano-preset-default/-/cssnano-preset-default-5.2.12.tgz#ebe6596ec7030e62c3eb2b3c09f533c0644a9a97"
    integrity sha512-OyCBTZi+PXgylz9HAA5kHyoYhfGcYdwFmyaJzWnzxuGRtnMw/kR6ilW9XzlzlRAtB6PLT/r+prYgkef7hngFew==
    dependencies:
      css-declaration-sorter "^6.3.0"
      cssnano-utils "^3.1.0"
      postcss-calc "^8.2.3"
      postcss-colormin "^5.3.0"
      postcss-convert-values "^5.1.2"
      postcss-discard-comments "^5.1.2"
      postcss-discard-duplicates "^5.1.0"
      postcss-discard-empty "^5.1.1"
      postcss-discard-overridden "^5.1.0"
      postcss-merge-longhand "^5.1.6"
      postcss-merge-rules "^5.1.2"
      postcss-minify-font-values "^5.1.0"
      postcss-minify-gradients "^5.1.1"
      postcss-minify-params "^5.1.3"
      postcss-minify-selectors "^5.2.1"
      postcss-normalize-charset "^5.1.0"
      postcss-normalize-display-values "^5.1.0"
      postcss-normalize-positions "^5.1.1"
      postcss-normalize-repeat-style "^5.1.1"
      postcss-normalize-string "^5.1.0"
      postcss-normalize-timing-functions "^5.1.0"
      postcss-normalize-unicode "^5.1.0"
      postcss-normalize-url "^5.1.0"
      postcss-normalize-whitespace "^5.1.1"
      postcss-ordered-values "^5.1.3"
      postcss-reduce-initial "^5.1.0"
      postcss-reduce-transforms "^5.1.0"
      postcss-svgo "^5.1.0"
      postcss-unique-selectors "^5.1.1"
  
  cssnano-utils@^3.1.0:
    version "3.1.0"
    resolved "https://registry.yarnpkg.com/cssnano-utils/-/cssnano-utils-3.1.0.tgz#95684d08c91511edfc70d2636338ca37ef3a6861"
    integrity sha512-JQNR19/YZhz4psLX/rQ9M83e3z2Wf/HdJbryzte4a3NSuafyp9w/I4U+hx5C2S9g41qlstH7DEWnZaaj83OuEA==
  
  cssnano@5.0.14:
    version "5.0.14"
    resolved "https://registry.yarnpkg.com/cssnano/-/cssnano-5.0.14.tgz#99bc550f663b48c38e9b8e0ae795697c9de84b47"
    integrity sha512-qzhRkFvBhv08tbyKCIfWbxBXmkIpLl1uNblt8SpTHkgLfON5OCPX/CCnkdNmEosvo8bANQYmTTMEgcVBlisHaw==
    dependencies:
      cssnano-preset-default "^5.1.9"
      lilconfig "^2.0.3"
      yaml "^1.10.2"
  
  csso@^4.2.0:
    version "4.2.0"
    resolved "https://registry.yarnpkg.com/csso/-/csso-4.2.0.tgz#ea3a561346e8dc9f546d6febedd50187cf389529"
    integrity sha512-wvlcdIbf6pwKEk7vHj8/Bkc0B4ylXZruLvOgs9doS5eOsOpuodOV2zJChSpkp+pRpYQLQMeF04nr3Z68Sta9jA==
    dependencies:
      css-tree "^1.1.2"
  
  cssom@^0.5.0:
    version "0.5.0"
    resolved "https://registry.yarnpkg.com/cssom/-/cssom-0.5.0.tgz#d254fa92cd8b6fbd83811b9fbaed34663cc17c36"
    integrity sha512-iKuQcq+NdHqlAcwUY0o/HL69XQrUaQdMjmStJ8JFmUaiiQErlhrmuigkg/CU4E2J0IyUKUrMAgl36TvN67MqTw==
  
  cssom@~0.3.6:
    version "0.3.8"
    resolved "https://registry.yarnpkg.com/cssom/-/cssom-0.3.8.tgz#9f1276f5b2b463f2114d3f2c75250af8c1a36f4a"
    integrity sha512-b0tGHbfegbhPJpxpiBPU2sCkigAqtM9O121le6bbOlgyV+NyGyCmVfJ6QW9eRjz8CpNfWEOYBIMIGRYkLwsIYg==
  
  cssstyle@^2.3.0:
    version "2.3.0"
    resolved "https://registry.yarnpkg.com/cssstyle/-/cssstyle-2.3.0.tgz#ff665a0ddbdc31864b09647f34163443d90b0852"
    integrity sha512-AZL67abkUzIuvcHqk7c09cezpGNcxUxU4Ioi/05xHk4DQeTkWmGYftIE6ctU6AEt+Gn4n1lDStOtj7FKycP71A==
    dependencies:
      cssom "~0.3.6"
  
  dashdash@^1.12.0:
    version "1.14.1"
    resolved "https://registry.yarnpkg.com/dashdash/-/dashdash-1.14.1.tgz#853cfa0f7cbe2fed5de20326b8dd581035f6e2f0"
    integrity sha512-jRFi8UDGo6j+odZiEpjazZaWqEal3w/basFjQHQEwVtZJGDpxbH1MeYluwCS8Xq5wmLJooDlMgvVarmWfGM44g==
    dependencies:
      assert-plus "^1.0.0"
  
  data-uri-to-buffer@3:
    version "3.0.1"
    resolved "https://registry.yarnpkg.com/data-uri-to-buffer/-/data-uri-to-buffer-3.0.1.tgz#594b8973938c5bc2c33046535785341abc4f3636"
    integrity sha512-WboRycPNsVw3B3TL559F7kuBUM4d8CgMEvk6xEJlOp7OBPjt6G7z8WMWlD2rOFZLk6OYfFIUGsCOWzcQH9K2og==
  
  data-urls@^3.0.1, data-urls@^3.0.2:
    version "3.0.2"
    resolved "https://registry.yarnpkg.com/data-urls/-/data-urls-3.0.2.tgz#9cf24a477ae22bcef5cd5f6f0bfbc1d2d3be9143"
    integrity sha512-Jy/tj3ldjZJo63sVAvg6LHt2mHvl4V6AgRAmNDtLdm7faqtsx+aJG42rsyCo9JCoRVKwPFzKlIPx3DIibwSIaQ==
    dependencies:
      abab "^2.0.6"
      whatwg-mimetype "^3.0.0"
      whatwg-url "^11.0.0"
  
  debug@4, debug@4.3.4, debug@^4.0.0, debug@^4.0.1, debug@^4.1.0, debug@^4.1.1, debug@^4.3.1, debug@^4.3.3, debug@^4.3.4:
    version "4.3.4"
    resolved "https://registry.yarnpkg.com/debug/-/debug-4.3.4.tgz#1319f6579357f2338d3337d2cdd4914bb5dcc865"
    integrity sha512-PRWFHuSU3eDtQJPvnNY7Jcket1j0t5OuOsFzPPzsekD52Zl8qUfFIPEiswXqIvHWGVHOgX+7G/vCNNhehwxfkQ==
    dependencies:
      ms "2.1.2"
  
  decamelize-keys@^1.1.0:
    version "1.1.0"
    resolved "https://registry.yarnpkg.com/decamelize-keys/-/decamelize-keys-1.1.0.tgz#d171a87933252807eb3cb61dc1c1445d078df2d9"
    integrity sha512-ocLWuYzRPoS9bfiSdDd3cxvrzovVMZnRDVEzAs+hWIVXGDbHxWMECij2OBuyB/An0FFW/nLuq6Kv1i/YC5Qfzg==
    dependencies:
      decamelize "^1.1.0"
      map-obj "^1.0.0"
  
  decamelize@^1.1.0, decamelize@^1.2.0:
    version "1.2.0"
    resolved "https://registry.yarnpkg.com/decamelize/-/decamelize-1.2.0.tgz#f6534d15148269b20352e7bee26f501f9a191290"
    integrity sha512-z2S+W9X73hAUUki+N+9Za2lBlun89zigOyGrsax+KUQ6wKW4ZoWpEYBkGhQjwAjjDCkWxhY0VKEhk8wzY7F5cA==
  
  decimal.js@^10.3.1:
    version "10.4.0"
    resolved "https://registry.yarnpkg.com/decimal.js/-/decimal.js-10.4.0.tgz#97a7448873b01e92e5ff9117d89a7bca8e63e0fe"
    integrity sha512-Nv6ENEzyPQ6AItkGwLE2PGKinZZ9g59vSh2BeH6NqPu0OTKZ5ruJsVqh/orbAnqXc9pBbgXAIrc2EyaCj8NpGg==
  
  decompress-response@^3.3.0:
    version "3.3.0"
    resolved "https://registry.yarnpkg.com/decompress-response/-/decompress-response-3.3.0.tgz#80a4dd323748384bfa248083622aedec982adff3"
    integrity sha512-BzRPQuY1ip+qDonAOz42gRm/pg9F768C+npV/4JOsxRC2sq+Rlk+Q4ZCAsOhnIaMrgarILY+RMUIvMmmX1qAEA==
    dependencies:
      mimic-response "^1.0.0"
  
  decompress-response@^4.2.0:
    version "4.2.1"
    resolved "https://registry.yarnpkg.com/decompress-response/-/decompress-response-4.2.1.tgz#414023cc7a302da25ce2ec82d0d5238ccafd8986"
    integrity sha512-jOSne2qbyE+/r8G1VU+G/82LBs2Fs4LAsTiLSHOCOMZQl2OKZ6i8i4IyHemTe+/yIXOtTcRQMzPcgyhoFlqPkw==
    dependencies:
      mimic-response "^2.0.0"
  
  decompress-response@^6.0.0:
    version "6.0.0"
    resolved "https://registry.yarnpkg.com/decompress-response/-/decompress-response-6.0.0.tgz#ca387612ddb7e104bd16d85aab00d5ecf09c66fc"
    integrity sha512-aW35yZM6Bb/4oJlZncMH2LCoZtJXTRxES17vE3hoRiowU2kWHaJKFkSBDnDR+cm9J+9QhXmREyIfv0pji9ejCQ==
    dependencies:
      mimic-response "^3.1.0"
  
  dedent@^0.7.0:
    version "0.7.0"
    resolved "https://registry.yarnpkg.com/dedent/-/dedent-0.7.0.tgz#2495ddbaf6eb874abb0e1be9df22d2e5a544326c"
    integrity sha512-Q6fKUPqnAHAyhiUgFU7BUzLiv0kd8saH9al7tnu5Q/okj6dnupxyTgFIBjVzJATdfIAm9NAsvXNzjaKa+bxVyA==
  
  deep-extend@^0.6.0:
    version "0.6.0"
    resolved "https://registry.yarnpkg.com/deep-extend/-/deep-extend-0.6.0.tgz#c4fa7c95404a17a9c3e8ca7e1537312b736330ac"
    integrity sha512-LOHxIOaPYdHlJRtCQfDIVZtfw/ufM8+rVj649RIHzcm/vGwQRXFt6OPqIFWsm2XEMrNIEtWR64sY1LEKD2vAOA==
  
  deep-is@^0.1.3, deep-is@~0.1.3:
    version "0.1.4"
    resolved "https://registry.yarnpkg.com/deep-is/-/deep-is-0.1.4.tgz#a6f2dce612fadd2ef1f519b73551f17e85199831"
    integrity sha512-oIPzksmTg4/MriiaYGO+okXDT7ztn/w3Eptv/+gSIdMdKsJo0u4CfYNFJPy+4SKMuCqGw2wxnA+URMg3t8a/bQ==
  
  defaults@^1.0.3:
    version "1.0.3"
    resolved "https://registry.yarnpkg.com/defaults/-/defaults-1.0.3.tgz#c656051e9817d9ff08ed881477f3fe4019f3ef7d"
    integrity sha512-s82itHOnYrN0Ib8r+z7laQz3sdE+4FP3d9Q7VLO7U+KRT+CR0GsWuyHxzdAY82I7cXv0G/twrqomTJLOssO5HA==
    dependencies:
      clone "^1.0.2"
  
  defer-to-connect@^1.0.1:
    version "1.1.3"
    resolved "https://registry.yarnpkg.com/defer-to-connect/-/defer-to-connect-1.1.3.tgz#331ae050c08dcf789f8c83a7b81f0ed94f4ac591"
    integrity sha512-0ISdNousHvZT2EiFlZeZAHBUvSxmKswVCEf8hW7KWgG4a8MVEu/3Vb6uWYozkjylyCxe0JBIiRB1jV45S70WVQ==
  
  defer-to-connect@^2.0.0:
    version "2.0.1"
    resolved "https://registry.yarnpkg.com/defer-to-connect/-/defer-to-connect-2.0.1.tgz#8016bdb4143e4632b77a3449c6236277de520587"
    integrity sha512-4tvttepXG1VaYGrRibk5EwJd1t4udunSOVMdLSAL6mId1ix438oPwPZMALY41FCijukO1L0twNcGsdzS7dHgDg==
  
  define-properties@^1.1.3, define-properties@^1.1.4:
    version "1.1.4"
    resolved "https://registry.yarnpkg.com/define-properties/-/define-properties-1.1.4.tgz#0b14d7bd7fbeb2f3572c3a7eda80ea5d57fb05b1"
    integrity sha512-uckOqKcfaVvtBdsVkdPv3XjveQJsNQqmhXgRi8uhvWWuPYZCNlzT8qAyblUgNoXdHdjMTzAqeGjAoli8f+bzPA==
    dependencies:
      has-property-descriptors "^1.0.0"
      object-keys "^1.1.1"
  
  defined@^1.0.0:
    version "1.0.0"
    resolved "https://registry.yarnpkg.com/defined/-/defined-1.0.0.tgz#c98d9bcef75674188e110969151199e39b1fa693"
    integrity sha512-Y2caI5+ZwS5c3RiNDJ6u53VhQHv+hHKwhkI1iHvceKUHw9Df6EK2zRLfjejRgMuCuxK7PfSWIMwWecceVvThjQ==
  
  degenerator@^3.0.2:
    version "3.0.2"
    resolved "https://registry.yarnpkg.com/degenerator/-/degenerator-3.0.2.tgz#6a61fcc42a702d6e50ff6023fe17bff435f68235"
    integrity sha512-c0mef3SNQo56t6urUU6tdQAs+ThoD0o9B9MJ8HEt7NQcGEILCRFqQb7ZbP9JAv+QF1Ky5plydhMR/IrqWDm+TQ==
    dependencies:
      ast-types "^0.13.2"
      escodegen "^1.8.1"
      esprima "^4.0.0"
      vm2 "^3.9.8"
  
  delayed-stream@~1.0.0:
    version "1.0.0"
    resolved "https://registry.yarnpkg.com/delayed-stream/-/delayed-stream-1.0.0.tgz#df3ae199acadfb7d440aaae0b29e2272b24ec619"
    integrity sha512-ZySD7Nf91aLB0RxL4KGrKHBXl7Eds1DAmEdcoVawXnLD7SDhpNgtuII2aAkg7a7QS41jxPSZ17p4VdGnMHk3MQ==
  
  delegate@^3.1.2:
    version "3.2.0"
    resolved "https://registry.yarnpkg.com/delegate/-/delegate-3.2.0.tgz#b66b71c3158522e8ab5744f720d8ca0c2af59166"
    integrity sha512-IofjkYBZaZivn0V8nnsMJGBr4jVLxHDheKSW88PyxS5QC4Vo9ZbZVvhzlSxY87fVq3STR6r+4cGepyHkcWOQSw==
  
  delegates@^1.0.0:
    version "1.0.0"
    resolved "https://registry.yarnpkg.com/delegates/-/delegates-1.0.0.tgz#84c6e159b81904fdca59a0ef44cd870d31250f9a"
    integrity sha512-bd2L678uiWATM6m5Z1VzNCErI3jiGzt6HGY8OVICs40JQq/HALfbyNJmp0UDakEY4pMMaN0Ly5om/B1VI/+xfQ==
  
  depd@2.0.0:
    version "2.0.0"
    resolved "https://registry.yarnpkg.com/depd/-/depd-2.0.0.tgz#b696163cc757560d09cf22cc8fad1571b79e76df"
    integrity sha512-g7nH6P6dyDioJogAAGprGpCtVImJhpPk/roCzdb3fIh61/s/nPsfR6onyMwkCAR/OlC3yBC0lESvUoQEAssIrw==
  
  depd@^1.1.2:
    version "1.1.2"
    resolved "https://registry.yarnpkg.com/depd/-/depd-1.1.2.tgz#9bcd52e14c097763e749b274c4346ed2e560b5a9"
    integrity sha512-7emPTl6Dpo6JRXOXjLRxck+FlLRX5847cLKEn00PLAgc3g2hTZZgr+e4c2v6QpSmLeFP3n5yUo7ft6avBK/5jQ==
  
  detect-libc@^2.0.0:
    version "2.0.1"
    resolved "https://registry.yarnpkg.com/detect-libc/-/detect-libc-2.0.1.tgz#e1897aa88fa6ad197862937fbc0441ef352ee0cd"
    integrity sha512-463v3ZeIrcWtdgIg6vI6XUncguvr2TnGl4SzDXinkt9mSLpBJKXT3mW6xT3VQdDN11+WVs29pgvivTc4Lp8v+w==
  
  detective@^5.2.1:
    version "5.2.1"
    resolved "https://registry.yarnpkg.com/detective/-/detective-5.2.1.tgz#6af01eeda11015acb0e73f933242b70f24f91034"
    integrity sha512-v9XE1zRnz1wRtgurGu0Bs8uHKFSTdteYZNbIPFVhUZ39L/S79ppMpdmVOZAnoz1jfEFodc48n6MX483Xo3t1yw==
    dependencies:
      acorn-node "^1.8.2"
      defined "^1.0.0"
      minimist "^1.2.6"
  
  devtools-protocol@0.0.981744:
    version "0.0.981744"
    resolved "https://registry.yarnpkg.com/devtools-protocol/-/devtools-protocol-0.0.981744.tgz#9960da0370284577d46c28979a0b32651022bacf"
    integrity sha512-0cuGS8+jhR67Fy7qG3i3Pc7Aw494sb9yG9QgpG97SFVWwolgYjlhJg7n+UaHxOQT30d1TYu/EYe9k01ivLErIg==
  
  didyoumean@^1.2.2:
    version "1.2.2"
    resolved "https://registry.yarnpkg.com/didyoumean/-/didyoumean-1.2.2.tgz#989346ffe9e839b4555ecf5666edea0d3e8ad037"
    integrity sha512-gxtyfqMg7GKyhQmb056K7M3xszy/myH8w+B4RT+QXBQsvAOdc3XymqDDPHx1BgPgsdAA5SIifona89YtRATDzw==
  
  dir-glob@^3.0.1:
    version "3.0.1"
    resolved "https://registry.yarnpkg.com/dir-glob/-/dir-glob-3.0.1.tgz#56dbf73d992a4a93ba1584f4534063fd2e41717f"
    integrity sha512-WkrWp9GR4KXfKGYzOLmTuGVi1UWFfws377n9cc55/tb6DuqyF6pcQ5AbiHEshaDpY9v6oaSr2XCDidGmMwdzIA==
    dependencies:
      path-type "^4.0.0"
  
  dlv@^1.1.3:
    version "1.1.3"
    resolved "https://registry.yarnpkg.com/dlv/-/dlv-1.1.3.tgz#5c198a8a11453596e751494d49874bc7732f2e79"
    integrity sha512-+HlytyjlPKnIG8XuRG8WvmBP8xs8P71y+SKKS6ZXWoEgLuePxtDoUEiH7WkdePWrQ5JBpE6aoVqfZfJUQkjXwA==
  
  doctrine@^3.0.0:
    version "3.0.0"
    resolved "https://registry.yarnpkg.com/doctrine/-/doctrine-3.0.0.tgz#addebead72a6574db783639dc87a121773973961"
    integrity sha512-yS+Q5i3hBf7GBkd4KG8a7eBNNWNGLTaEwwYWUijIYM7zrlYDM0BFXHjjPWlWZ1Rg7UaddZeIDmi9jF3HmqiQ2w==
    dependencies:
      esutils "^2.0.2"
  
  dom-serializer@0:
    version "0.2.2"
    resolved "https://registry.yarnpkg.com/dom-serializer/-/dom-serializer-0.2.2.tgz#1afb81f533717175d478655debc5e332d9f9bb51"
    integrity sha512-2/xPb3ORsQ42nHYiSunXkDjPLBaEj/xTwUO4B7XCZQTRk7EBtTOPaygh10YAAh2OI1Qrp6NWfpAhzswj0ydt9g==
    dependencies:
      domelementtype "^2.0.1"
      entities "^2.0.0"
  
  dom-serializer@^1.0.1:
    version "1.4.1"
    resolved "https://registry.yarnpkg.com/dom-serializer/-/dom-serializer-1.4.1.tgz#de5d41b1aea290215dc45a6dae8adcf1d32e2d30"
    integrity sha512-VHwB3KfrcOOkelEG2ZOfxqLZdfkil8PtJi4P8N2MMXucZq2yLp75ClViUlOVwyoHEDjYU433Aq+5zWP61+RGag==
    dependencies:
      domelementtype "^2.0.1"
      domhandler "^4.2.0"
      entities "^2.0.0"
  
  domelementtype@1, domelementtype@^1.3.1:
    version "1.3.1"
    resolved "https://registry.yarnpkg.com/domelementtype/-/domelementtype-1.3.1.tgz#d048c44b37b0d10a7f2a3d5fee3f4333d790481f"
    integrity sha512-BSKB+TSpMpFI/HOxCNr1O8aMOTZ8hT3pM3GQ0w/mWRmkhEDSFJkkyzz4XQsBV44BChwGkrDfMyjVD0eA2aFV3w==
  
  domelementtype@^2.0.1, domelementtype@^2.2.0:
    version "2.3.0"
    resolved "https://registry.yarnpkg.com/domelementtype/-/domelementtype-2.3.0.tgz#5c45e8e869952626331d7aab326d01daf65d589d"
    integrity sha512-OLETBj6w0OsagBwdXnPdN0cnMfF9opN69co+7ZrbfPGrdpPVNBUj02spi6B1N7wChLQiPn4CSH/zJvXw56gmHw==
  
  domexception@^4.0.0:
    version "4.0.0"
    resolved "https://registry.yarnpkg.com/domexception/-/domexception-4.0.0.tgz#4ad1be56ccadc86fc76d033353999a8037d03673"
    integrity sha512-A2is4PLG+eeSfoTMA95/s4pvAoSo2mKtiM5jlHkAVewmiO8ISFTFKZjH7UAM1Atli/OT/7JHOrJRJiMKUZKYBw==
    dependencies:
      webidl-conversions "^7.0.0"
  
  domhandler@^2.3.0:
    version "2.4.2"
    resolved "https://registry.yarnpkg.com/domhandler/-/domhandler-2.4.2.tgz#8805097e933d65e85546f726d60f5eb88b44f803"
    integrity sha512-JiK04h0Ht5u/80fdLMCEmV4zkNh2BcoMFBmZ/91WtYZ8qVXSKjiw7fXMgFPnHcSZgOo3XdinHvmnDUeMf5R4wA==
    dependencies:
      domelementtype "1"
  
  domhandler@^4.2.0, domhandler@^4.3.1:
    version "4.3.1"
    resolved "https://registry.yarnpkg.com/domhandler/-/domhandler-4.3.1.tgz#8d792033416f59d68bc03a5aa7b018c1ca89279c"
    integrity sha512-GrwoxYN+uWlzO8uhUXRl0P+kHE4GtVPfYzVLcUxPL7KNdHKj66vvlhiweIHqYYXWlw+T8iLMp42Lm67ghw4WMQ==
    dependencies:
      domelementtype "^2.2.0"
  
  domutils@^1.5.1:
    version "1.7.0"
    resolved "https://registry.yarnpkg.com/domutils/-/domutils-1.7.0.tgz#56ea341e834e06e6748af7a1cb25da67ea9f8c2a"
    integrity sha512-Lgd2XcJ/NjEw+7tFvfKxOzCYKZsdct5lczQ2ZaQY8Djz7pfAD3Gbp8ySJWtreII/vDlMVmxwa6pHmdxIYgttDg==
    dependencies:
      dom-serializer "0"
      domelementtype "1"
  
  domutils@^2.8.0:
    version "2.8.0"
    resolved "https://registry.yarnpkg.com/domutils/-/domutils-2.8.0.tgz#4437def5db6e2d1f5d6ee859bd95ca7d02048135"
    integrity sha512-w96Cjofp72M5IIhpjgobBimYEfoPjx1Vx0BSX9P30WBdZW2WIKU0T1Bd0kz2eNZ9ikjKgHbEyKx8BB6H1L3h3A==
    dependencies:
      dom-serializer "^1.0.1"
      domelementtype "^2.2.0"
      domhandler "^4.2.0"
  
  dot-prop@^5.2.0:
    version "5.3.0"
    resolved "https://registry.yarnpkg.com/dot-prop/-/dot-prop-5.3.0.tgz#90ccce708cd9cd82cc4dc8c3ddd9abdd55b20e88"
    integrity sha512-QM8q3zDe58hqUqjraQOmzZ1LIH9SWQJTlEKCH4kJ2oQvLZk7RbQXvtDM2XEq3fwkV9CCvvH4LA0AV+ogFsBM2Q==
    dependencies:
      is-obj "^2.0.0"
  
  duplexer3@^0.1.4:
    version "0.1.5"
    resolved "https://registry.yarnpkg.com/duplexer3/-/duplexer3-0.1.5.tgz#0b5e4d7bad5de8901ea4440624c8e1d20099217e"
    integrity sha512-1A8za6ws41LQgv9HrE/66jyC5yuSjQ3L/KOpFtoBilsAK2iA2wuS5rTt1OCzIvtS2V7nVmedsUU+DGRcjBmOYA==
  
  ecc-jsbn@~0.1.1:
    version "0.1.2"
    resolved "https://registry.yarnpkg.com/ecc-jsbn/-/ecc-jsbn-0.1.2.tgz#3a83a904e54353287874c564b7549386849a98c9"
    integrity sha512-eh9O+hwRHNbG4BLTjEl3nw044CkGm5X6LoaCf7LPp7UU8Qrt47JYNi6nPX8xjW97TKGKm1ouctg0QSpZe9qrnw==
    dependencies:
      jsbn "~0.1.0"
      safer-buffer "^2.1.0"
  
  ejs@^3.1.8:
    version "3.1.8"
    resolved "https://registry.yarnpkg.com/ejs/-/ejs-3.1.8.tgz#758d32910c78047585c7ef1f92f9ee041c1c190b"
    integrity sha512-/sXZeMlhS0ArkfX2Aw780gJzXSMPnKjtspYZv+f3NiKLlubezAHDU5+9xz6gd3/NhG3txQCo6xlglmTS+oTGEQ==
    dependencies:
      jake "^10.8.5"
  
  electron-to-chromium@^1.4.202:
    version "1.4.237"
    resolved "https://registry.yarnpkg.com/electron-to-chromium/-/electron-to-chromium-1.4.237.tgz#c695c5fedc3bb48f04ba1b39470c5aef2aaafd84"
    integrity sha512-vxVyGJcsgArNOVUJcXm+7iY3PJAfmSapEszQD1HbyPLl0qoCmNQ1o/EX3RI7Et5/88In9oLxX3SGF8J3orkUgA==
  
  emoji-regex@^8.0.0:
    version "8.0.0"
    resolved "https://registry.yarnpkg.com/emoji-regex/-/emoji-regex-8.0.0.tgz#e818fd69ce5ccfcb404594f842963bf53164cc37"
    integrity sha512-MSjYzcWNOA0ewAHpz0MxpYFvwg6yjy1NG3xteoqz644VCo/RPgnr1/GGt+ic3iJTzQ8Eu3TdM14SawnVUmGE6A==
  
  encoding@^0.1.13:
    version "0.1.13"
    resolved "https://registry.yarnpkg.com/encoding/-/encoding-0.1.13.tgz#56574afdd791f54a8e9b2785c0582a2d26210fa9"
    integrity sha512-ETBauow1T35Y/WZMkio9jiM0Z5xjHHmJ4XmjZOq1l/dXz3lr2sRn87nJy20RupqSh1F2m3HHPSp8ShIPQJrJ3A==
    dependencies:
      iconv-lite "^0.6.2"
  
  end-of-stream@^1.1.0, end-of-stream@^1.4.1:
    version "1.4.4"
    resolved "https://registry.yarnpkg.com/end-of-stream/-/end-of-stream-1.4.4.tgz#5ae64a5f45057baf3626ec14da0ca5e4b2431eb0"
    integrity sha512-+uw1inIHVPQoaVuHzRyXd21icM+cnt4CzD5rW+NC1wjOUSTOs+Te7FOv7AhN7vS9x/oIyhLP5PR1H+phQAHu5Q==
    dependencies:
      once "^1.4.0"
  
  enquirer@^2.3.5, enquirer@^2.3.6:
    version "2.3.6"
    resolved "https://registry.yarnpkg.com/enquirer/-/enquirer-2.3.6.tgz#2a7fe5dd634a1e4125a975ec994ff5456dc3734d"
    integrity sha512-yjNnPr315/FjS4zIsUxYguYUPP2e1NK4d7E7ZOLiyYCcbFBiTMyID+2wvm2w6+pZ/odMA7cRkjhsPbltwBOrLg==
    dependencies:
      ansi-colors "^4.1.1"
  
  entities@^1.1.1:
    version "1.1.2"
    resolved "https://registry.yarnpkg.com/entities/-/entities-1.1.2.tgz#bdfa735299664dfafd34529ed4f8522a275fea56"
    integrity sha512-f2LZMYl1Fzu7YSBKg+RoROelpOaNrcGmE9AZubeDfrCEia483oW4MI4VyFd5VNHIgQ/7qm1I0wUHK1eJnn2y2w==
  
  entities@^2.0.0:
    version "2.2.0"
    resolved "https://registry.yarnpkg.com/entities/-/entities-2.2.0.tgz#098dc90ebb83d8dffa089d55256b351d34c4da55"
    integrity sha512-p92if5Nz619I0w+akJrLZH0MX0Pb5DX39XOwQTtXSdQQOaYH03S1uIQp4mhOZtAXrxq4ViO67YTiLBo2638o9A==
  
  err-code@^2.0.2:
    version "2.0.3"
    resolved "https://registry.yarnpkg.com/err-code/-/err-code-2.0.3.tgz#23c2f3b756ffdfc608d30e27c9a941024807e7f9"
    integrity sha512-2bmlRpNKBxT/CRmPOlyISQpNj+qSeYvcym/uT0Jx2bMOlKLtSy1ZmLuVxSEKKyor/N5yhvp/ZiG1oE3DEYMSFA==
  
  error-ex@^1.3.1:
    version "1.3.2"
    resolved "https://registry.yarnpkg.com/error-ex/-/error-ex-1.3.2.tgz#b4ac40648107fdcdcfae242f428bea8a14d4f1bf"
    integrity sha512-7dFHNmqeFSEt2ZBsCriorKnn3Z2pj+fd9kmI6QoWw4//DL+icEBfc0U7qJCisqrTsKTjw4fNFy2pW9OqStD84g==
    dependencies:
      is-arrayish "^0.2.1"
  
  es-abstract@^1.19.0, es-abstract@^1.19.1, es-abstract@^1.19.5:
    version "1.20.1"
    resolved "https://registry.yarnpkg.com/es-abstract/-/es-abstract-1.20.1.tgz#027292cd6ef44bd12b1913b828116f54787d1814"
    integrity sha512-WEm2oBhfoI2sImeM4OF2zE2V3BYdSF+KnSi9Sidz51fQHd7+JuF8Xgcj9/0o+OWeIeIS/MiuNnlruQrJf16GQA==
    dependencies:
      call-bind "^1.0.2"
      es-to-primitive "^1.2.1"
      function-bind "^1.1.1"
      function.prototype.name "^1.1.5"
      get-intrinsic "^1.1.1"
      get-symbol-description "^1.0.0"
      has "^1.0.3"
      has-property-descriptors "^1.0.0"
      has-symbols "^1.0.3"
      internal-slot "^1.0.3"
      is-callable "^1.2.4"
      is-negative-zero "^2.0.2"
      is-regex "^1.1.4"
      is-shared-array-buffer "^1.0.2"
      is-string "^1.0.7"
      is-weakref "^1.0.2"
      object-inspect "^1.12.0"
      object-keys "^1.1.1"
      object.assign "^4.1.2"
      regexp.prototype.flags "^1.4.3"
      string.prototype.trimend "^1.0.5"
      string.prototype.trimstart "^1.0.5"
      unbox-primitive "^1.0.2"
  
  es-to-primitive@^1.2.1:
    version "1.2.1"
    resolved "https://registry.yarnpkg.com/es-to-primitive/-/es-to-primitive-1.2.1.tgz#e55cd4c9cdc188bcefb03b366c736323fc5c898a"
    integrity sha512-QCOllgZJtaUo9miYBcLChTUaHNjJF3PYs1VidD7AwiEj1kYxKeQTctLAezAOH5ZKRH0g2IgPn6KwB4IT8iRpvA==
    dependencies:
      is-callable "^1.1.4"
      is-date-object "^1.0.1"
      is-symbol "^1.0.2"
  
  esbuild-android-64@0.14.54:
    version "0.14.54"
    resolved "https://registry.yarnpkg.com/esbuild-android-64/-/esbuild-android-64-0.14.54.tgz#505f41832884313bbaffb27704b8bcaa2d8616be"
    integrity sha512-Tz2++Aqqz0rJ7kYBfz+iqyE3QMycD4vk7LBRyWaAVFgFtQ/O8EJOnVmTOiDWYZ/uYzB4kvP+bqejYdVKzE5lAQ==
  
  esbuild-android-arm64@0.14.54:
    version "0.14.54"
    resolved "https://registry.yarnpkg.com/esbuild-android-arm64/-/esbuild-android-arm64-0.14.54.tgz#8ce69d7caba49646e009968fe5754a21a9871771"
    integrity sha512-F9E+/QDi9sSkLaClO8SOV6etqPd+5DgJje1F9lOWoNncDdOBL2YF59IhsWATSt0TLZbYCf3pNlTHvVV5VfHdvg==
  
  esbuild-darwin-64@0.14.54:
    version "0.14.54"
    resolved "https://registry.yarnpkg.com/esbuild-darwin-64/-/esbuild-darwin-64-0.14.54.tgz#24ba67b9a8cb890a3c08d9018f887cc221cdda25"
    integrity sha512-jtdKWV3nBviOd5v4hOpkVmpxsBy90CGzebpbO9beiqUYVMBtSc0AL9zGftFuBon7PNDcdvNCEuQqw2x0wP9yug==
  
  esbuild-darwin-arm64@0.14.54:
    version "0.14.54"
    resolved "https://registry.yarnpkg.com/esbuild-darwin-arm64/-/esbuild-darwin-arm64-0.14.54.tgz#3f7cdb78888ee05e488d250a2bdaab1fa671bf73"
    integrity sha512-OPafJHD2oUPyvJMrsCvDGkRrVCar5aVyHfWGQzY1dWnzErjrDuSETxwA2HSsyg2jORLY8yBfzc1MIpUkXlctmw==
  
  esbuild-freebsd-64@0.14.54:
    version "0.14.54"
    resolved "https://registry.yarnpkg.com/esbuild-freebsd-64/-/esbuild-freebsd-64-0.14.54.tgz#09250f997a56ed4650f3e1979c905ffc40bbe94d"
    integrity sha512-OKwd4gmwHqOTp4mOGZKe/XUlbDJ4Q9TjX0hMPIDBUWWu/kwhBAudJdBoxnjNf9ocIB6GN6CPowYpR/hRCbSYAg==
  
  esbuild-freebsd-arm64@0.14.54:
    version "0.14.54"
    resolved "https://registry.yarnpkg.com/esbuild-freebsd-arm64/-/esbuild-freebsd-arm64-0.14.54.tgz#bafb46ed04fc5f97cbdb016d86947a79579f8e48"
    integrity sha512-sFwueGr7OvIFiQT6WeG0jRLjkjdqWWSrfbVwZp8iMP+8UHEHRBvlaxL6IuKNDwAozNUmbb8nIMXa7oAOARGs1Q==
  
  esbuild-linux-32@0.14.54:
    version "0.14.54"
    resolved "https://registry.yarnpkg.com/esbuild-linux-32/-/esbuild-linux-32-0.14.54.tgz#e2a8c4a8efdc355405325033fcebeb941f781fe5"
    integrity sha512-1ZuY+JDI//WmklKlBgJnglpUL1owm2OX+8E1syCD6UAxcMM/XoWd76OHSjl/0MR0LisSAXDqgjT3uJqT67O3qw==
  
  esbuild-linux-64@0.14.54:
    version "0.14.54"
    resolved "https://registry.yarnpkg.com/esbuild-linux-64/-/esbuild-linux-64-0.14.54.tgz#de5fdba1c95666cf72369f52b40b03be71226652"
    integrity sha512-EgjAgH5HwTbtNsTqQOXWApBaPVdDn7XcK+/PtJwZLT1UmpLoznPd8c5CxqsH2dQK3j05YsB3L17T8vE7cp4cCg==
  
  esbuild-linux-arm64@0.14.54:
    version "0.14.54"
    resolved "https://registry.yarnpkg.com/esbuild-linux-arm64/-/esbuild-linux-arm64-0.14.54.tgz#dae4cd42ae9787468b6a5c158da4c84e83b0ce8b"
    integrity sha512-WL71L+0Rwv+Gv/HTmxTEmpv0UgmxYa5ftZILVi2QmZBgX3q7+tDeOQNqGtdXSdsL8TQi1vIaVFHUPDe0O0kdig==
  
  esbuild-linux-arm@0.14.54:
    version "0.14.54"
    resolved "https://registry.yarnpkg.com/esbuild-linux-arm/-/esbuild-linux-arm-0.14.54.tgz#a2c1dff6d0f21dbe8fc6998a122675533ddfcd59"
    integrity sha512-qqz/SjemQhVMTnvcLGoLOdFpCYbz4v4fUo+TfsWG+1aOu70/80RV6bgNpR2JCrppV2moUQkww+6bWxXRL9YMGw==
  
  esbuild-linux-mips64le@0.14.54:
    version "0.14.54"
    resolved "https://registry.yarnpkg.com/esbuild-linux-mips64le/-/esbuild-linux-mips64le-0.14.54.tgz#d9918e9e4cb972f8d6dae8e8655bf9ee131eda34"
    integrity sha512-qTHGQB8D1etd0u1+sB6p0ikLKRVuCWhYQhAHRPkO+OF3I/iSlTKNNS0Lh2Oc0g0UFGguaFZZiPJdJey3AGpAlw==
  
  esbuild-linux-ppc64le@0.14.54:
    version "0.14.54"
    resolved "https://registry.yarnpkg.com/esbuild-linux-ppc64le/-/esbuild-linux-ppc64le-0.14.54.tgz#3f9a0f6d41073fb1a640680845c7de52995f137e"
    integrity sha512-j3OMlzHiqwZBDPRCDFKcx595XVfOfOnv68Ax3U4UKZ3MTYQB5Yz3X1mn5GnodEVYzhtZgxEBidLWeIs8FDSfrQ==
  
  esbuild-linux-riscv64@0.14.54:
    version "0.14.54"
    resolved "https://registry.yarnpkg.com/esbuild-linux-riscv64/-/esbuild-linux-riscv64-0.14.54.tgz#618853c028178a61837bc799d2013d4695e451c8"
    integrity sha512-y7Vt7Wl9dkOGZjxQZnDAqqn+XOqFD7IMWiewY5SPlNlzMX39ocPQlOaoxvT4FllA5viyV26/QzHtvTjVNOxHZg==
  
  esbuild-linux-s390x@0.14.54:
    version "0.14.54"
    resolved "https://registry.yarnpkg.com/esbuild-linux-s390x/-/esbuild-linux-s390x-0.14.54.tgz#d1885c4c5a76bbb5a0fe182e2c8c60eb9e29f2a6"
    integrity sha512-zaHpW9dziAsi7lRcyV4r8dhfG1qBidQWUXweUjnw+lliChJqQr+6XD71K41oEIC3Mx1KStovEmlzm+MkGZHnHA==
  
  esbuild-netbsd-64@0.14.54:
    version "0.14.54"
    resolved "https://registry.yarnpkg.com/esbuild-netbsd-64/-/esbuild-netbsd-64-0.14.54.tgz#69ae917a2ff241b7df1dbf22baf04bd330349e81"
    integrity sha512-PR01lmIMnfJTgeU9VJTDY9ZerDWVFIUzAtJuDHwwceppW7cQWjBBqP48NdeRtoP04/AtO9a7w3viI+PIDr6d+w==
  
  esbuild-openbsd-64@0.14.54:
    version "0.14.54"
    resolved "https://registry.yarnpkg.com/esbuild-openbsd-64/-/esbuild-openbsd-64-0.14.54.tgz#db4c8495287a350a6790de22edea247a57c5d47b"
    integrity sha512-Qyk7ikT2o7Wu76UsvvDS5q0amJvmRzDyVlL0qf5VLsLchjCa1+IAvd8kTBgUxD7VBUUVgItLkk609ZHUc1oCaw==
  
  esbuild-sunos-64@0.14.54:
    version "0.14.54"
    resolved "https://registry.yarnpkg.com/esbuild-sunos-64/-/esbuild-sunos-64-0.14.54.tgz#54287ee3da73d3844b721c21bc80c1dc7e1bf7da"
    integrity sha512-28GZ24KmMSeKi5ueWzMcco6EBHStL3B6ubM7M51RmPwXQGLe0teBGJocmWhgwccA1GeFXqxzILIxXpHbl9Q/Kw==
  
  esbuild-windows-32@0.14.54:
    version "0.14.54"
    resolved "https://registry.yarnpkg.com/esbuild-windows-32/-/esbuild-windows-32-0.14.54.tgz#f8aaf9a5667630b40f0fb3aa37bf01bbd340ce31"
    integrity sha512-T+rdZW19ql9MjS7pixmZYVObd9G7kcaZo+sETqNH4RCkuuYSuv9AGHUVnPoP9hhuE1WM1ZimHz1CIBHBboLU7w==
  
  esbuild-windows-64@0.14.54:
    version "0.14.54"
    resolved "https://registry.yarnpkg.com/esbuild-windows-64/-/esbuild-windows-64-0.14.54.tgz#bf54b51bd3e9b0f1886ffdb224a4176031ea0af4"
    integrity sha512-AoHTRBUuYwXtZhjXZbA1pGfTo8cJo3vZIcWGLiUcTNgHpJJMC1rVA44ZereBHMJtotyN71S8Qw0npiCIkW96cQ==
  
  esbuild-windows-arm64@0.14.54:
    version "0.14.54"
    resolved "https://registry.yarnpkg.com/esbuild-windows-arm64/-/esbuild-windows-arm64-0.14.54.tgz#937d15675a15e4b0e4fafdbaa3a01a776a2be982"
    integrity sha512-M0kuUvXhot1zOISQGXwWn6YtS+Y/1RT9WrVIOywZnJHo3jCDyewAc79aKNQWFCQm+xNHVTq9h8dZKvygoXQQRg==
  
  esbuild@^0.14.27, esbuild@^0.14.47:
    version "0.14.54"
    resolved "https://registry.yarnpkg.com/esbuild/-/esbuild-0.14.54.tgz#8b44dcf2b0f1a66fc22459943dccf477535e9aa2"
    integrity sha512-Cy9llcy8DvET5uznocPyqL3BFRrFXSVqbgpMJ9Wz8oVjZlh/zUSNbPRbov0VX7VxN2JH1Oa0uNxZ7eLRb62pJA==
    optionalDependencies:
      "@esbuild/linux-loong64" "0.14.54"
      esbuild-android-64 "0.14.54"
      esbuild-android-arm64 "0.14.54"
      esbuild-darwin-64 "0.14.54"
      esbuild-darwin-arm64 "0.14.54"
      esbuild-freebsd-64 "0.14.54"
      esbuild-freebsd-arm64 "0.14.54"
      esbuild-linux-32 "0.14.54"
      esbuild-linux-64 "0.14.54"
      esbuild-linux-arm "0.14.54"
      esbuild-linux-arm64 "0.14.54"
      esbuild-linux-mips64le "0.14.54"
      esbuild-linux-ppc64le "0.14.54"
      esbuild-linux-riscv64 "0.14.54"
      esbuild-linux-s390x "0.14.54"
      esbuild-netbsd-64 "0.14.54"
      esbuild-openbsd-64 "0.14.54"
      esbuild-sunos-64 "0.14.54"
      esbuild-windows-32 "0.14.54"
      esbuild-windows-64 "0.14.54"
      esbuild-windows-arm64 "0.14.54"
  
  escalade@^3.1.1:
    version "3.1.1"
    resolved "https://registry.yarnpkg.com/escalade/-/escalade-3.1.1.tgz#d8cfdc7000965c5a0174b4a82eaa5c0552742e40"
    integrity sha512-k0er2gUkLf8O0zKJiAhmkTnJlTvINGv7ygDNPbeIsX/TJjGJZHuh9B2UxbsaEkmlEo9MfhrSzmhIlhRlI2GXnw==
  
  escape-goat@^2.0.0:
    version "2.1.1"
    resolved "https://registry.yarnpkg.com/escape-goat/-/escape-goat-2.1.1.tgz#1b2dc77003676c457ec760b2dc68edb648188675"
    integrity sha512-8/uIhbG12Csjy2JEW7D9pHbreaVaS/OpN3ycnyvElTdwM5n6GY6W6e2IPemfvGZeUMqZ9A/3GqIZMgKnBhAw/Q==
  
  escape-string-regexp@^1.0.5:
    version "1.0.5"
    resolved "https://registry.yarnpkg.com/escape-string-regexp/-/escape-string-regexp-1.0.5.tgz#1b61c0562190a8dff6ae3bb2cf0200ca130b86d4"
    integrity sha512-vbRorB5FUQWvla16U8R/qgaFIya2qGzwDrNmCZuYKrbdSUMG6I1ZCGQRefkRVhuOkIGVne7BQ35DSfo1qvJqFg==
  
  escape-string-regexp@^4.0.0:
    version "4.0.0"
    resolved "https://registry.yarnpkg.com/escape-string-regexp/-/escape-string-regexp-4.0.0.tgz#14ba83a5d373e3d311e5afca29cf5bfad965bf34"
    integrity sha512-TtpcNJ3XAzx3Gq8sWRzJaVajRs0uVxA2YAkdb1jm2YkPz4G6egUFAyA3n5vtEIZefPk5Wa4UXbKuS5fKkJWdgA==
  
  escodegen@^1.8.1:
    version "1.14.3"
    resolved "https://registry.yarnpkg.com/escodegen/-/escodegen-1.14.3.tgz#4e7b81fba61581dc97582ed78cab7f0e8d63f503"
    integrity sha512-qFcX0XJkdg+PB3xjZZG/wKSuT1PnQWx57+TVSjIMmILd2yC/6ByYElPwJnslDsuWuSAp4AwJGumarAAmJch5Kw==
    dependencies:
      esprima "^4.0.1"
      estraverse "^4.2.0"
      esutils "^2.0.2"
      optionator "^0.8.1"
    optionalDependencies:
      source-map "~0.6.1"
  
  escodegen@^2.0.0:
    version "2.0.0"
    resolved "https://registry.yarnpkg.com/escodegen/-/escodegen-2.0.0.tgz#5e32b12833e8aa8fa35e1bf0befa89380484c7dd"
    integrity sha512-mmHKys/C8BFUGI+MAWNcSYoORYLMdPzjrknd2Vc+bUsjN5bXcr8EhrNB+UTqfL1y3I9c4fw2ihgtMPQLBRiQxw==
    dependencies:
      esprima "^4.0.1"
      estraverse "^5.2.0"
      esutils "^2.0.2"
      optionator "^0.8.1"
    optionalDependencies:
      source-map "~0.6.1"
  
  eslint-config-prettier@8.3.0:
    version "8.3.0"
    resolved "https://registry.yarnpkg.com/eslint-config-prettier/-/eslint-config-prettier-8.3.0.tgz#f7471b20b6fe8a9a9254cc684454202886a2dd7a"
    integrity sha512-BgZuLUSeKzvlL/VUjx/Yb787VQ26RU3gGjA3iiFvdsp/2bMfVIWUVP7tjxtjS0e+HP409cPlPvNkQloz8C91ew==
  
  eslint-scope@^5.1.1:
    version "5.1.1"
    resolved "https://registry.yarnpkg.com/eslint-scope/-/eslint-scope-5.1.1.tgz#e786e59a66cb92b3f6c1fb0d508aab174848f48c"
    integrity sha512-2NxwbF/hZ0KpepYN0cNbo+FN6XoK7GaHlQhgx/hIZl6Va0bF45RQOOwhLIy8lQDbuCiadSLCBnH2CFYquit5bw==
    dependencies:
      esrecurse "^4.3.0"
      estraverse "^4.1.1"
  
  eslint-utils@^2.1.0:
    version "2.1.0"
    resolved "https://registry.yarnpkg.com/eslint-utils/-/eslint-utils-2.1.0.tgz#d2de5e03424e707dc10c74068ddedae708741b27"
    integrity sha512-w94dQYoauyvlDc43XnGB8lU3Zt713vNChgt4EWwhXAP2XkBvndfxF0AgIqKOOasjPIPzj9JqgwkwbCYD0/V3Zg==
    dependencies:
      eslint-visitor-keys "^1.1.0"
  
  eslint-visitor-keys@^1.1.0, eslint-visitor-keys@^1.3.0:
    version "1.3.0"
    resolved "https://registry.yarnpkg.com/eslint-visitor-keys/-/eslint-visitor-keys-1.3.0.tgz#30ebd1ef7c2fdff01c3a4f151044af25fab0523e"
    integrity sha512-6J72N8UNa462wa/KFODt/PJ3IU60SDpC3QXC1Hjc1BXXpfL2C9R5+AU7jhe0F6GREqVMh4Juu+NY7xn+6dipUQ==
  
  eslint-visitor-keys@^2.0.0:
    version "2.1.0"
    resolved "https://registry.yarnpkg.com/eslint-visitor-keys/-/eslint-visitor-keys-2.1.0.tgz#f65328259305927392c938ed44eb0a5c9b2bd303"
    integrity sha512-0rSmRBzXgDzIsD6mGdJgevzgezI534Cer5L/vyMX0kHzT/jiB43jRhd9YUlMGYLQy2zprNmoT8qasCGtY+QaKw==
  
  eslint-visitor-keys@^3.3.0:
    version "3.3.0"
    resolved "https://registry.yarnpkg.com/eslint-visitor-keys/-/eslint-visitor-keys-3.3.0.tgz#f6480fa6b1f30efe2d1968aa8ac745b862469826"
    integrity sha512-mQ+suqKJVyeuwGYHAdjMFqjCyfl8+Ldnxuyp3ldiMBFKkvytrXUZWaiPCEav8qDHKty44bD+qV1IP4T+w+xXRA==
  
  eslint@7.29.0:
    version "7.29.0"
    resolved "https://registry.yarnpkg.com/eslint/-/eslint-7.29.0.tgz#ee2a7648f2e729485e4d0bd6383ec1deabc8b3c0"
    integrity sha512-82G/JToB9qIy/ArBzIWG9xvvwL3R86AlCjtGw+A29OMZDqhTybz/MByORSukGxeI+YPCR4coYyITKk8BFH9nDA==
    dependencies:
      "@babel/code-frame" "7.12.11"
      "@eslint/eslintrc" "^0.4.2"
      ajv "^6.10.0"
      chalk "^4.0.0"
      cross-spawn "^7.0.2"
      debug "^4.0.1"
      doctrine "^3.0.0"
      enquirer "^2.3.5"
      escape-string-regexp "^4.0.0"
      eslint-scope "^5.1.1"
      eslint-utils "^2.1.0"
      eslint-visitor-keys "^2.0.0"
      espree "^7.3.1"
      esquery "^1.4.0"
      esutils "^2.0.2"
      fast-deep-equal "^3.1.3"
      file-entry-cache "^6.0.1"
      functional-red-black-tree "^1.0.1"
      glob-parent "^5.1.2"
      globals "^13.6.0"
      ignore "^4.0.6"
      import-fresh "^3.0.0"
      imurmurhash "^0.1.4"
      is-glob "^4.0.0"
      js-yaml "^3.13.1"
      json-stable-stringify-without-jsonify "^1.0.1"
      levn "^0.4.1"
      lodash.merge "^4.6.2"
      minimatch "^3.0.4"
      natural-compare "^1.4.0"
      optionator "^0.9.1"
      progress "^2.0.0"
      regexpp "^3.1.0"
      semver "^7.2.1"
      strip-ansi "^6.0.0"
      strip-json-comments "^3.1.0"
      table "^6.0.9"
      text-table "^0.2.0"
      v8-compile-cache "^2.0.3"
  
  espree@^7.3.0, espree@^7.3.1:
    version "7.3.1"
    resolved "https://registry.yarnpkg.com/espree/-/espree-7.3.1.tgz#f2df330b752c6f55019f8bd89b7660039c1bbbb6"
    integrity sha512-v3JCNCE64umkFpmkFGqzVKsOT0tN1Zr+ueqLZfpV1Ob8e+CEgPWa+OxCoGH3tnhimMKIaBm4m/vaRpJ/krRz2g==
    dependencies:
      acorn "^7.4.0"
      acorn-jsx "^5.3.1"
      eslint-visitor-keys "^1.3.0"
  
  esprima@^4.0.0, esprima@^4.0.1:
    version "4.0.1"
    resolved "https://registry.yarnpkg.com/esprima/-/esprima-4.0.1.tgz#13b04cdb3e6c5d19df91ab6987a8695619b0aa71"
    integrity sha512-eGuFFw7Upda+g4p+QHvnW0RyTX/SVeJBDM/gCtMARO0cLuT2HcEKnTPvhjV6aGeqrCB/sbNop0Kszm0jsaWU4A==
  
  esquery@^1.4.0:
    version "1.4.0"
    resolved "https://registry.yarnpkg.com/esquery/-/esquery-1.4.0.tgz#2148ffc38b82e8c7057dfed48425b3e61f0f24a5"
    integrity sha512-cCDispWt5vHHtwMY2YrAQ4ibFkAL8RbH5YGBnZBc90MolvvfkkQcJro/aZiAQUlQ3qgrYS6D6v8Gc5G5CQsc9w==
    dependencies:
      estraverse "^5.1.0"
  
  esrecurse@^4.3.0:
    version "4.3.0"
    resolved "https://registry.yarnpkg.com/esrecurse/-/esrecurse-4.3.0.tgz#7ad7964d679abb28bee72cec63758b1c5d2c9921"
    integrity sha512-KmfKL3b6G+RXvP8N1vr3Tq1kL/oCFgn2NYXEtqP8/L3pKapUA4G8cFVaoF3SU323CD4XypR/ffioHmkti6/Tag==
    dependencies:
      estraverse "^5.2.0"
  
  estraverse@^4.1.1, estraverse@^4.2.0:
    version "4.3.0"
    resolved "https://registry.yarnpkg.com/estraverse/-/estraverse-4.3.0.tgz#398ad3f3c5a24948be7725e83d11a7de28cdbd1d"
    integrity sha512-39nnKffWz8xN1BU/2c79n9nB9HDzo0niYUqx6xyqUnyoAnQyyWpOTdZEeiCch8BBu515t4wp9ZmgVfVhn9EBpw==
  
  estraverse@^5.1.0, estraverse@^5.2.0:
    version "5.3.0"
    resolved "https://registry.yarnpkg.com/estraverse/-/estraverse-5.3.0.tgz#2eea5290702f26ab8fe5370370ff86c965d21123"
    integrity sha512-MMdARuVEQziNTeJD8DgMqmhwR11BRQ/cBP+pLtYdSTnf3MIO8fFeiINEbX36ZdNlfU/7A9f3gUw49B3oQsvwBA==
  
  esutils@^2.0.2:
    version "2.0.3"
    resolved "https://registry.yarnpkg.com/esutils/-/esutils-2.0.3.tgz#74d2eb4de0b8da1293711910d50775b9b710ef64"
    integrity sha512-kVscqXk4OCp68SZ0dkgEKVi6/8ij300KBWTJq32P/dYeWTSwK41WyTxalN1eRmA5Z9UU/LX9D7FWSmV9SAYx6g==
  
  eventemitter2@^6.4.5:
    version "6.4.7"
    resolved "https://registry.yarnpkg.com/eventemitter2/-/eventemitter2-6.4.7.tgz#a7f6c4d7abf28a14c1ef3442f21cb306a054271d"
    integrity sha512-tYUSVOGeQPKt/eC1ABfhHy5Xd96N3oIijJvN3O9+TsC28T5V9yX9oEfEK5faP0EFSNVOG97qtAS68GBrQB2hDg==
  
  execa@^0.8.0:
    version "0.8.0"
    resolved "https://registry.yarnpkg.com/execa/-/execa-0.8.0.tgz#d8d76bbc1b55217ed190fd6dd49d3c774ecfc8da"
    integrity sha512-zDWS+Rb1E8BlqqhALSt9kUhss8Qq4nN3iof3gsOdyINksElaPyNBtKUMTR62qhvgVWR0CqCX7sdnKe4MnUbFEA==
    dependencies:
      cross-spawn "^5.0.1"
      get-stream "^3.0.0"
      is-stream "^1.1.0"
      npm-run-path "^2.0.0"
      p-finally "^1.0.0"
      signal-exit "^3.0.0"
      strip-eof "^1.0.0"
  
  execa@^4.0.0:
    version "4.1.0"
    resolved "https://registry.yarnpkg.com/execa/-/execa-4.1.0.tgz#4e5491ad1572f2f17a77d388c6c857135b22847a"
    integrity sha512-j5W0//W7f8UxAn8hXVnwG8tLwdiUy4FJLcSupCg6maBYZDpyBvTApK7KyuI4bKj8KOh1r2YH+6ucuYtJv1bTZA==
    dependencies:
      cross-spawn "^7.0.0"
      get-stream "^5.0.0"
      human-signals "^1.1.1"
      is-stream "^2.0.0"
      merge-stream "^2.0.0"
      npm-run-path "^4.0.0"
      onetime "^5.1.0"
      signal-exit "^3.0.2"
      strip-final-newline "^2.0.0"
  
  execa@^5.0.0:
    version "5.1.1"
    resolved "https://registry.yarnpkg.com/execa/-/execa-5.1.1.tgz#f80ad9cbf4298f7bd1d4c9555c21e93741c411dd"
    integrity sha512-8uSpZZocAZRBAPIEINJj3Lo9HyGitllczc27Eh5YYojjMFMn8yHMDMaUHE2Jqfq05D/wucwI4JGURyXt1vchyg==
    dependencies:
      cross-spawn "^7.0.3"
      get-stream "^6.0.0"
      human-signals "^2.1.0"
      is-stream "^2.0.0"
      merge-stream "^2.0.0"
      npm-run-path "^4.0.1"
      onetime "^5.1.2"
      signal-exit "^3.0.3"
      strip-final-newline "^2.0.0"
  
  execall@^2.0.0:
    version "2.0.0"
    resolved "https://registry.yarnpkg.com/execall/-/execall-2.0.0.tgz#16a06b5fe5099df7d00be5d9c06eecded1663b45"
    integrity sha512-0FU2hZ5Hh6iQnarpRtQurM/aAvp3RIbfvgLHrcqJYzhXyV2KFruhuChf9NC6waAhiUR7FFtlugkI4p7f2Fqlow==
    dependencies:
      clone-regexp "^2.1.0"
  
  extend@^3.0.0, extend@~3.0.2:
    version "3.0.2"
    resolved "https://registry.yarnpkg.com/extend/-/extend-3.0.2.tgz#f8b1136b4071fbd8eb140aff858b1019ec2915fa"
    integrity sha512-fjquC59cD7CyW6urNXK0FBufkZcoiGG80wTuPujX590cB5Ttln20E2UB4S/WARVqhXffZl2LNgS+gQdPIIim/g==
  
  extract-zip@2.0.1:
    version "2.0.1"
    resolved "https://registry.yarnpkg.com/extract-zip/-/extract-zip-2.0.1.tgz#663dca56fe46df890d5f131ef4a06d22bb8ba13a"
    integrity sha512-GDhU9ntwuKyGXdZBUgTIe+vXnWj0fppUEtMDL0+idd5Sta8TGpHssn/eusA9mrPr9qNDym6SxAYZjNvCn/9RBg==
    dependencies:
      debug "^4.1.1"
      get-stream "^5.1.0"
      yauzl "^2.10.0"
    optionalDependencies:
      "@types/yauzl" "^2.9.1"
  
  extsprintf@1.3.0:
    version "1.3.0"
    resolved "https://registry.yarnpkg.com/extsprintf/-/extsprintf-1.3.0.tgz#96918440e3041a7a414f8c52e3c574eb3c3e1e05"
    integrity sha512-11Ndz7Nv+mvAC1j0ktTa7fAb0vLyGGX+rMHNBYQviQDGU0Hw7lhctJANqbPhu9nV9/izT/IntTgZ7Im/9LJs9g==
  
  extsprintf@^1.2.0:
    version "1.4.1"
    resolved "https://registry.yarnpkg.com/extsprintf/-/extsprintf-1.4.1.tgz#8d172c064867f235c0c84a596806d279bf4bcc07"
    integrity sha512-Wrk35e8ydCKDj/ArClo1VrPVmN8zph5V4AtHwIuHhvMXsKf73UT3BOD+azBIW+3wOJ4FhEH7zyaJCFvChjYvMA==
  
  fast-deep-equal@^3.1.1, fast-deep-equal@^3.1.3:
    version "3.1.3"
    resolved "https://registry.yarnpkg.com/fast-deep-equal/-/fast-deep-equal-3.1.3.tgz#3a7d56b559d6cbc3eb512325244e619a65c6c525"
    integrity sha512-f3qQ9oQy9j2AhBe/H9VC91wLmKBCCU/gDOnKNAYG5hswO7BLKj09Hc5HYNz9cGI++xlpDCIgDaitVs03ATR84Q==
  
  fast-glob@3.2.5:
    version "3.2.5"
    resolved "https://registry.yarnpkg.com/fast-glob/-/fast-glob-3.2.5.tgz#7939af2a656de79a4f1901903ee8adcaa7cb9661"
    integrity sha512-2DtFcgT68wiTTiwZ2hNdJfcHNke9XOfnwmBRWXhmeKM8rF0TGwmC/Qto3S7RoZKp5cilZbxzO5iTNTQsJ+EeDg==
    dependencies:
      "@nodelib/fs.stat" "^2.0.2"
      "@nodelib/fs.walk" "^1.2.3"
      glob-parent "^5.1.0"
      merge2 "^1.3.0"
      micromatch "^4.0.2"
      picomatch "^2.2.1"
  
  fast-glob@^3.2.11, fast-glob@^3.2.5, fast-glob@^3.2.9:
    version "3.2.11"
    resolved "https://registry.yarnpkg.com/fast-glob/-/fast-glob-3.2.11.tgz#a1172ad95ceb8a16e20caa5c5e56480e5129c1d9"
    integrity sha512-xrO3+1bxSo3ZVHAnqzyuewYT6aMFHRAd4Kcs92MAonjwQZLsK9d0SF1IyQ3k5PoirxTW0Oe/RqFgMQ6TcNE5Ew==
    dependencies:
      "@nodelib/fs.stat" "^2.0.2"
      "@nodelib/fs.walk" "^1.2.3"
      glob-parent "^5.1.2"
      merge2 "^1.3.0"
      micromatch "^4.0.4"
  
  fast-json-stable-stringify@^2.0.0:
    version "2.1.0"
    resolved "https://registry.yarnpkg.com/fast-json-stable-stringify/-/fast-json-stable-stringify-2.1.0.tgz#874bf69c6f404c2b5d99c481341399fd55892633"
    integrity sha512-lhd/wF+Lk98HZoTCtlVraHtfh5XYijIjalXck7saUtuanSDyLMxnHhSXEDJqHxD7msR8D0uCmqlkwjCV8xvwHw==
  
  fast-levenshtein@^2.0.6, fast-levenshtein@~2.0.6:
    version "2.0.6"
    resolved "https://registry.yarnpkg.com/fast-levenshtein/-/fast-levenshtein-2.0.6.tgz#3d8a5c66883a16a30ca8643e851f19baa7797917"
    integrity sha512-DCXu6Ifhqcks7TZKY3Hxp3y6qphY5SJZmrWMDrKcERSOXWQdMhU9Ig/PYrzyw/ul9jOIyh0N4M0tbC5hodg8dw==
  
  fast-xml-parser@^3.19.0:
    version "3.21.1"
    resolved "https://registry.yarnpkg.com/fast-xml-parser/-/fast-xml-parser-3.21.1.tgz#152a1d51d445380f7046b304672dd55d15c9e736"
    integrity sha512-FTFVjYoBOZTJekiUsawGsSYV9QL0A+zDYCRj7y34IO6Jg+2IMYEtQa+bbictpdpV8dHxXywqU7C0gRDEOFtBFg==
    dependencies:
      strnum "^1.0.4"
  
  fastest-levenshtein@^1.0.12:
    version "1.0.16"
    resolved "https://registry.yarnpkg.com/fastest-levenshtein/-/fastest-levenshtein-1.0.16.tgz#210e61b6ff181de91ea9b3d1b84fdedd47e034e5"
    integrity sha512-eRnCtTTtGZFpQCwhJiUOuxPQWRXVKYDn0b2PeHfXL6/Zi53SLAzAHfVhVWK2AryC/WH05kGfxhFIPvTF0SXQzg==
  
  fastq@^1.6.0:
    version "1.13.0"
    resolved "https://registry.yarnpkg.com/fastq/-/fastq-1.13.0.tgz#616760f88a7526bdfc596b7cab8c18938c36b98c"
    integrity sha512-YpkpUnK8od0o1hmeSc7UUs/eB/vIPWJYjKck2QKIzAf71Vm1AAQ3EbuZB3g2JIy+pg+ERD0vqI79KyZiB2e2Nw==
    dependencies:
      reusify "^1.0.4"
  
  fd-slicer@~1.1.0:
    version "1.1.0"
    resolved "https://registry.yarnpkg.com/fd-slicer/-/fd-slicer-1.1.0.tgz#25c7c89cb1f9077f8891bbe61d8f390eae256f1e"
    integrity sha512-cE1qsB/VwyQozZ+q1dGxR8LBYNZeofhEdUNGSMbQD3Gw2lAzX9Zb3uIU6Ebc/Fmyjo9AWWfnn0AUCHqtevs/8g==
    dependencies:
      pend "~1.2.0"
  
  file-entry-cache@^6.0.1:
    version "6.0.1"
    resolved "https://registry.yarnpkg.com/file-entry-cache/-/file-entry-cache-6.0.1.tgz#211b2dd9659cb0394b073e7323ac3c933d522027"
    integrity sha512-7Gps/XWymbLk2QLYK4NzpMOrYjMhdIxXuIvy2QBsLE6ljuodKvdkWs/cpyJJ3CVIVpH0Oi1Hvg1ovbMzLdFBBg==
    dependencies:
      flat-cache "^3.0.4"
  
  file-type@^16.5.3:
    version "16.5.4"
    resolved "https://registry.yarnpkg.com/file-type/-/file-type-16.5.4.tgz#474fb4f704bee427681f98dd390058a172a6c2fd"
    integrity sha512-/yFHK0aGjFEgDJjEKP0pWCplsPFPhwyfwevf/pVxiN0tmE4L9LmwWxWukdJSHdoCli4VgQLehjJtwQBnqmsKcw==
    dependencies:
      readable-web-to-node-stream "^3.0.0"
      strtok3 "^6.2.4"
      token-types "^4.1.1"
  
  file-uri-to-path@2:
    version "2.0.0"
    resolved "https://registry.yarnpkg.com/file-uri-to-path/-/file-uri-to-path-2.0.0.tgz#7b415aeba227d575851e0a5b0c640d7656403fba"
    integrity sha512-hjPFI8oE/2iQPVe4gbrJ73Pp+Xfub2+WI2LlXDbsaJBwT5wuMh35WNWVYYTpnz895shtwfyutMFLFywpQAFdLg==
  
  filelist@^1.0.1:
    version "1.0.4"
    resolved "https://registry.yarnpkg.com/filelist/-/filelist-1.0.4.tgz#f78978a1e944775ff9e62e744424f215e58352b5"
    integrity sha512-w1cEuf3S+DrLCQL7ET6kz+gmlJdbq9J7yXCSjK/OZCPA+qEN1WyF4ZAf0YYJa4/shHJra2t/d/r8SV4Ji+x+8Q==
    dependencies:
      minimatch "^5.0.1"
  
  fill-range@^7.0.1:
    version "7.0.1"
    resolved "https://registry.yarnpkg.com/fill-range/-/fill-range-7.0.1.tgz#1919a6a7c75fe38b2c7c77e5198535da9acdda40"
    integrity sha512-qOo9F+dMUmC2Lcb4BbVvnKJxTPjCm+RRpe4gDuGrzkL7mEVl/djYSu2OdQ2Pa302N4oqkSg9ir6jaLWJ2USVpQ==
    dependencies:
      to-regex-range "^5.0.1"
  
  find-up@^4.0.0, find-up@^4.1.0:
    version "4.1.0"
    resolved "https://registry.yarnpkg.com/find-up/-/find-up-4.1.0.tgz#97afe7d6cdc0bc5928584b7c8d7b16e8a9aa5d19"
    integrity sha512-PpOwAdQ/YlXQ2vj8a3h8IipDuYRi3wceVQQGYWxNINccq40Anw7BlsEXCMbt1Zt+OLA6Fq9suIpIWD0OsnISlw==
    dependencies:
      locate-path "^5.0.0"
      path-exists "^4.0.0"
  
  flat-cache@^3.0.4:
    version "3.0.4"
    resolved "https://registry.yarnpkg.com/flat-cache/-/flat-cache-3.0.4.tgz#61b0338302b2fe9f957dcc32fc2a87f1c3048b11"
    integrity sha512-dm9s5Pw7Jc0GvMYbshN6zchCA9RgQlzzEZX3vylR9IqFfS8XciblUXOKfW6SiuJ0e13eDYZoZV5wdrev7P3Nwg==
    dependencies:
      flatted "^3.1.0"
      rimraf "^3.0.2"
  
  flatted@^3.1.0:
    version "3.2.7"
    resolved "https://registry.yarnpkg.com/flatted/-/flatted-3.2.7.tgz#609f39207cb614b89d0765b477cb2d437fbf9787"
    integrity sha512-5nqDSxl8nn5BSNxyR3n4I6eDmbolI6WT+QqR547RwxQapgjQBmtktdP+HTBb/a/zLsbzERTONyUB5pefh5TtjQ==
  
  follow-redirects@^1.14.8:
    version "1.15.1"
    resolved "https://registry.yarnpkg.com/follow-redirects/-/follow-redirects-1.15.1.tgz#0ca6a452306c9b276e4d3127483e29575e207ad5"
    integrity sha512-yLAMQs+k0b2m7cVxpS1VKJVvoz7SS9Td1zss3XRwXj+ZDH00RJgnuLx7E44wx02kQLrdM3aOOy+FpzS7+8OizA==
  
  forever-agent@~0.6.1:
    version "0.6.1"
    resolved "https://registry.yarnpkg.com/forever-agent/-/forever-agent-0.6.1.tgz#fbc71f0c41adeb37f96c577ad1ed42d8fdacca91"
    integrity sha512-j0KLYPhm6zeac4lz3oJ3o65qvgQCcPubiyotZrXqEaG4hNagNYO8qdlUrX5vwqv9ohqeT/Z3j6+yW067yWWdUw==
  
  form-data@^4.0.0:
    version "4.0.0"
    resolved "https://registry.yarnpkg.com/form-data/-/form-data-4.0.0.tgz#93919daeaf361ee529584b9b31664dc12c9fa452"
    integrity sha512-ETEklSGi5t0QMZuiXoA/Q6vcnxcLQP5vdugSpuAyi6SVGi2clPPp+xgEhuMaHC+zGgn31Kd235W35f7Hykkaww==
    dependencies:
      asynckit "^0.4.0"
      combined-stream "^1.0.8"
      mime-types "^2.1.12"
  
  form-data@~2.3.2:
    version "2.3.3"
    resolved "https://registry.yarnpkg.com/form-data/-/form-data-2.3.3.tgz#dcce52c05f644f298c6a7ab936bd724ceffbf3a6"
    integrity sha512-1lLKB2Mu3aGP1Q/2eCOx0fNbRMe7XdwktwOruhfqqd0rIJWwN4Dh+E3hrPSlDCXnSR7UtZ1N38rVXm+6+MEhJQ==
    dependencies:
      asynckit "^0.4.0"
      combined-stream "^1.0.6"
      mime-types "^2.1.12"
  
  fraction.js@^4.2.0:
    version "4.2.0"
    resolved "https://registry.yarnpkg.com/fraction.js/-/fraction.js-4.2.0.tgz#448e5109a313a3527f5a3ab2119ec4cf0e0e2950"
    integrity sha512-MhLuK+2gUcnZe8ZHlaaINnQLl0xRIGRfcGk2yl8xoQAfHrSsL3rYu6FCmBdkdbhc9EPlwyGHewaRsvwRMJtAlA==
  
  fs-constants@^1.0.0:
    version "1.0.0"
    resolved "https://registry.yarnpkg.com/fs-constants/-/fs-constants-1.0.0.tgz#6be0de9be998ce16af8afc24497b9ee9b7ccd9ad"
    integrity sha512-y6OAwoSIf7FyjMIv94u+b5rdheZEjzR63GTyZJm5qh4Bi+2YgwLCcI/fPFZkL5PSixOt6ZNKm+w+Hfp/Bciwow==
  
  fs-extra@^10.0.1, fs-extra@^10.1.0:
    version "10.1.0"
    resolved "https://registry.yarnpkg.com/fs-extra/-/fs-extra-10.1.0.tgz#02873cfbc4084dde127eaa5f9905eef2325d1abf"
    integrity sha512-oRXApq54ETRj4eMiFzGnHWGy+zo5raudjuxN0b8H7s/RU2oW0Wvsx9O0ACRN/kRq9E8Vu/ReskGB5o3ji+FzHQ==
    dependencies:
      graceful-fs "^4.2.0"
      jsonfile "^6.0.1"
      universalify "^2.0.0"
  
  fs-extra@^8.1.0:
    version "8.1.0"
    resolved "https://registry.yarnpkg.com/fs-extra/-/fs-extra-8.1.0.tgz#49d43c45a88cd9677668cb7be1b46efdb8d2e1c0"
    integrity sha512-yhlQgA6mnOJUKOsRUFsgJdQCvkKhcz8tlZG5HBQfReYZy46OwLcY+Zia0mtdHsOo9y/hP+CxMN0TU9QxoOtG4g==
    dependencies:
      graceful-fs "^4.2.0"
      jsonfile "^4.0.0"
      universalify "^0.1.0"
  
  fs-minipass@^2.0.0, fs-minipass@^2.1.0:
    version "2.1.0"
    resolved "https://registry.yarnpkg.com/fs-minipass/-/fs-minipass-2.1.0.tgz#7f5036fdbf12c63c169190cbe4199c852271f9fb"
    integrity sha512-V/JgOLFCS+R6Vcq0slCuaeWEdNC3ouDlJMNIsacH2VtALiu9mV4LPrHc5cDl8k5aw6J8jwgWWpiTo5RYhmIzvg==
    dependencies:
      minipass "^3.0.0"
  
  fs.realpath@^1.0.0:
    version "1.0.0"
    resolved "https://registry.yarnpkg.com/fs.realpath/-/fs.realpath-1.0.0.tgz#1504ad2523158caa40db4a2787cb01411994ea4f"
    integrity sha512-OO0pH2lK6a0hZnAdau5ItzHPI6pUlvI7jMVnxUQRtw4owF2wk8lOSabtGDCTP4Ggrg2MbGnWO9X8K1t4+fGMDw==
  
  fsevents@~2.3.2:
    version "2.3.2"
    resolved "https://registry.yarnpkg.com/fsevents/-/fsevents-2.3.2.tgz#8a526f78b8fdf4623b709e0b975c52c24c02fd1a"
    integrity sha512-xiqMQR4xAeHTuB9uWm+fFRcIOgKBMiOBP+eXiyT7jsgVCq1bkVygt00oASowB7EdtpOHaaPgKt812P9ab+DDKA==
  
  ftp@^0.3.10:
    version "0.3.10"
    resolved "https://registry.yarnpkg.com/ftp/-/ftp-0.3.10.tgz#9197d861ad8142f3e63d5a83bfe4c59f7330885d"
    integrity sha512-faFVML1aBx2UoDStmLwv2Wptt4vw5x03xxX172nhA5Y5HBshW5JweqQ2W4xL4dezQTG8inJsuYcpPHHU3X5OTQ==
    dependencies:
      readable-stream "1.1.x"
      xregexp "2.0.0"
  
  function-bind@^1.1.1:
    version "1.1.1"
    resolved "https://registry.yarnpkg.com/function-bind/-/function-bind-1.1.1.tgz#a56899d3ea3c9bab874bb9773b7c5ede92f4895d"
    integrity sha512-yIovAzMX49sF8Yl58fSCWJ5svSLuaibPxXQJFLmBObTuCr0Mf1KiPopGM9NiFjiYBCbfaa2Fh6breQ6ANVTI0A==
  
  function.prototype.name@^1.1.5:
    version "1.1.5"
    resolved "https://registry.yarnpkg.com/function.prototype.name/-/function.prototype.name-1.1.5.tgz#cce0505fe1ffb80503e6f9e46cc64e46a12a9621"
    integrity sha512-uN7m/BzVKQnCUF/iW8jYea67v++2u7m5UgENbHRtdDVclOUP+FMPlCNdmk0h/ysGyo2tavMJEDqJAkJdRa1vMA==
    dependencies:
      call-bind "^1.0.2"
      define-properties "^1.1.3"
      es-abstract "^1.19.0"
      functions-have-names "^1.2.2"
  
  functional-red-black-tree@^1.0.1:
    version "1.0.1"
    resolved "https://registry.yarnpkg.com/functional-red-black-tree/-/functional-red-black-tree-1.0.1.tgz#1b0ab3bd553b2a0d6399d29c0e3ea0b252078327"
    integrity sha512-dsKNQNdj6xA3T+QlADDA7mOSlX0qiMINjn0cgr+eGHGsbSHzTabcIogz2+p/iqP1Xs6EP/sS2SbqH+brGTbq0g==
  
  functions-have-names@^1.2.2:
    version "1.2.3"
    resolved "https://registry.yarnpkg.com/functions-have-names/-/functions-have-names-1.2.3.tgz#0404fe4ee2ba2f607f0e0ec3c80bae994133b834"
    integrity sha512-xckBUXyTIqT97tq2x2AMb+g163b5JFysYk0x4qxNFwbfQkmNZoiRHb6sPzI9/QV33WeuvVYBUIiD4NzNIyqaRQ==
  
  gauge@^3.0.0:
    version "3.0.2"
    resolved "https://registry.yarnpkg.com/gauge/-/gauge-3.0.2.tgz#03bf4441c044383908bcfa0656ad91803259b395"
    integrity sha512-+5J6MS/5XksCuXq++uFRsnUd7Ovu1XenbeuIuNRJxYWjgQbPuFhT14lAvsWfqfAmnwluf1OwMjz39HjfLPci0Q==
    dependencies:
      aproba "^1.0.3 || ^2.0.0"
      color-support "^1.1.2"
      console-control-strings "^1.0.0"
      has-unicode "^2.0.1"
      object-assign "^4.1.1"
      signal-exit "^3.0.0"
      string-width "^4.2.3"
      strip-ansi "^6.0.1"
      wide-align "^1.1.2"
  
  gensync@^1.0.0-beta.2:
    version "1.0.0-beta.2"
    resolved "https://registry.yarnpkg.com/gensync/-/gensync-1.0.0-beta.2.tgz#32a6ee76c3d7f52d46b2b1ae5d93fea8580a25e0"
    integrity sha512-3hN7NaskYvMDLQY55gnW3NQ+mesEAepTqlg+VEbj7zzqEMBVNhzcGYYeqFo/TlYz6eQiFcp1HcsCZO+nGgS8zg==
  
  get-intrinsic@^1.0.2, get-intrinsic@^1.1.0, get-intrinsic@^1.1.1:
    version "1.1.2"
    resolved "https://registry.yarnpkg.com/get-intrinsic/-/get-intrinsic-1.1.2.tgz#336975123e05ad0b7ba41f152ee4aadbea6cf598"
    integrity sha512-Jfm3OyCxHh9DJyc28qGk+JmfkpO41A4XkneDSujN9MDXrm4oDKdHvndhZ2dN94+ERNfkYJWDclW6k2L/ZGHjXA==
    dependencies:
      function-bind "^1.1.1"
      has "^1.0.3"
      has-symbols "^1.0.3"
  
  get-own-enumerable-property-symbols@^3.0.0:
    version "3.0.2"
    resolved "https://registry.yarnpkg.com/get-own-enumerable-property-symbols/-/get-own-enumerable-property-symbols-3.0.2.tgz#b5fde77f22cbe35f390b4e089922c50bce6ef664"
    integrity sha512-I0UBV/XOz1XkIJHEUDMZAbzCThU/H8DxmSfmdGcKPnVhu2VfFqr34jr9777IyaTYvxjedWhqVIilEDsCdP5G6g==
  
  get-stdin@^8.0.0:
    version "8.0.0"
    resolved "https://registry.yarnpkg.com/get-stdin/-/get-stdin-8.0.0.tgz#cbad6a73feb75f6eeb22ba9e01f89aa28aa97a53"
    integrity sha512-sY22aA6xchAzprjyqmSEQv4UbAAzRN0L2dQB0NlN5acTTK9Don6nhoc3eAbUnpZiCANAMfd/+40kVdKfFygohg==
  
  get-stream@^3.0.0:
    version "3.0.0"
    resolved "https://registry.yarnpkg.com/get-stream/-/get-stream-3.0.0.tgz#8e943d1358dc37555054ecbe2edb05aa174ede14"
    integrity sha512-GlhdIUuVakc8SJ6kK0zAFbiGzRFzNnY4jUuEbV9UROo4Y+0Ny4fjvcZFVTeDA4odpFyOQzaw6hXukJSq/f28sQ==
  
  get-stream@^4.1.0:
    version "4.1.0"
    resolved "https://registry.yarnpkg.com/get-stream/-/get-stream-4.1.0.tgz#c1b255575f3dc21d59bfc79cd3d2b46b1c3a54b5"
    integrity sha512-GMat4EJ5161kIy2HevLlr4luNjBgvmj413KaQA7jt4V8B4RDsfpHk7WQ9GVqfYyyx8OS/L66Kox+rJRNklLK7w==
    dependencies:
      pump "^3.0.0"
  
  get-stream@^5.0.0, get-stream@^5.1.0:
    version "5.2.0"
    resolved "https://registry.yarnpkg.com/get-stream/-/get-stream-5.2.0.tgz#4966a1795ee5ace65e706c4b7beb71257d6e22d3"
    integrity sha512-nBF+F1rAZVCu/p7rjzgA+Yb4lfYXrpl7a6VmJrU8wF9I1CKvP/QwPNZHnOlwbTkY6dvtFIzFMSyQXbLoTQPRpA==
    dependencies:
      pump "^3.0.0"
  
  get-stream@^6.0.0:
    version "6.0.1"
    resolved "https://registry.yarnpkg.com/get-stream/-/get-stream-6.0.1.tgz#a262d8eef67aced57c2852ad6167526a43cbf7b7"
    integrity sha512-ts6Wi+2j3jQjqi70w5AlN8DFnkSwC+MqmxEzdEALB2qXZYV3X/b1CTfgPLGJNMeAWxdPfU8FO1ms3NUfaHCPYg==
  
  get-symbol-description@^1.0.0:
    version "1.0.0"
    resolved "https://registry.yarnpkg.com/get-symbol-description/-/get-symbol-description-1.0.0.tgz#7fdb81c900101fbd564dd5f1a30af5aadc1e58d6"
    integrity sha512-2EmdH1YvIQiZpltCNgkuiUnyukzxM/R6NDJX31Ke3BG1Nq5b0S2PhX59UKi9vZpPDQVdqn+1IcaAwnzTT5vCjw==
    dependencies:
      call-bind "^1.0.2"
      get-intrinsic "^1.1.1"
  
  get-uri@3:
    version "3.0.2"
    resolved "https://registry.yarnpkg.com/get-uri/-/get-uri-3.0.2.tgz#f0ef1356faabc70e1f9404fa3b66b2ba9bfc725c"
    integrity sha512-+5s0SJbGoyiJTZZ2JTpFPLMPSch72KEqGOTvQsBqg0RBWvwhWUSYZFAtz3TPW0GXJuLBJPts1E241iHg+VRfhg==
    dependencies:
      "@tootallnate/once" "1"
      data-uri-to-buffer "3"
      debug "4"
      file-uri-to-path "2"
      fs-extra "^8.1.0"
      ftp "^0.3.10"
  
  getpass@^0.1.1:
    version "0.1.7"
    resolved "https://registry.yarnpkg.com/getpass/-/getpass-0.1.7.tgz#5eff8e3e684d569ae4cb2b1282604e8ba62149fa"
    integrity sha512-0fzj9JxOLfJ+XGLhR8ze3unN0KZCgZwiSSDz168VERjK8Wl8kVSdcu2kspd4s4wtAa1y/qrVRiAA0WclVsu0ng==
    dependencies:
      assert-plus "^1.0.0"
  
  glob-parent@^5.1.0, glob-parent@^5.1.2, glob-parent@~5.1.2:
    version "5.1.2"
    resolved "https://registry.yarnpkg.com/glob-parent/-/glob-parent-5.1.2.tgz#869832c58034fe68a4093c17dc15e8340d8401c4"
    integrity sha512-AOIgSQCepiJYwP3ARnGx+5VnTu2HBYdzbGP45eLw1vr3zB3vZLeyed1sC9hnbcOc9/SrMyM5RPQrkGz4aS9Zow==
    dependencies:
      is-glob "^4.0.1"
  
  glob-parent@^6.0.2:
    version "6.0.2"
    resolved "https://registry.yarnpkg.com/glob-parent/-/glob-parent-6.0.2.tgz#6d237d99083950c79290f24c7642a3de9a28f9e3"
    integrity sha512-XxwI8EOhVQgWp6iDL+3b0r86f4d6AX6zSU55HfB4ydCEuXLXc5FcYeOu+nnGftS4TEju/11rt4KJPTMgbfmv4A==
    dependencies:
      is-glob "^4.0.3"
  
  glob@^7.1.3:
    version "7.2.3"
    resolved "https://registry.yarnpkg.com/glob/-/glob-7.2.3.tgz#b8df0fb802bbfa8e89bd1d938b4e16578ed44f2b"
    integrity sha512-nFR0zLpU2YCaRxwoCJvL6UvCH2JFyFVIvwTLsIf21AuHlMskA1hhTdk+LlYJtOlYt9v6dvszD2BGRqBL+iQK9Q==
    dependencies:
      fs.realpath "^1.0.0"
      inflight "^1.0.4"
      inherits "2"
      minimatch "^3.1.1"
      once "^1.3.0"
      path-is-absolute "^1.0.0"
  
  glob@^8.0.1:
    version "8.0.3"
    resolved "https://registry.yarnpkg.com/glob/-/glob-8.0.3.tgz#415c6eb2deed9e502c68fa44a272e6da6eeca42e"
    integrity sha512-ull455NHSHI/Y1FqGaaYFaLGkNMMJbavMrEGFXG/PGrg6y7sutWHUHrz6gy6WEBH6akM1M414dWKCNs+IhKdiQ==
    dependencies:
      fs.realpath "^1.0.0"
      inflight "^1.0.4"
      inherits "2"
      minimatch "^5.0.1"
      once "^1.3.0"
  
  global-dirs@^3.0.0:
    version "3.0.0"
    resolved "https://registry.yarnpkg.com/global-dirs/-/global-dirs-3.0.0.tgz#70a76fe84ea315ab37b1f5576cbde7d48ef72686"
    integrity sha512-v8ho2DS5RiCjftj1nD9NmnfaOzTdud7RRnVd9kFNOjqZbISlx5DQ+OrTkywgd0dIt7oFCvKetZSHoHcP3sDdiA==
    dependencies:
      ini "2.0.0"
  
  global-modules@^2.0.0:
    version "2.0.0"
    resolved "https://registry.yarnpkg.com/global-modules/-/global-modules-2.0.0.tgz#997605ad2345f27f51539bea26574421215c7780"
    integrity sha512-NGbfmJBp9x8IxyJSd1P+otYK8vonoJactOogrVfFRIAEY1ukil8RSKDz2Yo7wh1oihl51l/r6W4epkeKJHqL8A==
    dependencies:
      global-prefix "^3.0.0"
  
  global-prefix@^3.0.0:
    version "3.0.0"
    resolved "https://registry.yarnpkg.com/global-prefix/-/global-prefix-3.0.0.tgz#fc85f73064df69f50421f47f883fe5b913ba9b97"
    integrity sha512-awConJSVCHVGND6x3tmMaKcQvwXLhjdkmomy2W+Goaui8YPgYgXJZewhg3fWC+DlfqqQuWg8AwqjGTD2nAPVWg==
    dependencies:
      ini "^1.3.5"
      kind-of "^6.0.2"
      which "^1.3.1"
  
  globals@^11.1.0:
    version "11.12.0"
    resolved "https://registry.yarnpkg.com/globals/-/globals-11.12.0.tgz#ab8795338868a0babd8525758018c2a7eb95c42e"
    integrity sha512-WOBp/EEGUiIsJSp7wcv/y6MO+lV9UoncWqxuFfm8eBwzWNgyfBd6Gz+IeKQ9jCmyhoH99g15M3T+QaVHFjizVA==
  
  globals@^13.6.0, globals@^13.9.0:
    version "13.17.0"
    resolved "https://registry.yarnpkg.com/globals/-/globals-13.17.0.tgz#902eb1e680a41da93945adbdcb5a9f361ba69bd4"
    integrity sha512-1C+6nQRb1GwGMKm2dH/E7enFAMxGTmGI7/dEdhy/DNelv85w9B72t3uc5frtMNXIbzrarJJ/lTCjcaZwbLJmyw==
    dependencies:
      type-fest "^0.20.2"
  
  globby@^11.0.3, globby@^11.0.4, globby@^11.1.0:
    version "11.1.0"
    resolved "https://registry.yarnpkg.com/globby/-/globby-11.1.0.tgz#bd4be98bb042f83d796f7e3811991fbe82a0d34b"
    integrity sha512-jhIXaOzy1sb8IyocaruWSn1TjmnBVs8Ayhcy83rmxNJ8q2uWKCAj3CnJY+KpGSXCueAPc0i05kVvVKtP1t9S3g==
    dependencies:
      array-union "^2.1.0"
      dir-glob "^3.0.1"
      fast-glob "^3.2.9"
      ignore "^5.2.0"
      merge2 "^1.4.1"
      slash "^3.0.0"
  
  globjoin@^0.1.4:
    version "0.1.4"
    resolved "https://registry.yarnpkg.com/globjoin/-/globjoin-0.1.4.tgz#2f4494ac8919e3767c5cbb691e9f463324285d43"
    integrity sha512-xYfnw62CKG8nLkZBfWbhWwDw02CHty86jfPcc2cr3ZfeuK9ysoVPPEUxf21bAD/rWAgk52SuBrLJlefNy8mvFg==
  
  gonzales-pe@^4.3.0:
    version "4.3.0"
    resolved "https://registry.yarnpkg.com/gonzales-pe/-/gonzales-pe-4.3.0.tgz#fe9dec5f3c557eead09ff868c65826be54d067b3"
    integrity sha512-otgSPpUmdWJ43VXyiNgEYE4luzHCL2pz4wQ0OnDluC6Eg4Ko3Vexy/SrSynglw/eR+OhkzmqFCZa/OFa/RgAOQ==
    dependencies:
      minimist "^1.2.5"
  
  good-listener@^1.2.2:
    version "1.2.2"
    resolved "https://registry.yarnpkg.com/good-listener/-/good-listener-1.2.2.tgz#d53b30cdf9313dffb7dc9a0d477096aa6d145c50"
    integrity sha512-goW1b+d9q/HIwbVYZzZ6SsTr4IgE+WA44A0GmPIQstuOrgsFcT7VEJ48nmr9GaRtNu0XTKacFLGnBPAM6Afouw==
    dependencies:
      delegate "^3.1.2"
  
  got@^11.8.3:
    version "11.8.5"
    resolved "https://registry.yarnpkg.com/got/-/got-11.8.5.tgz#ce77d045136de56e8f024bebb82ea349bc730046"
    integrity sha512-o0Je4NvQObAuZPHLFoRSkdG2lTgtcynqymzg2Vupdx6PorhaT5MCbIyXG6d4D94kk8ZG57QeosgdiqfJWhEhlQ==
    dependencies:
      "@sindresorhus/is" "^4.0.0"
      "@szmarczak/http-timer" "^4.0.5"
      "@types/cacheable-request" "^6.0.1"
      "@types/responselike" "^1.0.0"
      cacheable-lookup "^5.0.3"
      cacheable-request "^7.0.2"
      decompress-response "^6.0.0"
      http2-wrapper "^1.0.0-beta.5.2"
      lowercase-keys "^2.0.0"
      p-cancelable "^2.0.0"
      responselike "^2.0.0"
  
  got@^9.6.0:
    version "9.6.0"
    resolved "https://registry.yarnpkg.com/got/-/got-9.6.0.tgz#edf45e7d67f99545705de1f7bbeeeb121765ed85"
    integrity sha512-R7eWptXuGYxwijs0eV+v3o6+XH1IqVK8dJOEecQfTmkncw9AV4dcw/Dhxi8MdlqPthxxpZyizMzyg8RTmEsG+Q==
    dependencies:
      "@sindresorhus/is" "^0.14.0"
      "@szmarczak/http-timer" "^1.1.2"
      cacheable-request "^6.0.0"
      decompress-response "^3.3.0"
      duplexer3 "^0.1.4"
      get-stream "^4.1.0"
      lowercase-keys "^1.0.1"
      mimic-response "^1.0.1"
      p-cancelable "^1.0.0"
      to-readable-stream "^1.0.0"
      url-parse-lax "^3.0.0"
  
  graceful-fs@^4.1.2, graceful-fs@^4.1.6, graceful-fs@^4.2.0:
    version "4.2.10"
    resolved "https://registry.yarnpkg.com/graceful-fs/-/graceful-fs-4.2.10.tgz#147d3a006da4ca3ce14728c7aefc287c367d7a6c"
    integrity sha512-9ByhssR2fPVsNZj478qUUbKfmL0+t5BDVyjShtyZZLiK7ZDAArFFfopyOTj0M05wE2tJPisA4iTnnXl2YoPvOA==
  
  handlebars@^4.7.6:
    version "4.7.7"
    resolved "https://registry.yarnpkg.com/handlebars/-/handlebars-4.7.7.tgz#9ce33416aad02dbd6c8fafa8240d5d98004945a1"
    integrity sha512-aAcXm5OAfE/8IXkcZvCepKU3VzW1/39Fb5ZuqMtgI/hT8X2YgoMvBY5dLhq/cpOvw7Lk1nK/UF71aLG/ZnVYRA==
    dependencies:
      minimist "^1.2.5"
      neo-async "^2.6.0"
      source-map "^0.6.1"
      wordwrap "^1.0.0"
    optionalDependencies:
      uglify-js "^3.1.4"
  
  har-schema@^2.0.0:
    version "2.0.0"
    resolved "https://registry.yarnpkg.com/har-schema/-/har-schema-2.0.0.tgz#a94c2224ebcac04782a0d9035521f24735b7ec92"
    integrity sha512-Oqluz6zhGX8cyRaTQlFMPw80bSJVG2x/cFb8ZPhUILGgHka9SsokCCOQgpveePerqidZOrT14ipqfJb7ILcW5Q==
  
  har-validator@~5.1.3:
    version "5.1.5"
    resolved "https://registry.yarnpkg.com/har-validator/-/har-validator-5.1.5.tgz#1f0803b9f8cb20c0fa13822df1ecddb36bde1efd"
    integrity sha512-nmT2T0lljbxdQZfspsno9hgrG3Uir6Ks5afism62poxqBM6sDnMEuPmzTq8XN0OEwqKLLdh1jQI3qyE66Nzb3w==
    dependencies:
      ajv "^6.12.3"
      har-schema "^2.0.0"
  
  hard-rejection@^2.1.0:
    version "2.1.0"
    resolved "https://registry.yarnpkg.com/hard-rejection/-/hard-rejection-2.1.0.tgz#1c6eda5c1685c63942766d79bb40ae773cecd883"
    integrity sha512-VIZB+ibDhx7ObhAe7OVtoEbuP4h/MuOTHJ+J8h/eBXotJYl0fBgR72xDFCKgIh22OJZIOVNxBMWuhAr10r8HdA==
  
  has-bigints@^1.0.1, has-bigints@^1.0.2:
    version "1.0.2"
    resolved "https://registry.yarnpkg.com/has-bigints/-/has-bigints-1.0.2.tgz#0871bd3e3d51626f6ca0966668ba35d5602d6eaa"
    integrity sha512-tSvCKtBr9lkF0Ex0aQiP9N+OpV4zi2r/Nee5VkRDbaqv35RLYMzbwQfFSZZH0kR+Rd6302UJZ2p/bJCEoR3VoQ==
  
  has-flag@^3.0.0:
    version "3.0.0"
    resolved "https://registry.yarnpkg.com/has-flag/-/has-flag-3.0.0.tgz#b5d454dc2199ae225699f3467e5a07f3b955bafd"
    integrity sha512-sKJf1+ceQBr4SMkvQnBDNDtf4TXpVhVGateu0t918bl30FnbE2m4vNLX+VWe/dpjlb+HugGYzW7uQXH98HPEYw==
  
  has-flag@^4.0.0:
    version "4.0.0"
    resolved "https://registry.yarnpkg.com/has-flag/-/has-flag-4.0.0.tgz#944771fd9c81c81265c4d6941860da06bb59479b"
    integrity sha512-EykJT/Q1KjTWctppgIAgfSO0tKVuZUjhgMr17kqTumMl6Afv3EISleU7qZUzoXDFTAHTDC4NOoG/ZxU3EvlMPQ==
  
  has-property-descriptors@^1.0.0:
    version "1.0.0"
    resolved "https://registry.yarnpkg.com/has-property-descriptors/-/has-property-descriptors-1.0.0.tgz#610708600606d36961ed04c196193b6a607fa861"
    integrity sha512-62DVLZGoiEBDHQyqG4w9xCuZ7eJEwNmJRWw2VY84Oedb7WFcA27fiEVe8oUQx9hAUJ4ekurquucTGwsyO1XGdQ==
    dependencies:
      get-intrinsic "^1.1.1"
  
  has-symbols@^1.0.2, has-symbols@^1.0.3:
    version "1.0.3"
    resolved "https://registry.yarnpkg.com/has-symbols/-/has-symbols-1.0.3.tgz#bb7b2c4349251dce87b125f7bdf874aa7c8b39f8"
    integrity sha512-l3LCuF6MgDNwTDKkdYGEihYjt5pRPbEg46rtlmnSPlUbgmB8LOIrKJbYYFBSbnPaJexMKtiPO8hmeRjRz2Td+A==
  
  has-tostringtag@^1.0.0:
    version "1.0.0"
    resolved "https://registry.yarnpkg.com/has-tostringtag/-/has-tostringtag-1.0.0.tgz#7e133818a7d394734f941e73c3d3f9291e658b25"
    integrity sha512-kFjcSNhnlGV1kyoGk7OXKSawH5JOb/LzUc5w9B02hOTO0dfFRjbHQKvg1d6cf3HbeUmtU9VbbV3qzZ2Teh97WQ==
    dependencies:
      has-symbols "^1.0.2"
  
  has-unicode@^2.0.1:
    version "2.0.1"
    resolved "https://registry.yarnpkg.com/has-unicode/-/has-unicode-2.0.1.tgz#e0e6fe6a28cf51138855e086d1691e771de2a8b9"
    integrity sha512-8Rf9Y83NBReMnx0gFzA8JImQACstCYWUplepDa9xprwwtmgEZUF0h/i5xSA625zB/I37EtrswSST6OXxwaaIJQ==
  
  has-yarn@^2.1.0:
    version "2.1.0"
    resolved "https://registry.yarnpkg.com/has-yarn/-/has-yarn-2.1.0.tgz#137e11354a7b5bf11aa5cb649cf0c6f3ff2b2e77"
    integrity sha512-UqBRqi4ju7T+TqGNdqAO0PaSVGsDGJUBQvk9eUWNGRY1CFGDzYhLWoM7JQEemnlvVcv/YEmc2wNW8BC24EnUsw==
  
  has@^1.0.3:
    version "1.0.3"
    resolved "https://registry.yarnpkg.com/has/-/has-1.0.3.tgz#722d7cbfc1f6aa8241f16dd814e011e1f41e8796"
    integrity sha512-f2dvO0VU6Oej7RkWJGrehjbzMAjFp5/VKPp5tTpWIV4JHHZK1/BxbFRtf/siA2SWTe09caDmVtYYzWEIbBS4zw==
    dependencies:
      function-bind "^1.1.1"
  
  hint@7.1.1:
    version "7.1.1"
    resolved "https://registry.yarnpkg.com/hint/-/hint-7.1.1.tgz#a91fd5a14e33ccf744b399c0d19898a3ae7eb793"
    integrity sha512-p4ADz/UGGm54e6N+Vv6U0qXGIWLRCB8l0B/OQAYHcSgcrCrbaH5ClQ1Xoqfs5ICybrMlBB3yoVrS0cHQnzo9AQ==
    dependencies:
      "@hint/utils" "^7.0.19"
      "@hint/utils-debug" "^1.0.10"
      "@hint/utils-fs" "^1.0.14"
      "@hint/utils-json" "^1.0.22"
      "@hint/utils-network" "^1.0.21"
      "@hint/utils-string" "^1.0.12"
      "@hint/utils-types" "^1.2.0"
      browserslist "^4.19.3"
      chalk "^4.1.2"
      eventemitter2 "^6.4.5"
      globby "^11.0.4"
      is-ci "^3.0.1"
      lodash "^4.17.21"
      optionator "^0.9.1"
      ora "^5.4.1"
      os-locale "^5.0.0"
      setimmediate "^1.0.5"
      update-notifier "^5.1.0"
    optionalDependencies:
      "@hint/configuration-development" "^8.3.9"
      "@hint/configuration-web-recommended" "^8.2.14"
  
  hosted-git-info@^2.1.4:
    version "2.8.9"
    resolved "https://registry.yarnpkg.com/hosted-git-info/-/hosted-git-info-2.8.9.tgz#dffc0bf9a21c02209090f2aa69429e1414daf3f9"
    integrity sha512-mxIDAb9Lsm6DoOJ7xH+5+X4y1LU/4Hi50L9C5sIswK3JzULS4bwk1FvjdBgvYR4bzT4tuUQiC15FE2f5HbLvYw==
  
  hosted-git-info@^4.0.1:
    version "4.1.0"
    resolved "https://registry.yarnpkg.com/hosted-git-info/-/hosted-git-info-4.1.0.tgz#827b82867e9ff1c8d0c4d9d53880397d2c86d224"
    integrity sha512-kyCuEOWjJqZuDbRHzL8V93NzQhwIB71oFWSyzVo+KPZI+pnQPPxucdkrOZvkLRnrf5URsQM+IJ09Dw29cRALIA==
    dependencies:
      lru-cache "^6.0.0"
  
  hosted-git-info@^5.0.0:
    version "5.1.0"
    resolved "https://registry.yarnpkg.com/hosted-git-info/-/hosted-git-info-5.1.0.tgz#9786123f92ef3627f24abc3f15c20d98ec4a6594"
    integrity sha512-Ek+QmMEqZF8XrbFdwoDjSbm7rT23pCgEMOJmz6GPk/s4yH//RQfNPArhIxbguNxROq/+5lNBwCDHMhA903Kx1Q==
    dependencies:
      lru-cache "^7.5.1"
  
  html-encoding-sniffer@^3.0.0:
    version "3.0.0"
    resolved "https://registry.yarnpkg.com/html-encoding-sniffer/-/html-encoding-sniffer-3.0.0.tgz#2cb1a8cf0db52414776e5b2a7a04d5dd98158de9"
    integrity sha512-oWv4T4yJ52iKrufjnyZPkrN0CH3QnrUqdB6In1g5Fe1mia8GmF36gnfNySxoZtxD5+NmYw1EElVXiBk93UeskA==
    dependencies:
      whatwg-encoding "^2.0.0"
  
  html-tags@^3.1.0:
    version "3.2.0"
    resolved "https://registry.yarnpkg.com/html-tags/-/html-tags-3.2.0.tgz#dbb3518d20b726524e4dd43de397eb0a95726961"
    integrity sha512-vy7ClnArOZwCnqZgvv+ddgHgJiAFXe3Ge9ML5/mBctVJoUoYPCdxVucOywjDARn6CVoh3dRSFdPHy2sX80L0Wg==
  
  htmlparser2@^3.10.0:
    version "3.10.1"
    resolved "https://registry.yarnpkg.com/htmlparser2/-/htmlparser2-3.10.1.tgz#bd679dc3f59897b6a34bb10749c855bb53a9392f"
    integrity sha512-IgieNijUMbkDovyoKObU1DUhm1iwNYE/fuifEoEHfd1oZKZDaONBSkal7Y01shxsM49R4XaMdGez3WnF9UfiCQ==
    dependencies:
      domelementtype "^1.3.1"
      domhandler "^2.3.0"
      domutils "^1.5.1"
      entities "^1.1.1"
      inherits "^2.0.1"
      readable-stream "^3.1.1"
  
  http-cache-semantics@^4.0.0, http-cache-semantics@^4.1.0:
    version "4.1.0"
    resolved "https://registry.yarnpkg.com/http-cache-semantics/-/http-cache-semantics-4.1.0.tgz#49e91c5cbf36c9b94bcfcd71c23d5249ec74e390"
    integrity sha512-carPklcUh7ROWRK7Cv27RPtdhYhUsela/ue5/jKzjegVvXDqM2ILE9Q2BGn9JZJh1g87cp56su/FgQSzcWS8cQ==
  
  http-errors@2.0.0:
    version "2.0.0"
    resolved "https://registry.yarnpkg.com/http-errors/-/http-errors-2.0.0.tgz#b7774a1486ef73cf7667ac9ae0858c012c57b9d3"
    integrity sha512-FtwrG/euBzaEjYeRqOgly7G0qviiXoJWnvEH2Z1plBdXgbyjv34pHTSb9zoeHMyDy33+DWy5Wt9Wo+TURtOYSQ==
    dependencies:
      depd "2.0.0"
      inherits "2.0.4"
      setprototypeof "1.2.0"
      statuses "2.0.1"
      toidentifier "1.0.1"
  
  http-proxy-agent@^4.0.0, http-proxy-agent@^4.0.1:
    version "4.0.1"
    resolved "https://registry.yarnpkg.com/http-proxy-agent/-/http-proxy-agent-4.0.1.tgz#8a8c8ef7f5932ccf953c296ca8291b95aa74aa3a"
    integrity sha512-k0zdNgqWTGA6aeIRVpvfVob4fL52dTfaehylg0Y4UvSySvOq/Y+BOyPrgpUrA7HylqvU8vIZGsRuXmspskV0Tg==
    dependencies:
      "@tootallnate/once" "1"
      agent-base "6"
      debug "4"
  
  http-proxy-agent@^5.0.0:
    version "5.0.0"
    resolved "https://registry.yarnpkg.com/http-proxy-agent/-/http-proxy-agent-5.0.0.tgz#5129800203520d434f142bc78ff3c170800f2b43"
    integrity sha512-n2hY8YdoRE1i7r6M0w9DIw5GgZN0G25P8zLCRQ8rjXtTU3vsNFBI/vWK/UIeE6g5MUUz6avwAPXmL6Fy9D/90w==
    dependencies:
      "@tootallnate/once" "2"
      agent-base "6"
      debug "4"
  
  http-signature@~1.2.0:
    version "1.2.0"
    resolved "https://registry.yarnpkg.com/http-signature/-/http-signature-1.2.0.tgz#9aecd925114772f3d95b65a60abb8f7c18fbace1"
    integrity sha512-CAbnr6Rz4CYQkLYUtSNXxQPUH2gK8f3iWexVlsnMeD+GjlsQ0Xsy1cOX+mN3dtxYomRy21CiOzU8Uhw6OwncEQ==
    dependencies:
      assert-plus "^1.0.0"
      jsprim "^1.2.2"
      sshpk "^1.7.0"
  
  http2-wrapper@^1.0.0-beta.5.2:
    version "1.0.3"
    resolved "https://registry.yarnpkg.com/http2-wrapper/-/http2-wrapper-1.0.3.tgz#b8f55e0c1f25d4ebd08b3b0c2c079f9590800b3d"
    integrity sha512-V+23sDMr12Wnz7iTcDeJr3O6AIxlnvT/bmaAAAP/Xda35C90p9599p0F1eHR/N1KILWSoWVAiOMFjBBXaXSMxg==
    dependencies:
      quick-lru "^5.1.1"
      resolve-alpn "^1.0.0"
  
  https-proxy-agent@5, https-proxy-agent@5.0.1, https-proxy-agent@^5.0.0:
    version "5.0.1"
    resolved "https://registry.yarnpkg.com/https-proxy-agent/-/https-proxy-agent-5.0.1.tgz#c59ef224a04fe8b754f3db0063a25ea30d0005d6"
    integrity sha512-dFcAjpTQFgoLMzC2VwU+C/CbS7uRL0lWmxDITmqm7C+7F0Odmj6s9l6alZc6AELXhrnggM2CeWSXHGOdX2YtwA==
    dependencies:
      agent-base "6"
      debug "4"
  
  human-signals@^1.1.1:
    version "1.1.1"
    resolved "https://registry.yarnpkg.com/human-signals/-/human-signals-1.1.1.tgz#c5b1cd14f50aeae09ab6c59fe63ba3395fe4dfa3"
    integrity sha512-SEQu7vl8KjNL2eoGBLF3+wAjpsNfA9XMlXAYj/3EdaNfAlxKthD1xjEQfGOUhllCGGJVNY34bRr6lPINhNjyZw==
  
  human-signals@^2.1.0:
    version "2.1.0"
    resolved "https://registry.yarnpkg.com/human-signals/-/human-signals-2.1.0.tgz#dc91fcba42e4d06e4abaed33b3e7a3c02f514ea0"
    integrity sha512-B4FFZ6q/T2jhhksgkbEW3HBvWIfDW85snkQgawt07S7J5QXTk6BkNV+0yAeZrM5QpMAdYlocGoljn0sJ/WQkFw==
  
  humanize-ms@^1.2.1:
    version "1.2.1"
    resolved "https://registry.yarnpkg.com/humanize-ms/-/humanize-ms-1.2.1.tgz#c46e3159a293f6b896da29316d8b6fe8bb79bbed"
    integrity sha512-Fl70vYtsAFb/C06PTS9dZBo7ihau+Tu/DNCk/OyHhea07S+aeMWpFFkUaXRa8fI+ScZbEI8dfSxwY7gxZ9SAVQ==
    dependencies:
      ms "^2.0.0"
  
  iconv-lite@0.4.24:
    version "0.4.24"
    resolved "https://registry.yarnpkg.com/iconv-lite/-/iconv-lite-0.4.24.tgz#2022b4b25fbddc21d2f524974a474aafe733908b"
    integrity sha512-v3MXnZAcvnywkTUEZomIActle7RXXeedOR31wwl7VlyoXO4Qi9arvSenNQWne1TcRwhCL1HwLI21bEqdpj8/rA==
    dependencies:
      safer-buffer ">= 2.1.2 < 3"
  
  iconv-lite@0.6.3, iconv-lite@^0.6.2, iconv-lite@^0.6.3:
    version "0.6.3"
    resolved "https://registry.yarnpkg.com/iconv-lite/-/iconv-lite-0.6.3.tgz#a52f80bf38da1952eb5c681790719871a1a72501"
    integrity sha512-4fCk79wshMdzMp2rH06qWrJE4iolqLhCUH+OiuIgU++RB0+94NlDL81atO7GX55uUKueo0txHNtvEyI6D7WdMw==
    dependencies:
      safer-buffer ">= 2.1.2 < 3.0.0"
  
  ieee754@^1.1.13, ieee754@^1.2.1:
    version "1.2.1"
    resolved "https://registry.yarnpkg.com/ieee754/-/ieee754-1.2.1.tgz#8eb7a10a63fff25d15a57b001586d177d1b0d352"
    integrity sha512-dcyqhDvX1C46lXZcVqCpK+FtMRQVdIMN6/Df5js2zouUsqG7I6sFxitIC+7KYK29KdXOLHdu9zL4sFnoVQnqaA==
  
  ignore@^4.0.6:
    version "4.0.6"
    resolved "https://registry.yarnpkg.com/ignore/-/ignore-4.0.6.tgz#750e3db5862087b4737ebac8207ffd1ef27b25fc"
    integrity sha512-cyFDKrqc/YdcWFniJhzI42+AzS+gNwmUzOSFcRCQYwySuBBBy/KjuxWLZ/FHEH6Moq1NizMOBWyTcv8O4OZIMg==
  
  ignore@^5.1.8, ignore@^5.2.0:
    version "5.2.0"
    resolved "https://registry.yarnpkg.com/ignore/-/ignore-5.2.0.tgz#6d3bac8fa7fe0d45d9f9be7bac2fc279577e345a"
    integrity sha512-CmxgYGiEPCLhfLnpPp1MoRmifwEIOgjcHXxOBjv7mY96c+eWScsOP9c112ZyLdWHi0FxHjI+4uVhKYp/gcdRmQ==
  
  image-size@^1.0.1:
    version "1.0.2"
    resolved "https://registry.yarnpkg.com/image-size/-/image-size-1.0.2.tgz#d778b6d0ab75b2737c1556dd631652eb963bc486"
    integrity sha512-xfOoWjceHntRb3qFCrh5ZFORYH8XCdYpASltMhZ/Q0KZiOwjdE/Yl2QCiWdwD+lygV5bMCvauzgu5PxBX/Yerg==
    dependencies:
      queue "6.0.2"
  
  import-fresh@^3.0.0, import-fresh@^3.2.1:
    version "3.3.0"
    resolved "https://registry.yarnpkg.com/import-fresh/-/import-fresh-3.3.0.tgz#37162c25fcb9ebaa2e6e53d5b4d88ce17d9e0c2b"
    integrity sha512-veYYhQa+D1QBKznvhUHxb8faxlrwUnxseDAbAp457E0wLNio2bOSKnjYDhMj+YiAq61xrMGhQk9iXVk5FzgQMw==
    dependencies:
      parent-module "^1.0.0"
      resolve-from "^4.0.0"
  
  import-lazy@^2.1.0:
    version "2.1.0"
    resolved "https://registry.yarnpkg.com/import-lazy/-/import-lazy-2.1.0.tgz#05698e3d45c88e8d7e9d92cb0584e77f096f3e43"
    integrity sha512-m7ZEHgtw69qOGw+jwxXkHlrlIPdTGkyh66zXZ1ajZbxkDBNjSY/LGbmjc7h0s2ELsUDTAhFr55TrPSSqJGPG0A==
  
  import-lazy@^4.0.0:
    version "4.0.0"
    resolved "https://registry.yarnpkg.com/import-lazy/-/import-lazy-4.0.0.tgz#e8eb627483a0a43da3c03f3e35548be5cb0cc153"
    integrity sha512-rKtvo6a868b5Hu3heneU+L4yEQ4jYKLtjpnPeUdK7h0yzXGmyBTypknlkCvHFBqfX9YlorEiMM6Dnq/5atfHkw==
  
  imurmurhash@^0.1.4:
    version "0.1.4"
    resolved "https://registry.yarnpkg.com/imurmurhash/-/imurmurhash-0.1.4.tgz#9218b9b2b928a238b13dc4fb6b6d576f231453ea"
    integrity sha512-JmXMZ6wuvDmLiHEml9ykzqO6lwFbof0GG4IkcGaENdCRDDmMVnny7s5HsIgHCbaq0w2MyPhDqkhTUgS2LU2PHA==
  
  indent-string@^4.0.0:
    version "4.0.0"
    resolved "https://registry.yarnpkg.com/indent-string/-/indent-string-4.0.0.tgz#624f8f4497d619b2d9768531d58f4122854d7251"
    integrity sha512-EdDDZu4A2OyIK7Lr/2zG+w5jmbuk1DVBnEwREQvBzspBJkCEbRa8GxU1lghYcaGJCnRWibjDXlq779X1/y5xwg==
  
  infer-owner@^1.0.4:
    version "1.0.4"
    resolved "https://registry.yarnpkg.com/infer-owner/-/infer-owner-1.0.4.tgz#c4cefcaa8e51051c2a40ba2ce8a3d27295af9467"
    integrity sha512-IClj+Xz94+d7irH5qRyfJonOdfTzuDaifE6ZPWfx0N0+/ATZCbuTPq2prFl526urkQd90WyUKIh1DfBQ2hMz9A==
  
  inflight@^1.0.4:
    version "1.0.6"
    resolved "https://registry.yarnpkg.com/inflight/-/inflight-1.0.6.tgz#49bd6331d7d02d0c09bc910a1075ba8165b56df9"
    integrity sha512-k92I/b08q4wvFscXCLvqfsHCrjrF7yiXsQuIVvVE7N82W3+aqpzuUdBbfhWcy/FZR3/4IgflMgKLOsvPDrGCJA==
    dependencies:
      once "^1.3.0"
      wrappy "1"
  
  inherits@2, inherits@2.0.4, inherits@^2.0.1, inherits@^2.0.3, inherits@^2.0.4, inherits@~2.0.1, inherits@~2.0.3:
    version "2.0.4"
    resolved "https://registry.yarnpkg.com/inherits/-/inherits-2.0.4.tgz#0fa2c64f932917c3433a0ded55363aae37416b7c"
    integrity sha512-k/vGaX4/Yla3WzyMCvTQOXYeIHvqOKtnqBduzTHpzpQZzAskKMhZ2K+EnBiSM9zGSoIFeMpXKxa4dYeZIQqewQ==
  
  ini@2.0.0:
    version "2.0.0"
    resolved "https://registry.yarnpkg.com/ini/-/ini-2.0.0.tgz#e5fd556ecdd5726be978fa1001862eacb0a94bc5"
    integrity sha512-7PnF4oN3CvZF23ADhA5wRaYEQpJ8qygSkbtTXWBeXWXmEVRXK+1ITciHWwHhsjv1TmW0MgacIv6hEi5pX5NQdA==
  
  ini@^1.3.5, ini@~1.3.0:
    version "1.3.8"
    resolved "https://registry.yarnpkg.com/ini/-/ini-1.3.8.tgz#a29da425b48806f34767a4efce397269af28432c"
    integrity sha512-JV/yugV2uzW5iMRSiZAyDtQd+nxtUnjeLt0acNdw98kKLrvuRVyB80tsREOE7yvGVgalhZ6RNXCmEHkUKBKxew==
  
  internal-slot@^1.0.3:
    version "1.0.3"
    resolved "https://registry.yarnpkg.com/internal-slot/-/internal-slot-1.0.3.tgz#7347e307deeea2faac2ac6205d4bc7d34967f59c"
    integrity sha512-O0DB1JC/sPyZl7cIo78n5dR7eUSwwpYPiXRhTzNxZVAMUuB8vlnRFyLxdrVToks6XPLVnFfbzaVd5WLjhgg+vA==
    dependencies:
      get-intrinsic "^1.1.0"
      has "^1.0.3"
      side-channel "^1.0.4"
  
  invert-kv@^3.0.0:
    version "3.0.1"
    resolved "https://registry.yarnpkg.com/invert-kv/-/invert-kv-3.0.1.tgz#a93c7a3d4386a1dc8325b97da9bb1620c0282523"
    integrity sha512-CYdFeFexxhv/Bcny+Q0BfOV+ltRlJcd4BBZBYFX/O0u4npJrgZtIcjokegtiSMAvlMTJ+Koq0GBCc//3bueQxw==
  
  ip@^1.1.5:
    version "1.1.8"
    resolved "https://registry.yarnpkg.com/ip/-/ip-1.1.8.tgz#ae05948f6b075435ed3307acce04629da8cdbf48"
    integrity sha512-PuExPYUiu6qMBQb4l06ecm6T6ujzhmh+MeJcW9wa89PoAz5pvd4zPgN5WJV104mb6S2T1AwNIAaB70JNrLQWhg==
  
  ip@^2.0.0:
    version "2.0.0"
    resolved "https://registry.yarnpkg.com/ip/-/ip-2.0.0.tgz#4cf4ab182fee2314c75ede1276f8c80b479936da"
    integrity sha512-WKa+XuLG1A1R0UWhl2+1XQSi+fZWMsYKffMZTTYsiZaUD8k2yDAj5atimTUD2TZkyCkNEeYE5NhFZmupOGtjYQ==
  
  is-alphabetical@^1.0.0:
    version "1.0.4"
    resolved "https://registry.yarnpkg.com/is-alphabetical/-/is-alphabetical-1.0.4.tgz#9e7d6b94916be22153745d184c298cbf986a686d"
    integrity sha512-DwzsA04LQ10FHTZuL0/grVDk4rFoVH1pjAToYwBrHSxcrBIGQuXrQMtD5U1b0U2XVgKZCTLLP8u2Qxqhy3l2Vg==
  
  is-alphanumerical@^1.0.0:
    version "1.0.4"
    resolved "https://registry.yarnpkg.com/is-alphanumerical/-/is-alphanumerical-1.0.4.tgz#7eb9a2431f855f6b1ef1a78e326df515696c4dbf"
    integrity sha512-UzoZUr+XfVz3t3v4KyGEniVL9BDRoQtY7tOyrRybkVNjDFWyo1yhXNGrrBTQxp3ib9BLAWs7k2YKBQsFRkZG9A==
    dependencies:
      is-alphabetical "^1.0.0"
      is-decimal "^1.0.0"
  
  is-arrayish@^0.2.1:
    version "0.2.1"
    resolved "https://registry.yarnpkg.com/is-arrayish/-/is-arrayish-0.2.1.tgz#77c99840527aa8ecb1a8ba697b80645a7a926a9d"
    integrity sha512-zz06S8t0ozoDXMG+ube26zeCTNXcKIPJZJi8hBrF4idCLms4CG9QtK7qBl1boi5ODzFpjswb5JPmHCbMpjaYzg==
  
  is-arrayish@^0.3.1:
    version "0.3.2"
    resolved "https://registry.yarnpkg.com/is-arrayish/-/is-arrayish-0.3.2.tgz#4574a2ae56f7ab206896fb431eaeed066fdf8f03"
    integrity sha512-eVRqCvVlZbuw3GrM63ovNSNAeA1K16kaR/LRY/92w0zxQ5/1YzwblUX652i4Xs9RwAGjW9d9y6X88t8OaAJfWQ==
  
  is-bigint@^1.0.1:
    version "1.0.4"
    resolved "https://registry.yarnpkg.com/is-bigint/-/is-bigint-1.0.4.tgz#08147a1875bc2b32005d41ccd8291dffc6691df3"
    integrity sha512-zB9CruMamjym81i2JZ3UMn54PKGsQzsJeo6xvN3HJJ4CAsQNB6iRutp2To77OfCNuoxspsIhzaPoO1zyCEhFOg==
    dependencies:
      has-bigints "^1.0.1"
  
  is-binary-path@~2.1.0:
    version "2.1.0"
    resolved "https://registry.yarnpkg.com/is-binary-path/-/is-binary-path-2.1.0.tgz#ea1f7f3b80f064236e83470f86c09c254fb45b09"
    integrity sha512-ZMERYes6pDydyuGidse7OsHxtbI7WVeUEozgR/g7rd0xUimYNlvZRE/K2MgZTjWy725IfelLeVcEM97mmtRGXw==
    dependencies:
      binary-extensions "^2.0.0"
  
  is-boolean-object@^1.1.0:
    version "1.1.2"
    resolved "https://registry.yarnpkg.com/is-boolean-object/-/is-boolean-object-1.1.2.tgz#5c6dc200246dd9321ae4b885a114bb1f75f63719"
    integrity sha512-gDYaKHJmnj4aWxyj6YHyXVpdQawtVLHU5cb+eztPGczf6cjuTdwve5ZIEfgXqH4e57An1D1AKf8CZ3kYrQRqYA==
    dependencies:
      call-bind "^1.0.2"
      has-tostringtag "^1.0.0"
  
  is-buffer@^2.0.0:
    version "2.0.5"
    resolved "https://registry.yarnpkg.com/is-buffer/-/is-buffer-2.0.5.tgz#ebc252e400d22ff8d77fa09888821a24a658c191"
    integrity sha512-i2R6zNFDwgEHJyQUtJEk0XFi1i0dPFn/oqjK3/vPCcDeJvW5NQ83V8QbicfF1SupOaB0h8ntgBC2YiE7dfyctQ==
  
  is-callable@^1.1.4, is-callable@^1.2.4:
    version "1.2.4"
    resolved "https://registry.yarnpkg.com/is-callable/-/is-callable-1.2.4.tgz#47301d58dd0259407865547853df6d61fe471945"
    integrity sha512-nsuwtxZfMX67Oryl9LCQ+upnC0Z0BgpwntpS89m1H/TLF0zNfzfLMV/9Wa/6MZsj0acpEjAO0KF1xT6ZdLl95w==
  
  is-ci@^1.0.10:
    version "1.2.1"
    resolved "https://registry.yarnpkg.com/is-ci/-/is-ci-1.2.1.tgz#e3779c8ee17fccf428488f6e281187f2e632841c"
    integrity sha512-s6tfsaQaQi3JNciBH6shVqEDvhGut0SUXr31ag8Pd8BBbVVlcGfWhpPmEOoM6RJ5TFhbypvf5yyRw/VXW1IiWg==
    dependencies:
      ci-info "^1.5.0"
  
  is-ci@^2.0.0:
    version "2.0.0"
    resolved "https://registry.yarnpkg.com/is-ci/-/is-ci-2.0.0.tgz#6bc6334181810e04b5c22b3d589fdca55026404c"
    integrity sha512-YfJT7rkpQB0updsdHLGWrvhBJfcfzNNawYDNIyQXJz0IViGf75O8EBPKSdvw2rF+LGCsX4FZ8tcr3b19LcZq4w==
    dependencies:
      ci-info "^2.0.0"
  
  is-ci@^3.0.1:
    version "3.0.1"
    resolved "https://registry.yarnpkg.com/is-ci/-/is-ci-3.0.1.tgz#db6ecbed1bd659c43dac0f45661e7674103d1867"
    integrity sha512-ZYvCgrefwqoQ6yTyYUbQu64HsITZ3NfKX1lzaEYdkTDcfKzzCI/wthRRYKkdjHKFVgNiXKAKm65Zo1pk2as/QQ==
    dependencies:
      ci-info "^3.2.0"
  
  is-core-module@^2.5.0, is-core-module@^2.9.0:
    version "2.10.0"
    resolved "https://registry.yarnpkg.com/is-core-module/-/is-core-module-2.10.0.tgz#9012ede0a91c69587e647514e1d5277019e728ed"
    integrity sha512-Erxj2n/LDAZ7H8WNJXd9tw38GYM3dv8rk8Zcs+jJuxYTW7sozH+SS8NtrSjVL1/vpLvWi1hxy96IzjJ3EHTJJg==
    dependencies:
      has "^1.0.3"
  
  is-date-object@^1.0.1:
    version "1.0.5"
    resolved "https://registry.yarnpkg.com/is-date-object/-/is-date-object-1.0.5.tgz#0841d5536e724c25597bf6ea62e1bd38298df31f"
    integrity sha512-9YQaSxsAiSwcvS33MBk3wTCVnWK+HhF8VZR2jRxehM16QcVOdHqPn4VPHmRK4lSr38n9JriurInLcP90xsYNfQ==
    dependencies:
      has-tostringtag "^1.0.0"
  
  is-decimal@^1.0.0:
    version "1.0.4"
    resolved "https://registry.yarnpkg.com/is-decimal/-/is-decimal-1.0.4.tgz#65a3a5958a1c5b63a706e1b333d7cd9f630d3fa5"
    integrity sha512-RGdriMmQQvZ2aqaQq3awNA6dCGtKpiDFcOzrTWrDAT2MiWrKQVPmxLGHl7Y2nNu6led0kEyoX0enY0qXYsv9zw==
  
  is-docker@^2.0.0:
    version "2.2.1"
    resolved "https://registry.yarnpkg.com/is-docker/-/is-docker-2.2.1.tgz#33eeabe23cfe86f14bde4408a02c0cfb853acdaa"
    integrity sha512-F+i2BKsFrH66iaUFc0woD8sLy8getkwTwtOBjvs56Cx4CgJDeKQeqfz8wAYiSb8JOprWhHH5p77PbmYCvvUuXQ==
  
  is-extglob@^2.1.1:
    version "2.1.1"
    resolved "https://registry.yarnpkg.com/is-extglob/-/is-extglob-2.1.1.tgz#a88c02535791f02ed37c76a1b9ea9773c833f8c2"
    integrity sha512-SbKbANkN603Vi4jEZv49LeVJMn4yGwsbzZworEoyEiutsN3nJYdbO36zfhGJ6QEDpOZIFkDtnq5JRxmvl3jsoQ==
  
  is-fullwidth-code-point@^3.0.0:
    version "3.0.0"
    resolved "https://registry.yarnpkg.com/is-fullwidth-code-point/-/is-fullwidth-code-point-3.0.0.tgz#f116f8064fe90b3f7844a38997c0b75051269f1d"
    integrity sha512-zymm5+u+sCsSWyD9qNaejV3DFvhCKclKdizYaJUuHA83RLjb7nSuGnddCHGv0hk+KY7BMAlsWeK4Ueg6EV6XQg==
  
  is-glob@^4.0.0, is-glob@^4.0.1, is-glob@^4.0.3, is-glob@~4.0.1:
    version "4.0.3"
    resolved "https://registry.yarnpkg.com/is-glob/-/is-glob-4.0.3.tgz#64f61e42cbbb2eec2071a9dac0b28ba1e65d5084"
    integrity sha512-xelSayHH36ZgE7ZWhli7pW34hNbNl8Ojv5KVmkJD4hBdD3th8Tfk9vYasLM+mXWOZhFkgZfxhLSnrwRr4elSSg==
    dependencies:
      is-extglob "^2.1.1"
  
  is-hexadecimal@^1.0.0:
    version "1.0.4"
    resolved "https://registry.yarnpkg.com/is-hexadecimal/-/is-hexadecimal-1.0.4.tgz#cc35c97588da4bd49a8eedd6bc4082d44dcb23a7"
    integrity sha512-gyPJuv83bHMpocVYoqof5VDiZveEoGoFL8m3BXNb2VW8Xs+rz9kqO8LOQ5DH6EsuvilT1ApazU0pyl+ytbPtlw==
  
  is-installed-globally@^0.4.0:
    version "0.4.0"
    resolved "https://registry.yarnpkg.com/is-installed-globally/-/is-installed-globally-0.4.0.tgz#9a0fd407949c30f86eb6959ef1b7994ed0b7b520"
    integrity sha512-iwGqO3J21aaSkC7jWnHP/difazwS7SFeIqxv6wEtLU8Y5KlzFTjyqcSIT0d8s4+dDhKytsk9PJZ2BkS5eZwQRQ==
    dependencies:
      global-dirs "^3.0.0"
      is-path-inside "^3.0.2"
  
  is-interactive@^1.0.0:
    version "1.0.0"
    resolved "https://registry.yarnpkg.com/is-interactive/-/is-interactive-1.0.0.tgz#cea6e6ae5c870a7b0a0004070b7b587e0252912e"
    integrity sha512-2HvIEKRoqS62guEC+qBjpvRubdX910WCMuJTZ+I9yvqKU2/12eSL549HMwtabb4oupdj2sMP50k+XJfB/8JE6w==
  
  is-lambda@^1.0.1:
    version "1.0.1"
    resolved "https://registry.yarnpkg.com/is-lambda/-/is-lambda-1.0.1.tgz#3d9877899e6a53efc0160504cde15f82e6f061d5"
    integrity sha512-z7CMFGNrENq5iFB9Bqo64Xk6Y9sg+epq1myIcdHaGnbMTYOxvzsEtdYqQUylB7LxfkvgrrjP32T6Ywciio9UIQ==
  
  is-negative-zero@^2.0.2:
    version "2.0.2"
    resolved "https://registry.yarnpkg.com/is-negative-zero/-/is-negative-zero-2.0.2.tgz#7bf6f03a28003b8b3965de3ac26f664d765f3150"
    integrity sha512-dqJvarLawXsFbNDeJW7zAz8ItJ9cd28YufuuFzh0G8pNHjJMnY08Dv7sYX2uF5UpQOwieAeOExEYAWWfu7ZZUA==
  
  is-npm@^5.0.0:
    version "5.0.0"
    resolved "https://registry.yarnpkg.com/is-npm/-/is-npm-5.0.0.tgz#43e8d65cc56e1b67f8d47262cf667099193f45a8"
    integrity sha512-WW/rQLOazUq+ST/bCAVBp/2oMERWLsR7OrKyt052dNDk4DHcDE0/7QSXITlmi+VBcV13DfIbysG3tZJm5RfdBA==
  
  is-number-object@^1.0.4:
    version "1.0.7"
    resolved "https://registry.yarnpkg.com/is-number-object/-/is-number-object-1.0.7.tgz#59d50ada4c45251784e9904f5246c742f07a42fc"
    integrity sha512-k1U0IRzLMo7ZlYIfzRu23Oh6MiIFasgpb9X76eqfFZAqwH44UI4KTBvBYIZ1dSL9ZzChTB9ShHfLkR4pdW5krQ==
    dependencies:
      has-tostringtag "^1.0.0"
  
  is-number@^7.0.0:
    version "7.0.0"
    resolved "https://registry.yarnpkg.com/is-number/-/is-number-7.0.0.tgz#7535345b896734d5f80c4d06c50955527a14f12b"
    integrity sha512-41Cifkg6e8TylSpdtTpeLVMqvSBEVzTttHvERD741+pnZ8ANv0004MRL43QKPDlK9cGvNp6NZWZUBlbGXYxxng==
  
  is-obj@^1.0.1:
    version "1.0.1"
    resolved "https://registry.yarnpkg.com/is-obj/-/is-obj-1.0.1.tgz#3e4729ac1f5fde025cd7d83a896dab9f4f67db0f"
    integrity sha512-l4RyHgRqGN4Y3+9JHVrNqO+tN0rV5My76uW5/nuO4K1b6vw5G8d/cmFjP9tRfEsdhZNt0IFdZuK/c2Vr4Nb+Qg==
  
  is-obj@^2.0.0:
    version "2.0.0"
    resolved "https://registry.yarnpkg.com/is-obj/-/is-obj-2.0.0.tgz#473fb05d973705e3fd9620545018ca8e22ef4982"
    integrity sha512-drqDG3cbczxxEJRoOXcOjtdp1J/lyp1mNn0xaznRs8+muBhgQcrnbspox5X5fOw0HnMnbfDzvnEMEtqDEJEo8w==
  
  is-path-inside@^3.0.2:
    version "3.0.3"
    resolved "https://registry.yarnpkg.com/is-path-inside/-/is-path-inside-3.0.3.tgz#d231362e53a07ff2b0e0ea7fed049161ffd16283"
    integrity sha512-Fd4gABb+ycGAmKou8eMftCupSir5lRxqf4aD/vd0cD2qc4HL07OjCeuHMr8Ro4CoMaeCKDB0/ECBOVWjTwUvPQ==
  
  is-plain-obj@^1.1.0:
    version "1.1.0"
    resolved "https://registry.yarnpkg.com/is-plain-obj/-/is-plain-obj-1.1.0.tgz#71a50c8429dfca773c92a390a4a03b39fcd51d3e"
    integrity sha512-yvkRyxmFKEOQ4pNXCmJG5AEQNlXJS5LaONXo5/cLdTZdWvsZ1ioJEonLGAosKlMWE8lwUy/bJzMjcw8az73+Fg==
  
  is-plain-obj@^2.0.0:
    version "2.1.0"
    resolved "https://registry.yarnpkg.com/is-plain-obj/-/is-plain-obj-2.1.0.tgz#45e42e37fccf1f40da8e5f76ee21515840c09287"
    integrity sha512-YWnfyRwxL/+SsrWYfOpUtz5b3YD+nyfkHvjbcanzk8zgyO4ASD67uVMRt8k5bM4lLMDnXfriRhOpemw+NfT1eA==
  
  is-potential-custom-element-name@^1.0.1:
    version "1.0.1"
    resolved "https://registry.yarnpkg.com/is-potential-custom-element-name/-/is-potential-custom-element-name-1.0.1.tgz#171ed6f19e3ac554394edf78caa05784a45bebb5"
    integrity sha512-bCYeRA2rVibKZd+s2625gGnGF/t7DSqDs4dP7CrLA1m7jKWz6pps0LpYLJN8Q64HtmPKJ1hrN3nzPNKFEKOUiQ==
  
  is-regex@^1.1.4:
    version "1.1.4"
    resolved "https://registry.yarnpkg.com/is-regex/-/is-regex-1.1.4.tgz#eef5663cd59fa4c0ae339505323df6854bb15958"
    integrity sha512-kvRdxDsxZjhzUX07ZnLydzS1TU/TJlTUHHY4YLL87e37oUA49DfkLqgy+VjFocowy29cKvcSiu+kIv728jTTVg==
    dependencies:
      call-bind "^1.0.2"
      has-tostringtag "^1.0.0"
  
  is-regexp@^1.0.0:
    version "1.0.0"
    resolved "https://registry.yarnpkg.com/is-regexp/-/is-regexp-1.0.0.tgz#fd2d883545c46bac5a633e7b9a09e87fa2cb5069"
    integrity sha512-7zjFAPO4/gwyQAAgRRmqeEeyIICSdmCqa3tsVHMdBzaXXRiqopZL4Cyghg/XulGWrtABTpbnYYzzIRffLkP4oA==
  
  is-regexp@^2.0.0:
    version "2.1.0"
    resolved "https://registry.yarnpkg.com/is-regexp/-/is-regexp-2.1.0.tgz#cd734a56864e23b956bf4e7c66c396a4c0b22c2d"
    integrity sha512-OZ4IlER3zmRIoB9AqNhEggVxqIH4ofDns5nRrPS6yQxXE1TPCUpFznBfRQmQa8uC+pXqjMnukiJBxCisIxiLGA==
  
  is-shared-array-buffer@^1.0.2:
    version "1.0.2"
    resolved "https://registry.yarnpkg.com/is-shared-array-buffer/-/is-shared-array-buffer-1.0.2.tgz#8f259c573b60b6a32d4058a1a07430c0a7344c79"
    integrity sha512-sqN2UDu1/0y6uvXyStCOzyhAjCSlHceFoMKJW8W9EU9cvic/QdsZ0kEU93HEy3IUEFZIiH/3w+AH/UQbPHNdhA==
    dependencies:
      call-bind "^1.0.2"
  
  is-stream@^1.1.0:
    version "1.1.0"
    resolved "https://registry.yarnpkg.com/is-stream/-/is-stream-1.1.0.tgz#12d4a3dd4e68e0b79ceb8dbc84173ae80d91ca44"
    integrity sha512-uQPm8kcs47jx38atAcWTVxyltQYoPT68y9aWYdV6yWXSyW8mzSat0TL6CiWdZeCdF3KrAvpVtnHbTv4RN+rqdQ==
  
  is-stream@^2.0.0:
    version "2.0.1"
    resolved "https://registry.yarnpkg.com/is-stream/-/is-stream-2.0.1.tgz#fac1e3d53b97ad5a9d0ae9cef2389f5810a5c077"
    integrity sha512-hFoiJiTl63nn+kstHGBtewWSKnQLpyb155KHheA1l39uvtO9nWIop1p3udqPcUd/xbF1VLMO4n7OI6p7RbngDg==
  
  is-string@^1.0.5, is-string@^1.0.7:
    version "1.0.7"
    resolved "https://registry.yarnpkg.com/is-string/-/is-string-1.0.7.tgz#0dd12bf2006f255bb58f695110eff7491eebc0fd"
    integrity sha512-tE2UXzivje6ofPW7l23cjDOMa09gb7xlAqG6jG5ej6uPV32TlWP3NKPigtaGeHNu9fohccRYvIiZMfOOnOYUtg==
    dependencies:
      has-tostringtag "^1.0.0"
  
  is-svg@^4.3.2:
    version "4.3.2"
    resolved "https://registry.yarnpkg.com/is-svg/-/is-svg-4.3.2.tgz#a119e9932e1af53f6be1969d1790d6cc5fd947d3"
    integrity sha512-mM90duy00JGMyjqIVHu9gNTjywdZV+8qNasX8cm/EEYZ53PHDgajvbBwNVvty5dwSAxLUD3p3bdo+7sR/UMrpw==
    dependencies:
      fast-xml-parser "^3.19.0"
  
  is-symbol@^1.0.2, is-symbol@^1.0.3:
    version "1.0.4"
    resolved "https://registry.yarnpkg.com/is-symbol/-/is-symbol-1.0.4.tgz#a6dac93b635b063ca6872236de88910a57af139c"
    integrity sha512-C/CPBqKWnvdcxqIARxyOh4v1UUEOCHpgDa0WYgpKDFMszcrPcffg5uhwSgPCLD2WWxmq6isisz87tzT01tuGhg==
    dependencies:
      has-symbols "^1.0.2"
  
  is-typedarray@^1.0.0, is-typedarray@~1.0.0:
    version "1.0.0"
    resolved "https://registry.yarnpkg.com/is-typedarray/-/is-typedarray-1.0.0.tgz#e479c80858df0c1b11ddda6940f96011fcda4a9a"
    integrity sha512-cyA56iCMHAh5CdzjJIa4aohJyeO1YbwLi3Jc35MmRU6poroFjIGZzUzupGiRPOjgHg9TLu43xbpwXk523fMxKA==
  
  is-unicode-supported@^0.1.0:
    version "0.1.0"
    resolved "https://registry.yarnpkg.com/is-unicode-supported/-/is-unicode-supported-0.1.0.tgz#3f26c76a809593b52bfa2ecb5710ed2779b522a7"
    integrity sha512-knxG2q4UC3u8stRGyAVJCOdxFmv5DZiRcdlIaAQXAbSfJya+OhopNotLQrstBhququ4ZpuKbDc/8S6mgXgPFPw==
  
  is-weakref@^1.0.2:
    version "1.0.2"
    resolved "https://registry.yarnpkg.com/is-weakref/-/is-weakref-1.0.2.tgz#9529f383a9338205e89765e0392efc2f100f06f2"
    integrity sha512-qctsuLZmIQ0+vSSMfoVvyFe2+GSEvnmZ2ezTup1SBse9+twCCeial6EEi3Nc2KFcf6+qz2FBPnjXsk8xhKSaPQ==
    dependencies:
      call-bind "^1.0.2"
  
  is-wsl@^2.2.0:
    version "2.2.0"
    resolved "https://registry.yarnpkg.com/is-wsl/-/is-wsl-2.2.0.tgz#74a4c76e77ca9fd3f932f290c17ea326cd157271"
    integrity sha512-fKzAra0rGJUUBwGBgNkHZuToZcn+TtXHpeCgmkMJMMYx1sQDYaCSyjJBSCa2nH1DGm7s3n1oBnohoVTBaN7Lww==
    dependencies:
      is-docker "^2.0.0"
  
  is-yarn-global@^0.3.0:
    version "0.3.0"
    resolved "https://registry.yarnpkg.com/is-yarn-global/-/is-yarn-global-0.3.0.tgz#d502d3382590ea3004893746754c89139973e232"
    integrity sha512-VjSeb/lHmkoyd8ryPVIKvOCn4D1koMqY+vqyjjUfc3xyKtP4dYOxM44sZrnqQSzSds3xyOrUTLTC9LVCVgLngw==
  
  isarray@0.0.1:
    version "0.0.1"
    resolved "https://registry.yarnpkg.com/isarray/-/isarray-0.0.1.tgz#8a18acfca9a8f4177e09abfc6038939b05d1eedf"
    integrity sha512-D2S+3GLxWH+uhrNEcoh/fnmYeP8E8/zHl644d/jdA0g2uyXvy3sb0qxotE+ne0LtccHknQzWwZEzhak7oJ0COQ==
  
  isexe@^2.0.0:
    version "2.0.0"
    resolved "https://registry.yarnpkg.com/isexe/-/isexe-2.0.0.tgz#e8fbf374dc556ff8947a10dcb0572d633f2cfa10"
    integrity sha512-RHxMLp9lnKHGHRng9QFhRCMbYAcVpn69smSGcq3f36xjgVVWThj4qqLbTLlq7Ssj8B+fIQ1EuCEGI2lKsyQeIw==
  
  isstream@~0.1.2:
    version "0.1.2"
    resolved "https://registry.yarnpkg.com/isstream/-/isstream-0.1.2.tgz#47e63f7af55afa6f92e1500e690eb8b8529c099a"
    integrity sha512-Yljz7ffyPbrLpLngrMtZ7NduUgVvi6wG9RJ9IUcyCd59YQ911PBJphODUcbOVbqYfxe1wuYf/LJ8PauMRwsM/g==
  
  jake@^10.8.5:
    version "10.8.5"
    resolved "https://registry.yarnpkg.com/jake/-/jake-10.8.5.tgz#f2183d2c59382cb274226034543b9c03b8164c46"
    integrity sha512-sVpxYeuAhWt0OTWITwT98oyV0GsXyMlXCF+3L1SuafBVUIr/uILGRB+NqwkzhgXKvoJpDIpQvqkUALgdmQsQxw==
    dependencies:
      async "^3.2.3"
      chalk "^4.0.2"
      filelist "^1.0.1"
      minimatch "^3.0.4"
  
  js-library-detector@^6.5.0:
    version "6.5.0"
    resolved "https://registry.yarnpkg.com/js-library-detector/-/js-library-detector-6.5.0.tgz#96de02e9926a185c2d7a9a6967286d2ba20b5f79"
    integrity sha512-Kq7VckJ5kb26kHMAu1sDO8t2qr7M5Uw6Gf7fVGtu1YceoHdqTcobwnB5kStcktusPuPmiCE8PbCaiLzhiBsSAw==
  
  js-tokens@^4.0.0:
    version "4.0.0"
    resolved "https://registry.yarnpkg.com/js-tokens/-/js-tokens-4.0.0.tgz#19203fb59991df98e3a287050d4647cdeaf32499"
    integrity sha512-RdJUflcE3cUzKiMqQgsCu06FPu9UdIJO0beYbPhHN4k6apgJtifcoCtT9bcxOpYBtpD2kCM6Sbzg4CausW/PKQ==
  
  js-yaml@^3.13.1:
    version "3.14.1"
    resolved "https://registry.yarnpkg.com/js-yaml/-/js-yaml-3.14.1.tgz#dae812fdb3825fa306609a8717383c50c36a0537"
    integrity sha512-okMH7OXXJ7YrN9Ok3/SXrnu4iX9yOk+25nqX4imS2npuvTYDmo/QEZoqwZkYaIDk3jVvBOTOIEgEhaLOynBS9g==
    dependencies:
      argparse "^1.0.7"
      esprima "^4.0.0"
  
  jsbn@~0.1.0:
    version "0.1.1"
    resolved "https://registry.yarnpkg.com/jsbn/-/jsbn-0.1.1.tgz#a5e654c2e5a2deb5f201d96cefbca80c0ef2f513"
    integrity sha512-UVU9dibq2JcFWxQPA6KCqj5O42VOmAY3zQUfEKxU0KpTGXwNoCjkX1e13eHNvw/xPynt6pU0rZ1htjWTNTSXsg==
  
  jsdom@^19.0.0:
    version "19.0.0"
    resolved "https://registry.yarnpkg.com/jsdom/-/jsdom-19.0.0.tgz#93e67c149fe26816d38a849ea30ac93677e16b6a"
    integrity sha512-RYAyjCbxy/vri/CfnjUWJQQtZ3LKlLnDqj+9XLNnJPgEGeirZs3hllKR20re8LUZ6o1b1X4Jat+Qd26zmP41+A==
    dependencies:
      abab "^2.0.5"
      acorn "^8.5.0"
      acorn-globals "^6.0.0"
      cssom "^0.5.0"
      cssstyle "^2.3.0"
      data-urls "^3.0.1"
      decimal.js "^10.3.1"
      domexception "^4.0.0"
      escodegen "^2.0.0"
      form-data "^4.0.0"
      html-encoding-sniffer "^3.0.0"
      http-proxy-agent "^5.0.0"
      https-proxy-agent "^5.0.0"
      is-potential-custom-element-name "^1.0.1"
      nwsapi "^2.2.0"
      parse5 "6.0.1"
      saxes "^5.0.1"
      symbol-tree "^3.2.4"
      tough-cookie "^4.0.0"
      w3c-hr-time "^1.0.2"
      w3c-xmlserializer "^3.0.0"
      webidl-conversions "^7.0.0"
      whatwg-encoding "^2.0.0"
      whatwg-mimetype "^3.0.0"
      whatwg-url "^10.0.0"
      ws "^8.2.3"
      xml-name-validator "^4.0.0"
  
  jsesc@^2.5.1:
    version "2.5.2"
    resolved "https://registry.yarnpkg.com/jsesc/-/jsesc-2.5.2.tgz#80564d2e483dacf6e8ef209650a67df3f0c283a4"
    integrity sha512-OYu7XEzjkCQ3C5Ps3QIZsQfNpqoJyZZA99wd9aWd05NCtC5pWOkShK2mkL6HXQR6/Cy2lbNdPlZBpuQHXE63gA==
  
  json-buffer@3.0.0:
    version "3.0.0"
    resolved "https://registry.yarnpkg.com/json-buffer/-/json-buffer-3.0.0.tgz#5b1f397afc75d677bde8bcfc0e47e1f9a3d9a898"
    integrity sha512-CuUqjv0FUZIdXkHPI8MezCnFCdaTAacej1TZYulLoAg1h/PhwkdXFN4V/gzY4g+fMBCOV2xF+rp7t2XD2ns/NQ==
  
  json-buffer@3.0.1, json-buffer@~3.0.1:
    version "3.0.1"
    resolved "https://registry.yarnpkg.com/json-buffer/-/json-buffer-3.0.1.tgz#9338802a30d3b6605fbe0613e094008ca8c05a13"
    integrity sha512-4bV5BfR2mqfQTJm+V5tPPdf+ZpuhiIvTuAB5g8kcrXOZpTT/QwwVRWBywX1ozr6lEuPdbHxwaJlm9G6mI2sfSQ==
  
  json-parse-better-errors@^1.0.1:
    version "1.0.2"
    resolved "https://registry.yarnpkg.com/json-parse-better-errors/-/json-parse-better-errors-1.0.2.tgz#bb867cfb3450e69107c131d1c514bab3dc8bcaa9"
    integrity sha512-mrqyZKfX5EhL7hvqcV6WG1yYjnjeuYDzDhhcAAUrq8Po85NBQBJP+ZDUT75qZQ98IkUoBqdkExkukOU7Ts2wrw==
  
  json-parse-even-better-errors@^2.3.0:
    version "2.3.1"
    resolved "https://registry.yarnpkg.com/json-parse-even-better-errors/-/json-parse-even-better-errors-2.3.1.tgz#7c47805a94319928e05777405dc12e1f7a4ee02d"
    integrity sha512-xyFwyhro/JEof6Ghe2iz2NcXoj2sloNsWr/XsERDK/oiPCfaNhl5ONfp+jQdAZRQQ0IJWNzH9zIZF7li91kh2w==
  
  json-schema-traverse@^0.4.1:
    version "0.4.1"
    resolved "https://registry.yarnpkg.com/json-schema-traverse/-/json-schema-traverse-0.4.1.tgz#69f6a87d9513ab8bb8fe63bdb0979c448e684660"
    integrity sha512-xbbCH5dCYU5T8LcEhhuh7HJ88HXuW3qsI3Y0zOZFKfZEHcpWiHU/Jxzk629Brsab/mMiHQti9wMP+845RPe3Vg==
  
  json-schema-traverse@^1.0.0:
    version "1.0.0"
    resolved "https://registry.yarnpkg.com/json-schema-traverse/-/json-schema-traverse-1.0.0.tgz#ae7bcb3656ab77a73ba5c49bf654f38e6b6860e2"
    integrity sha512-NM8/P9n3XjXhIZn1lLhkFaACTOURQXjWhV4BA/RnOv8xvgqtqpAX9IO4mRQxSx1Rlo4tqzeqb0sOlruaOy3dug==
  
  json-schema@0.4.0:
    version "0.4.0"
    resolved "https://registry.yarnpkg.com/json-schema/-/json-schema-0.4.0.tgz#f7de4cf6efab838ebaeb3236474cbba5a1930ab5"
    integrity sha512-es94M3nTIfsEPisRafak+HDLfHXnKBhV3vU5eqPcS3flIWqcxJWgXHXiey3YrpaNsanY5ei1VoYEbOzijuq9BA==
  
  json-stable-stringify-without-jsonify@^1.0.1:
    version "1.0.1"
    resolved "https://registry.yarnpkg.com/json-stable-stringify-without-jsonify/-/json-stable-stringify-without-jsonify-1.0.1.tgz#9db7b59496ad3f3cfef30a75142d2d930ad72651"
    integrity sha512-Bdboy+l7tA3OGW6FjyFHWkP5LuByj1Tk33Ljyq0axyzdk9//JSi2u3fP1QSmd1KNwq6VOKYGlAu87CisVir6Pw==
  
  json-stringify-safe@~5.0.1:
    version "5.0.1"
    resolved "https://registry.yarnpkg.com/json-stringify-safe/-/json-stringify-safe-5.0.1.tgz#1296a2d58fd45f19a0f6ce01d65701e2c735b6eb"
    integrity sha512-ZClg6AaYvamvYEE82d3Iyd3vSSIjQ+odgjaTzRuO3s7toCdFKczob2i0zCh7JE8kWn17yvAWhUVxvqGwUalsRA==
  
  json5@^2.2.1:
    version "2.2.1"
    resolved "https://registry.yarnpkg.com/json5/-/json5-2.2.1.tgz#655d50ed1e6f95ad1a3caababd2b0efda10b395c"
    integrity sha512-1hqLFMSrGHRHxav9q9gNjJ5EXznIxGVO09xQRrwplcS8qs28pZ8s8hupZAmqDwZUmVZ2Qb2jnyPOWcDH8m8dlA==
  
  jsonc-parser@^3.0.0:
    version "3.2.0"
    resolved "https://registry.yarnpkg.com/jsonc-parser/-/jsonc-parser-3.2.0.tgz#31ff3f4c2b9793f89c67212627c51c6394f88e76"
    integrity sha512-gfFQZrcTc8CnKXp6Y4/CBT3fTc0OVuDofpre4aEeEpSBPV5X5v4+Vmx+8snU7RLPrNHPKSgLxGo9YuQzz20o+w==
  
  jsonfile@^4.0.0:
    version "4.0.0"
    resolved "https://registry.yarnpkg.com/jsonfile/-/jsonfile-4.0.0.tgz#8771aae0799b64076b76640fca058f9c10e33ecb"
    integrity sha512-m6F1R3z8jjlf2imQHS2Qez5sjKWQzbuuhuJ/FKYFRZvPE3PuHcSMVZzfsLhGVOkfd20obL5SWEBew5ShlquNxg==
    optionalDependencies:
      graceful-fs "^4.1.6"
  
  jsonfile@^6.0.1:
    version "6.1.0"
    resolved "https://registry.yarnpkg.com/jsonfile/-/jsonfile-6.1.0.tgz#bc55b2634793c679ec6403094eb13698a6ec0aae"
    integrity sha512-5dgndWOriYSm5cnYaJNhalLNDKOqFwyDB/rr1E9ZsGciGvKPs8R2xYGCacuf3z6K1YKDz182fd+fY3cn3pMqXQ==
    dependencies:
      universalify "^2.0.0"
    optionalDependencies:
      graceful-fs "^4.1.6"
  
  jsonparse@^1.3.1:
    version "1.3.1"
    resolved "https://registry.yarnpkg.com/jsonparse/-/jsonparse-1.3.1.tgz#3f4dae4a91fac315f71062f8521cc239f1366280"
    integrity sha512-POQXvpdL69+CluYsillJ7SUhKvytYjW9vG/GKpnf+xP8UWgYEM/RaMzHHofbALDiKbbP1W8UEYmgGl39WkPZsg==
  
  jsprim@^1.2.2:
    version "1.4.2"
    resolved "https://registry.yarnpkg.com/jsprim/-/jsprim-1.4.2.tgz#712c65533a15c878ba59e9ed5f0e26d5b77c5feb"
    integrity sha512-P2bSOMAc/ciLz6DzgjVlGJP9+BrJWu5UDGK70C2iweC5QBIeFf0ZXRvGjEj2uYgrY2MkAAhsSWHDWlFtEroZWw==
    dependencies:
      assert-plus "1.0.0"
      extsprintf "1.3.0"
      json-schema "0.4.0"
      verror "1.10.0"
  
  keyv@^3.0.0:
    version "3.1.0"
    resolved "https://registry.yarnpkg.com/keyv/-/keyv-3.1.0.tgz#ecc228486f69991e49e9476485a5be1e8fc5c4d9"
    integrity sha512-9ykJ/46SN/9KPM/sichzQ7OvXyGDYKGTaDlKMGCAlg2UK8KRy4jb0d8sFc+0Tt0YYnThq8X2RZgCg74RPxgcVA==
    dependencies:
      json-buffer "3.0.0"
  
  keyv@^4.0.0:
    version "4.4.1"
    resolved "https://registry.yarnpkg.com/keyv/-/keyv-4.4.1.tgz#5d97bae8dfbb6788ebc9330daf5eb6582e2d3d1c"
    integrity sha512-PzByhNxfBLnSBW2MZi1DF+W5+qB/7BMpOokewqIvqS8GFtP7xHm2oeGU72Y1fhtfOv/FiEnI4+nyViYDmUChnw==
    dependencies:
      compress-brotli "^1.3.8"
      json-buffer "3.0.1"
  
  kind-of@^6.0.2, kind-of@^6.0.3:
    version "6.0.3"
    resolved "https://registry.yarnpkg.com/kind-of/-/kind-of-6.0.3.tgz#07c05034a6c349fa06e24fa35aa76db4580ce4dd"
    integrity sha512-dcS1ul+9tmeD95T+x28/ehLgd9mENa3LsvDTtzm3vyBEO7RPptvAD+t44WVXaUjTBRcrpFeFlC8WCruUR456hw==
  
  known-css-properties@^0.21.0:
    version "0.21.0"
    resolved "https://registry.yarnpkg.com/known-css-properties/-/known-css-properties-0.21.0.tgz#15fbd0bbb83447f3ce09d8af247ed47c68ede80d"
    integrity sha512-sZLUnTqimCkvkgRS+kbPlYW5o8q5w1cu+uIisKpEWkj31I8mx8kNG162DwRav8Zirkva6N5uoFsm9kzK4mUXjw==
  
  latest-version@^5.1.0:
    version "5.1.0"
    resolved "https://registry.yarnpkg.com/latest-version/-/latest-version-5.1.0.tgz#119dfe908fe38d15dfa43ecd13fa12ec8832face"
    integrity sha512-weT+r0kTkRQdCdYCNtkMwWXQTMEswKrFBkm4ckQOMVhhqhIMI1UT2hMj+1iigIhgSZm5gTmrRXBNoGUgaTY1xA==
    dependencies:
      package-json "^6.3.0"
  
  lcid@^3.0.0:
    version "3.1.1"
    resolved "https://registry.yarnpkg.com/lcid/-/lcid-3.1.1.tgz#9030ec479a058fc36b5e8243ebaac8b6ac582fd0"
    integrity sha512-M6T051+5QCGLBQb8id3hdvIW8+zeFV2FyBGFS9IEK5H9Wt4MueD4bW1eWikpHgZp+5xR3l5c8pZUkQsIA0BFZg==
    dependencies:
      invert-kv "^3.0.0"
  
  levn@^0.4.1:
    version "0.4.1"
    resolved "https://registry.yarnpkg.com/levn/-/levn-0.4.1.tgz#ae4562c007473b932a6200d403268dd2fffc6ade"
    integrity sha512-+bT2uH4E5LGE7h/n3evcS/sQlJXCpIp6ym8OWJ5eV6+67Dsql/LaaT7qJBAt2rzfoa/5QBGBhxDix1dMt2kQKQ==
    dependencies:
      prelude-ls "^1.2.1"
      type-check "~0.4.0"
  
  levn@~0.3.0:
    version "0.3.0"
    resolved "https://registry.yarnpkg.com/levn/-/levn-0.3.0.tgz#3b09924edf9f083c0490fdd4c0bc4421e04764ee"
    integrity sha512-0OO4y2iOHix2W6ujICbKIaEQXvFQHue65vUG3pb5EUomzPI90z9hsA1VsO/dbIIpC53J8gxM9Q4Oho0jrCM/yA==
    dependencies:
      prelude-ls "~1.1.2"
      type-check "~0.3.2"
  
  lilconfig@^2.0.3, lilconfig@^2.0.5, lilconfig@^2.0.6:
    version "2.0.6"
    resolved "https://registry.yarnpkg.com/lilconfig/-/lilconfig-2.0.6.tgz#32a384558bd58af3d4c6e077dd1ad1d397bc69d4"
    integrity sha512-9JROoBW7pobfsx+Sq2JsASvCo6Pfo6WWoUW79HuB1BCoBXD4PLWJPqDF6fNj67pqBYTbAHkE57M1kS/+L1neOg==
  
  lines-and-columns@^1.1.6:
    version "1.2.4"
    resolved "https://registry.yarnpkg.com/lines-and-columns/-/lines-and-columns-1.2.4.tgz#eca284f75d2965079309dc0ad9255abb2ebc1632"
    integrity sha512-7ylylesZQ/PV29jhEDl3Ufjo6ZX7gCqJr5F7PKrqc93v7fzSymt1BpwEU8nAUXs8qzzvqhbjhK5QZg6Mt/HkBg==
  
  lint-staged@11.0.0:
    version "11.0.0"
    resolved "https://registry.yarnpkg.com/lint-staged/-/lint-staged-11.0.0.tgz#24d0a95aa316ba28e257f5c4613369a75a10c712"
    integrity sha512-3rsRIoyaE8IphSUtO1RVTFl1e0SLBtxxUOPBtHxQgBHS5/i6nqvjcUfNioMa4BU9yGnPzbO+xkfLtXtxBpCzjw==
    dependencies:
      chalk "^4.1.1"
      cli-truncate "^2.1.0"
      commander "^7.2.0"
      cosmiconfig "^7.0.0"
      debug "^4.3.1"
      dedent "^0.7.0"
      enquirer "^2.3.6"
      execa "^5.0.0"
      listr2 "^3.8.2"
      log-symbols "^4.1.0"
      micromatch "^4.0.4"
      normalize-path "^3.0.0"
      please-upgrade-node "^3.2.0"
      string-argv "0.3.1"
      stringify-object "^3.3.0"
  
  listr2@^3.8.2:
    version "3.14.0"
    resolved "https://registry.yarnpkg.com/listr2/-/listr2-3.14.0.tgz#23101cc62e1375fd5836b248276d1d2b51fdbe9e"
    integrity sha512-TyWI8G99GX9GjE54cJ+RrNMcIFBfwMPxc3XTFiAYGN4s10hWROGtOg7+O6u6LE3mNkyld7RSLE6nrKBvTfcs3g==
    dependencies:
      cli-truncate "^2.1.0"
      colorette "^2.0.16"
      log-update "^4.0.0"
      p-map "^4.0.0"
      rfdc "^1.3.0"
      rxjs "^7.5.1"
      through "^2.3.8"
      wrap-ansi "^7.0.0"
  
  load-json-file@^4.0.0:
    version "4.0.0"
    resolved "https://registry.yarnpkg.com/load-json-file/-/load-json-file-4.0.0.tgz#2f5f45ab91e33216234fd53adab668eb4ec0993b"
    integrity sha512-Kx8hMakjX03tiGTLAIdJ+lL0htKnXjEZN6hk/tozf/WOuYGdZBJrZ+rCJRbVCugsjB3jMLn9746NsQIf5VjBMw==
    dependencies:
      graceful-fs "^4.1.2"
      parse-json "^4.0.0"
      pify "^3.0.0"
      strip-bom "^3.0.0"
  
  locate-path@^5.0.0:
    version "5.0.0"
    resolved "https://registry.yarnpkg.com/locate-path/-/locate-path-5.0.0.tgz#1afba396afd676a6d42504d0a67a3a7eb9f62aa0"
    integrity sha512-t7hw9pI+WvuwNJXwk5zVHpyhIqzg2qTlklJOf0mVxGSbe3Fp2VieZcduNYjaLDoy6p9uGpQEGWG87WpMKlNq8g==
    dependencies:
      p-locate "^4.1.0"
  
  lockfile@^1.0.4:
    version "1.0.4"
    resolved "https://registry.yarnpkg.com/lockfile/-/lockfile-1.0.4.tgz#07f819d25ae48f87e538e6578b6964a4981a5609"
    integrity sha512-cvbTwETRfsFh4nHsL1eGWapU1XFi5Ot9E85sWAwia7Y7EgB7vfqcZhTKZ+l7hCGxSPoushMv5GKhT5PdLv03WA==
    dependencies:
      signal-exit "^3.0.2"
  
  lodash.castarray@^4.4.0:
    version "4.4.0"
    resolved "https://registry.yarnpkg.com/lodash.castarray/-/lodash.castarray-4.4.0.tgz#c02513515e309daddd4c24c60cfddcf5976d9115"
    integrity sha512-aVx8ztPv7/2ULbArGJ2Y42bG1mEQ5mGjpdvrbJcJFU3TbYybe+QlLS4pst9zV52ymy2in1KpFPiZnAOATxD4+Q==
  
  lodash.isplainobject@^4.0.6:
    version "4.0.6"
    resolved "https://registry.yarnpkg.com/lodash.isplainobject/-/lodash.isplainobject-4.0.6.tgz#7c526a52d89b45c45cc690b88163be0497f550cb"
    integrity sha512-oSXzaWypCMHkPC3NvBEaPHf0KsA5mvPrOPgQWDsbg8n7orZ290M0BmC/jgRZ4vcJ6DTAhjrsSYgdsW/F+MFOBA==
  
  lodash.memoize@^4.1.2:
    version "4.1.2"
    resolved "https://registry.yarnpkg.com/lodash.memoize/-/lodash.memoize-4.1.2.tgz#bcc6c49a42a2840ed997f323eada5ecd182e0bfe"
    integrity sha512-t7j+NzmgnQzTAYXcsHYLgimltOV1MXHtlOWf6GjL9Kj8GK5FInw5JotxvbOs+IvV1/Dzo04/fCGfLVs7aXb4Ag==
  
  lodash.merge@^4.6.2:
    version "4.6.2"
    resolved "https://registry.yarnpkg.com/lodash.merge/-/lodash.merge-4.6.2.tgz#558aa53b43b661e1925a0afdfa36a9a1085fe57a"
    integrity sha512-0KpjqXRVvrYyCsX1swR/XTK0va6VQkQM6MNo7PqW77ByjAhoARA8EfrP1N4+KlKj8YS0ZUCtRT/YUuhyYDujIQ==
  
  lodash.truncate@^4.4.2:
    version "4.4.2"
    resolved "https://registry.yarnpkg.com/lodash.truncate/-/lodash.truncate-4.4.2.tgz#5a350da0b1113b837ecfffd5812cbe58d6eae193"
    integrity sha512-jttmRe7bRse52OsWIMDLaXxWqRAmtIUccAQ3garviCqJjafXOfNMO0yMfNpdD6zbGaTU0P5Nz7e7gAT6cKmJRw==
  
  lodash.uniq@^4.5.0:
    version "4.5.0"
    resolved "https://registry.yarnpkg.com/lodash.uniq/-/lodash.uniq-4.5.0.tgz#d0225373aeb652adc1bc82e4945339a842754773"
    integrity sha512-xfBaXQd9ryd9dlSDvnvI0lvxfLJlYAZzXomUYzLKtUeOQvOP5piqAWuGtrhWeqaXK9hhoM/iyJc5AV+XfsX3HQ==
  
  lodash@^4.17.21:
    version "4.17.21"
    resolved "https://registry.yarnpkg.com/lodash/-/lodash-4.17.21.tgz#679591c564c3bffaae8454cf0b3df370c3d6911c"
    integrity sha512-v2kDEe57lecTulaDIuNTPy3Ry4gLGJ6Z1O3vE1krgXZNrsQ+LFTGHVxVjcXPs17LhbZVGedAJv8XZ1tvj5FvSg==
  
  log-symbols@^4.1.0:
    version "4.1.0"
    resolved "https://registry.yarnpkg.com/log-symbols/-/log-symbols-4.1.0.tgz#3fbdbb95b4683ac9fc785111e792e558d4abd503"
    integrity sha512-8XPvpAA8uyhfteu8pIvQxpJZ7SYYdpUivZpGy6sFsBuKRY/7rQGavedeB8aK+Zkyq6upMFVL/9AW6vOYzfRyLg==
    dependencies:
      chalk "^4.1.0"
      is-unicode-supported "^0.1.0"
  
  log-update@^4.0.0:
    version "4.0.0"
    resolved "https://registry.yarnpkg.com/log-update/-/log-update-4.0.0.tgz#589ecd352471f2a1c0c570287543a64dfd20e0a1"
    integrity sha512-9fkkDevMefjg0mmzWFBW8YkFP91OrizzkW3diF7CpG+S2EYdy4+TVfGwz1zeF8x7hCx1ovSPTOE9Ngib74qqUg==
    dependencies:
      ansi-escapes "^4.3.0"
      cli-cursor "^3.1.0"
      slice-ansi "^4.0.0"
      wrap-ansi "^6.2.0"
  
  longest-streak@^2.0.0:
    version "2.0.4"
    resolved "https://registry.yarnpkg.com/longest-streak/-/longest-streak-2.0.4.tgz#b8599957da5b5dab64dee3fe316fa774597d90e4"
    integrity sha512-vM6rUVCVUJJt33bnmHiZEvr7wPT78ztX7rojL+LW51bHtLh6HTjx84LA5W4+oa6aKEJA7jJu5LR6vQRBpA5DVg==
  
  lowercase-keys@^1.0.0, lowercase-keys@^1.0.1:
    version "1.0.1"
    resolved "https://registry.yarnpkg.com/lowercase-keys/-/lowercase-keys-1.0.1.tgz#6f9e30b47084d971a7c820ff15a6c5167b74c26f"
    integrity sha512-G2Lj61tXDnVFFOi8VZds+SoQjtQC3dgokKdDG2mTm1tx4m50NUHBOZSBwQQHyy0V12A0JTG4icfZQH+xPyh8VA==
  
  lowercase-keys@^2.0.0:
    version "2.0.0"
    resolved "https://registry.yarnpkg.com/lowercase-keys/-/lowercase-keys-2.0.0.tgz#2603e78b7b4b0006cbca2fbcc8a3202558ac9479"
    integrity sha512-tqNXrS78oMOE73NMxK4EMLQsQowWf8jKooH9g7xPavRT706R6bkQJ6DY2Te7QukaZsulxa30wQ7bk0pm4XiHmA==
  
  lru-cache@^4.0.1:
    version "4.1.5"
    resolved "https://registry.yarnpkg.com/lru-cache/-/lru-cache-4.1.5.tgz#8bbe50ea85bed59bc9e33dcab8235ee9bcf443cd"
    integrity sha512-sWZlbEP2OsHNkXrMl5GYk/jKk70MBng6UU4YI/qGDYbgf6YbP4EvmqISbXCoJiRKs+1bSpFHVgQxvJ17F2li5g==
    dependencies:
      pseudomap "^1.0.2"
      yallist "^2.1.2"
  
  lru-cache@^5.1.1:
    version "5.1.1"
    resolved "https://registry.yarnpkg.com/lru-cache/-/lru-cache-5.1.1.tgz#1da27e6710271947695daf6848e847f01d84b920"
    integrity sha512-KpNARQA3Iwv+jTA0utUVVbrh+Jlrr1Fv0e56GGzAFOXN7dk/FviaDW8LHmK52DlcH4WP2n6gI8vN1aesBFgo9w==
    dependencies:
      yallist "^3.0.2"
  
  lru-cache@^6.0.0:
    version "6.0.0"
    resolved "https://registry.yarnpkg.com/lru-cache/-/lru-cache-6.0.0.tgz#6d6fe6570ebd96aaf90fcad1dafa3b2566db3a94"
    integrity sha512-Jo6dJ04CmSjuznwJSS3pUeWmd/H0ffTlkXXgwZi+eq1UCmqQwCh+eLsYOYCwY991i2Fah4h1BEMCx4qThGbsiA==
    dependencies:
      yallist "^4.0.0"
  
  lru-cache@^7.5.1, lru-cache@^7.7.1:
    version "7.14.0"
    resolved "https://registry.yarnpkg.com/lru-cache/-/lru-cache-7.14.0.tgz#21be64954a4680e303a09e9468f880b98a0b3c7f"
    integrity sha512-EIRtP1GrSJny0dqb50QXRUNBxHJhcpxHC++M5tD7RYbvLLn5KVWKsbyswSSqDuU15UFi3bgTQIY8nhDMeF6aDQ==
  
  make-dir@^3.0.0, make-dir@^3.1.0:
    version "3.1.0"
    resolved "https://registry.yarnpkg.com/make-dir/-/make-dir-3.1.0.tgz#415e967046b3a7f1d185277d84aa58203726a13f"
    integrity sha512-g3FeP20LNwhALb/6Cz6Dd4F2ngze0jz7tbzrD2wAV+o9FeNHe4rL+yK2md0J/fiSf1sa1ADhXqi5+oVwOM/eGw==
    dependencies:
      semver "^6.0.0"
  
  make-fetch-happen@^10.0.6:
    version "10.2.1"
    resolved "https://registry.yarnpkg.com/make-fetch-happen/-/make-fetch-happen-10.2.1.tgz#f5e3835c5e9817b617f2770870d9492d28678164"
    integrity sha512-NgOPbRiaQM10DYXvN3/hhGVI2M5MtITFryzBGxHM5p4wnFxsVCbxkrBrDsk+EZ5OB4jEOT7AjDxtdF+KVEFT7w==
    dependencies:
      agentkeepalive "^4.2.1"
      cacache "^16.1.0"
      http-cache-semantics "^4.1.0"
      http-proxy-agent "^5.0.0"
      https-proxy-agent "^5.0.0"
      is-lambda "^1.0.1"
      lru-cache "^7.7.1"
      minipass "^3.1.6"
      minipass-collect "^1.0.2"
      minipass-fetch "^2.0.3"
      minipass-flush "^1.0.5"
      minipass-pipeline "^1.2.4"
      negotiator "^0.6.3"
      promise-retry "^2.0.1"
      socks-proxy-agent "^7.0.0"
      ssri "^9.0.0"
  
  map-age-cleaner@^0.1.3:
    version "0.1.3"
    resolved "https://registry.yarnpkg.com/map-age-cleaner/-/map-age-cleaner-0.1.3.tgz#7d583a7306434c055fe474b0f45078e6e1b4b92a"
    integrity sha512-bJzx6nMoP6PDLPBFmg7+xRKeFZvFboMrGlxmNj9ClvX53KrmvM5bXFXEWjbz4cz1AFn+jWJ9z/DJSz7hrs0w3w==
    dependencies:
      p-defer "^1.0.0"
  
  map-obj@^1.0.0:
    version "1.0.1"
    resolved "https://registry.yarnpkg.com/map-obj/-/map-obj-1.0.1.tgz#d933ceb9205d82bdcf4886f6742bdc2b4dea146d"
    integrity sha512-7N/q3lyZ+LVCp7PzuxrJr4KMbBE2hW7BT7YNia330OFxIf4d3r5zVpicP2650l7CPN6RM9zOJRl3NGpqSiw3Eg==
  
  map-obj@^4.0.0:
    version "4.3.0"
    resolved "https://registry.yarnpkg.com/map-obj/-/map-obj-4.3.0.tgz#9304f906e93faae70880da102a9f1df0ea8bb05a"
    integrity sha512-hdN1wVrZbb29eBGiGjJbeP8JbKjq1urkHJ/LIP/NY48MZ1QVXUsQBV1G1zvYFHn1XE06cwjBsOI2K3Ulnj1YXQ==
  
  mathml-tag-names@^2.1.3:
    version "2.1.3"
    resolved "https://registry.yarnpkg.com/mathml-tag-names/-/mathml-tag-names-2.1.3.tgz#4ddadd67308e780cf16a47685878ee27b736a0a3"
    integrity sha512-APMBEanjybaPzUrfqU0IMU5I0AswKMH7k8OTLs0vvV4KZpExkTkY87nR/zpbuTPj+gARop7aGUbl11pnDfW6xg==
  
  mdast-util-from-markdown@^0.8.0:
    version "0.8.5"
    resolved "https://registry.yarnpkg.com/mdast-util-from-markdown/-/mdast-util-from-markdown-0.8.5.tgz#d1ef2ca42bc377ecb0463a987910dae89bd9a28c"
    integrity sha512-2hkTXtYYnr+NubD/g6KGBS/0mFmBcifAsI0yIWRiRo0PjVs6SSOSOdtzbp6kSGnShDN6G5aWZpKQ2lWRy27mWQ==
    dependencies:
      "@types/mdast" "^3.0.0"
      mdast-util-to-string "^2.0.0"
      micromark "~2.11.0"
      parse-entities "^2.0.0"
      unist-util-stringify-position "^2.0.0"
  
  mdast-util-to-markdown@^0.6.0:
    version "0.6.5"
    resolved "https://registry.yarnpkg.com/mdast-util-to-markdown/-/mdast-util-to-markdown-0.6.5.tgz#b33f67ca820d69e6cc527a93d4039249b504bebe"
    integrity sha512-XeV9sDE7ZlOQvs45C9UKMtfTcctcaj/pGwH8YLbMHoMOXNNCn2LsqVQOqrF1+/NU8lKDAqozme9SCXWyo9oAcQ==
    dependencies:
      "@types/unist" "^2.0.0"
      longest-streak "^2.0.0"
      mdast-util-to-string "^2.0.0"
      parse-entities "^2.0.0"
      repeat-string "^1.0.0"
      zwitch "^1.0.0"
  
  mdast-util-to-string@^2.0.0:
    version "2.0.0"
    resolved "https://registry.yarnpkg.com/mdast-util-to-string/-/mdast-util-to-string-2.0.0.tgz#b8cfe6a713e1091cb5b728fc48885a4767f8b97b"
    integrity sha512-AW4DRS3QbBayY/jJmD8437V1Gombjf8RSOUCMFBuo5iHi58AGEgVCKQ+ezHkZZDpAQS75hcBMpLqjpJTjtUL7w==
  
  mdn-data@2.0.14:
    version "2.0.14"
    resolved "https://registry.yarnpkg.com/mdn-data/-/mdn-data-2.0.14.tgz#7113fc4281917d63ce29b43446f701e68c25ba50"
    integrity sha512-dn6wd0uw5GsdswPFfsgMp5NSB0/aDe6fK94YJV/AJDYXL6HVLWBsxeq7js7Ad+mU2K9LAlwpk6kN2D5mwCPVow==
  
  mdn-data@^2.0.27:
    version "2.0.29"
    resolved "https://registry.yarnpkg.com/mdn-data/-/mdn-data-2.0.29.tgz#cbe9b6a7d29d1d38ed414f3c2678cac1d92e9ba0"
    integrity sha512-7n1iU+/dq8AGSgYv/ZOagoaugnJQooGMTr/O29TTHDWV3gnz5gN4bTyhI2zCQH/P6hSDqzqCxJ2xMa2BFG/zlQ==
  
  mem@^5.0.0:
    version "5.1.1"
    resolved "https://registry.yarnpkg.com/mem/-/mem-5.1.1.tgz#7059b67bf9ac2c924c9f1cff7155a064394adfb3"
    integrity sha512-qvwipnozMohxLXG1pOqoLiZKNkC4r4qqRucSoDwXowsNGDSULiqFTRUF05vcZWnwJSG22qTsynQhxbaMtnX9gw==
    dependencies:
      map-age-cleaner "^0.1.3"
      mimic-fn "^2.1.0"
      p-is-promise "^2.1.0"
  
  memorystream@^0.3.1:
    version "0.3.1"
    resolved "https://registry.yarnpkg.com/memorystream/-/memorystream-0.3.1.tgz#86d7090b30ce455d63fbae12dda51a47ddcaf9b2"
    integrity sha512-S3UwM3yj5mtUSEfP41UZmt/0SCoVYUcU1rkXv+BQ5Ig8ndL4sPoJNBUJERafdPb5jjHJGuMgytgKvKIf58XNBw==
  
  meow@^9.0.0:
    version "9.0.0"
    resolved "https://registry.yarnpkg.com/meow/-/meow-9.0.0.tgz#cd9510bc5cac9dee7d03c73ee1f9ad959f4ea364"
    integrity sha512-+obSblOQmRhcyBt62furQqRAQpNyWXo8BuQ5bN7dG8wmwQ+vwHKp/rCFD4CrTP8CsDQD1sjoZ94K417XEUk8IQ==
    dependencies:
      "@types/minimist" "^1.2.0"
      camelcase-keys "^6.2.2"
      decamelize "^1.2.0"
      decamelize-keys "^1.1.0"
      hard-rejection "^2.1.0"
      minimist-options "4.1.0"
      normalize-package-data "^3.0.0"
      read-pkg-up "^7.0.1"
      redent "^3.0.0"
      trim-newlines "^3.0.0"
      type-fest "^0.18.0"
      yargs-parser "^20.2.3"
  
  merge-stream@^2.0.0:
    version "2.0.0"
    resolved "https://registry.yarnpkg.com/merge-stream/-/merge-stream-2.0.0.tgz#52823629a14dd00c9770fb6ad47dc6310f2c1f60"
    integrity sha512-abv/qOcuPfk3URPfDzmZU1LKmuw8kT+0nIHvKrKgFrwifol/doWcdA4ZqsWQ8ENrFKkd67Mfpo/LovbIUsbt3w==
  
  merge2@^1.3.0, merge2@^1.4.1:
    version "1.4.1"
    resolved "https://registry.yarnpkg.com/merge2/-/merge2-1.4.1.tgz#4368892f885e907455a6fd7dc55c0c9d404990ae"
    integrity sha512-8q7VEgMJW4J8tcfVPy8g09NcQwZdbwFEqhe/WZkoIzjn/3TGDwtOCYtXGxA3O8tPzpczCCDgv+P2P5y00ZJOOg==
  
  metaviewport-parser@^0.2.0:
    version "0.2.0"
    resolved "https://registry.yarnpkg.com/metaviewport-parser/-/metaviewport-parser-0.2.0.tgz#535c3ce1ccf6223a5025fddc6a1c36505f7e7db1"
    integrity sha512-qL5NtY18LGs7lvZCkj3ep2H4Pes9rIiSLZRUyfDdvVw7pWFA0eLwmqaIxApD74RGvUrNEtk9e5Wt1rT+VlCvGw==
  
  micromark@~2.11.0:
    version "2.11.4"
    resolved "https://registry.yarnpkg.com/micromark/-/micromark-2.11.4.tgz#d13436138eea826383e822449c9a5c50ee44665a"
    integrity sha512-+WoovN/ppKolQOFIAajxi7Lu9kInbPxFuTBVEavFcL8eAfVstoc5MocPmqBeAdBOJV00uaVjegzH4+MA0DN/uA==
    dependencies:
      debug "^4.0.0"
      parse-entities "^2.0.0"
  
  micromatch@^4.0.2, micromatch@^4.0.4:
    version "4.0.5"
    resolved "https://registry.yarnpkg.com/micromatch/-/micromatch-4.0.5.tgz#bc8999a7cbbf77cdc89f132f6e467051b49090c6"
    integrity sha512-DMy+ERcEW2q8Z2Po+WNXuw3c5YaUSFjAO5GsJqfEl7UjvtIuFKO6ZrKvcItdy98dwFI2N1tg3zNIdKaQT+aNdA==
    dependencies:
      braces "^3.0.2"
      picomatch "^2.3.1"
  
  mime-db@1.52.0:
    version "1.52.0"
    resolved "https://registry.yarnpkg.com/mime-db/-/mime-db-1.52.0.tgz#bbabcdc02859f4987301c856e3387ce5ec43bf70"
    integrity sha512-sPU4uV7dYlvtWJxwwxHD0PuihVNiE7TyAbQ5SWxDCB9mUYvOgroQOwYQQOKPJ8CIbE+1ETVlOoK1UC2nU3gYvg==
  
  mime-types@^2.1.12, mime-types@~2.1.19:
    version "2.1.35"
    resolved "https://registry.yarnpkg.com/mime-types/-/mime-types-2.1.35.tgz#381a871b62a734450660ae3deee44813f70d959a"
    integrity sha512-ZDY+bPm5zTTF+YpCrAU9nK0UgICYPT0QtT1NZWFv4s++TNkcgVaT0g6+4R2uI4MjQjzysHB1zxuWL50hzaeXiw==
    dependencies:
      mime-db "1.52.0"
  
  mimic-fn@^2.1.0:
    version "2.1.0"
    resolved "https://registry.yarnpkg.com/mimic-fn/-/mimic-fn-2.1.0.tgz#7ed2c2ccccaf84d3ffcb7a69b57711fc2083401b"
    integrity sha512-OqbOk5oEQeAZ8WXWydlu9HJjz9WVdEIvamMCcXmuqUYjTknH/sqsWvhQ3vgwKFRR1HpjvNBKQ37nbJgYzGqGcg==
  
  mimic-response@^1.0.0, mimic-response@^1.0.1:
    version "1.0.1"
    resolved "https://registry.yarnpkg.com/mimic-response/-/mimic-response-1.0.1.tgz#4923538878eef42063cb8a3e3b0798781487ab1b"
    integrity sha512-j5EctnkH7amfV/q5Hgmoal1g2QHFJRraOtmx0JpIqkxhBhI/lJSl1nMpQ45hVarwNETOoWEimndZ4QK0RHxuxQ==
  
  mimic-response@^2.0.0:
    version "2.1.0"
    resolved "https://registry.yarnpkg.com/mimic-response/-/mimic-response-2.1.0.tgz#d13763d35f613d09ec37ebb30bac0469c0ee8f43"
    integrity sha512-wXqjST+SLt7R009ySCglWBCFpjUygmCIfD790/kVbiGmUgfYGuB14PiTd5DwVxSV4NcYHjzMkoj5LjQZwTQLEA==
  
  mimic-response@^3.1.0:
    version "3.1.0"
    resolved "https://registry.yarnpkg.com/mimic-response/-/mimic-response-3.1.0.tgz#2d1d59af9c1b129815accc2c46a022a5ce1fa3c9"
    integrity sha512-z0yWI+4FDrrweS8Zmt4Ej5HdJmky15+L2e6Wgn3+iK5fWzb6T3fhNFq2+MeTRb064c6Wr4N/wv0DzQTjNzHNGQ==
  
  min-indent@^1.0.0:
    version "1.0.1"
    resolved "https://registry.yarnpkg.com/min-indent/-/min-indent-1.0.1.tgz#a63f681673b30571fbe8bc25686ae746eefa9869"
    integrity sha512-I9jwMn07Sy/IwOj3zVkVik2JTvgpaykDZEigL6Rx6N9LbMywwUSMtxET+7lVoDLLd3O3IXwJwvuuns8UB/HeAg==
  
  mini-svg-data-uri@^1.2.3:
    version "1.4.4"
    resolved "https://registry.yarnpkg.com/mini-svg-data-uri/-/mini-svg-data-uri-1.4.4.tgz#8ab0aabcdf8c29ad5693ca595af19dd2ead09939"
    integrity sha512-r9deDe9p5FJUPZAk3A59wGH7Ii9YrjjWw0jmw/liSbHl2CHiyXj6FcDXDu2K3TjVAXqiJdaw3xxwlZZr9E6nHg==
  
  minimatch@^3.0.4, minimatch@^3.1.1:
    version "3.1.2"
    resolved "https://registry.yarnpkg.com/minimatch/-/minimatch-3.1.2.tgz#19cd194bfd3e428f049a70817c038d89ab4be35b"
    integrity sha512-J7p63hRiAjw1NDEww1W7i37+ByIrOWO5XQQAzZ3VOcL0PNybwpfmV/N05zFAzwQ9USyEcX6t3UO+K5aqBQOIHw==
    dependencies:
      brace-expansion "^1.1.7"
  
  minimatch@^5.0.1:
    version "5.1.0"
    resolved "https://registry.yarnpkg.com/minimatch/-/minimatch-5.1.0.tgz#1717b464f4971b144f6aabe8f2d0b8e4511e09c7"
    integrity sha512-9TPBGGak4nHfGZsPBohm9AWg6NoT7QTCehS3BIJABslyZbzxfV78QM2Y6+i741OPZIafFAaiiEMh5OyIrJPgtg==
    dependencies:
      brace-expansion "^2.0.1"
  
  minimist-options@4.1.0:
    version "4.1.0"
    resolved "https://registry.yarnpkg.com/minimist-options/-/minimist-options-4.1.0.tgz#c0655713c53a8a2ebd77ffa247d342c40f010619"
    integrity sha512-Q4r8ghd80yhO/0j1O3B2BjweX3fiHg9cdOwjJd2J76Q135c+NDxGCqdYKQ1SKBuFfgWbAUzBfvYjPUEeNgqN1A==
    dependencies:
      arrify "^1.0.1"
      is-plain-obj "^1.1.0"
      kind-of "^6.0.3"
  
  minimist@^1.2.0, minimist@^1.2.5, minimist@^1.2.6:
    version "1.2.6"
    resolved "https://registry.yarnpkg.com/minimist/-/minimist-1.2.6.tgz#8637a5b759ea0d6e98702cfb3a9283323c93af44"
    integrity sha512-Jsjnk4bw3YJqYzbdyBiNsPWHPfO++UGG749Cxs6peCu5Xg4nrena6OVxOYxrQTqww0Jmwt+Ref8rggumkTLz9Q==
  
  minipass-collect@^1.0.2:
    version "1.0.2"
    resolved "https://registry.yarnpkg.com/minipass-collect/-/minipass-collect-1.0.2.tgz#22b813bf745dc6edba2576b940022ad6edc8c617"
    integrity sha512-6T6lH0H8OG9kITm/Jm6tdooIbogG9e0tLgpY6mphXSm/A9u8Nq1ryBG+Qspiub9LjWlBPsPS3tWQ/Botq4FdxA==
    dependencies:
      minipass "^3.0.0"
  
  minipass-fetch@^2.0.3:
    version "2.1.2"
    resolved "https://registry.yarnpkg.com/minipass-fetch/-/minipass-fetch-2.1.2.tgz#95560b50c472d81a3bc76f20ede80eaed76d8add"
    integrity sha512-LT49Zi2/WMROHYoqGgdlQIZh8mLPZmOrN2NdJjMXxYe4nkN6FUyuPuOAOedNJDrx0IRGg9+4guZewtp8hE6TxA==
    dependencies:
      minipass "^3.1.6"
      minipass-sized "^1.0.3"
      minizlib "^2.1.2"
    optionalDependencies:
      encoding "^0.1.13"
  
  minipass-flush@^1.0.5:
    version "1.0.5"
    resolved "https://registry.yarnpkg.com/minipass-flush/-/minipass-flush-1.0.5.tgz#82e7135d7e89a50ffe64610a787953c4c4cbb373"
    integrity sha512-JmQSYYpPUqX5Jyn1mXaRwOda1uQ8HP5KAT/oDSLCzt1BYRhQU0/hDtsB1ufZfEEzMZ9aAVmsBw8+FWsIXlClWw==
    dependencies:
      minipass "^3.0.0"
  
  minipass-json-stream@^1.0.1:
    version "1.0.1"
    resolved "https://registry.yarnpkg.com/minipass-json-stream/-/minipass-json-stream-1.0.1.tgz#7edbb92588fbfc2ff1db2fc10397acb7b6b44aa7"
    integrity sha512-ODqY18UZt/I8k+b7rl2AENgbWE8IDYam+undIJONvigAz8KR5GWblsFTEfQs0WODsjbSXWlm+JHEv8Gr6Tfdbg==
    dependencies:
      jsonparse "^1.3.1"
      minipass "^3.0.0"
  
  minipass-pipeline@^1.2.4:
    version "1.2.4"
    resolved "https://registry.yarnpkg.com/minipass-pipeline/-/minipass-pipeline-1.2.4.tgz#68472f79711c084657c067c5c6ad93cddea8214c"
    integrity sha512-xuIq7cIOt09RPRJ19gdi4b+RiNvDFYe5JH+ggNvBqGqpQXcru3PcRmOZuHBKWK1Txf9+cQ+HMVN4d6z46LZP7A==
    dependencies:
      minipass "^3.0.0"
  
  minipass-sized@^1.0.3:
    version "1.0.3"
    resolved "https://registry.yarnpkg.com/minipass-sized/-/minipass-sized-1.0.3.tgz#70ee5a7c5052070afacfbc22977ea79def353b70"
    integrity sha512-MbkQQ2CTiBMlA2Dm/5cY+9SWFEN8pzzOXi6rlM5Xxq0Yqbda5ZQy9sU75a673FE9ZK0Zsbr6Y5iP6u9nktfg2g==
    dependencies:
      minipass "^3.0.0"
  
  minipass@^3.0.0, minipass@^3.1.1, minipass@^3.1.6:
    version "3.3.4"
    resolved "https://registry.yarnpkg.com/minipass/-/minipass-3.3.4.tgz#ca99f95dd77c43c7a76bf51e6d200025eee0ffae"
    integrity sha512-I9WPbWHCGu8W+6k1ZiGpPu0GkoKBeorkfKNuAFBNS1HNFJvke82sxvI5bzcCNpWPorkOO5QQ+zomzzwRxejXiw==
    dependencies:
      yallist "^4.0.0"
  
  minizlib@^2.1.1, minizlib@^2.1.2:
    version "2.1.2"
    resolved "https://registry.yarnpkg.com/minizlib/-/minizlib-2.1.2.tgz#e90d3466ba209b932451508a11ce3d3632145931"
    integrity sha512-bAxsR8BVfj60DWXHE3u30oHzfl4G7khkSuPW+qvpd7jFRHm7dLxOjUk1EHACJ/hxLY8phGJ0YhYHZo7jil7Qdg==
    dependencies:
      minipass "^3.0.0"
      yallist "^4.0.0"
  
  mkdirp-classic@^0.5.2:
    version "0.5.3"
    resolved "https://registry.yarnpkg.com/mkdirp-classic/-/mkdirp-classic-0.5.3.tgz#fa10c9115cc6d8865be221ba47ee9bed78601113"
    integrity sha512-gKLcREMhtuZRwRAfqP3RFW+TK4JqApVBtOIftVgjuABpAtpxhPGaDcfvbhNvD0B8iD1oUr/txX35NjcaY6Ns/A==
  
  mkdirp@^1.0.3, mkdirp@^1.0.4:
    version "1.0.4"
    resolved "https://registry.yarnpkg.com/mkdirp/-/mkdirp-1.0.4.tgz#3eb5ed62622756d79a5f0e2a221dfebad75c2f7e"
    integrity sha512-vVqVZQyf3WLx2Shd0qJ9xuvqgAyKPLAiqITEtqW0oIUjzo3PePDd6fW9iFz30ef7Ysp/oiWqbhszeGWW2T6Gzw==
  
  ms@2.1.2:
    version "2.1.2"
    resolved "https://registry.yarnpkg.com/ms/-/ms-2.1.2.tgz#d09d1f357b443f493382a8eb3ccd183872ae6009"
    integrity sha512-sGkPx+VjMtmA6MX27oA4FBFELFCZZ4S4XqeGOXCv68tT+jb3vk/RyaKWP0PTKyWtmLSM0b+adUTEvbs1PEaH2w==
  
  ms@^2.0.0:
    version "2.1.3"
    resolved "https://registry.yarnpkg.com/ms/-/ms-2.1.3.tgz#574c8138ce1d2b5861f0b44579dbadd60c6615b2"
    integrity sha512-6FlzubTLZG3J2a/NVCAleEhjzq5oxgHyaCU9yYXvcLsvoVaHJq/s5xXI6/XXP6tz7R9xAOtHnSO/tXtF3WRTlA==
  
  mutationobserver-shim@^0.3.7:
    version "0.3.7"
    resolved "https://registry.yarnpkg.com/mutationobserver-shim/-/mutationobserver-shim-0.3.7.tgz#8bf633b0c0b0291a1107255ed32c13088a8c5bf3"
    integrity sha512-oRIDTyZQU96nAiz2AQyngwx1e89iApl2hN5AOYwyxLUB47UYsU3Wv9lJWqH5y/QdiYkc5HQLi23ZNB3fELdHcQ==
  
  nan@^2.15.0:
    version "2.16.0"
    resolved "https://registry.yarnpkg.com/nan/-/nan-2.16.0.tgz#664f43e45460fb98faf00edca0bb0d7b8dce7916"
    integrity sha512-UdAqHyFngu7TfQKsCBgAA6pWDkT8MAO7d0jyOecVhN5354xbLqdn8mV9Tat9gepAupm0bt2DbeaSC8vS52MuFA==
  
  nanoid@^3.1.30, nanoid@^3.3.4:
    version "3.3.4"
    resolved "https://registry.yarnpkg.com/nanoid/-/nanoid-3.3.4.tgz#730b67e3cd09e2deacf03c027c81c9d9dbc5e8ab"
    integrity sha512-MqBkQh/OHTS2egovRtLk45wEyNXwF+cokD+1YPf9u5VfJiRdAiRwB2froX5Co9Rh20xs4siNPm8naNotSD6RBw==
  
  natural-compare@^1.4.0:
    version "1.4.0"
    resolved "https://registry.yarnpkg.com/natural-compare/-/natural-compare-1.4.0.tgz#4abebfeed7541f2c27acfb29bdbbd15c8d5ba4f7"
    integrity sha512-OWND8ei3VtNC9h7V60qff3SVobHr996CTwgxubgyQYEpg290h9J0buyECNNJexkFm5sOajh5G116RYA1c8ZMSw==
  
  negotiator@^0.6.3:
    version "0.6.3"
    resolved "https://registry.yarnpkg.com/negotiator/-/negotiator-0.6.3.tgz#58e323a72fedc0d6f9cd4d31fe49f51479590ccd"
    integrity sha512-+EUsqGPLsM+j/zdChZjsnX51g4XrHFOIXwfnCVPGlQk/k5giakcKsuxCObBRu6DSm9opw/O6slWbJdghQM4bBg==
  
  neo-async@^2.6.0:
    version "2.6.2"
    resolved "https://registry.yarnpkg.com/neo-async/-/neo-async-2.6.2.tgz#b4aafb93e3aeb2d8174ca53cf163ab7d7308305f"
    integrity sha512-Yd3UES5mWCSqR+qNT93S3UoYUkqAZ9lLg8a7g9rimsWmYGK8cVToA4/sF3RrshdyV3sAGMXVUmpMYOw+dLpOuw==
  
  netmask@^2.0.2:
    version "2.0.2"
    resolved "https://registry.yarnpkg.com/netmask/-/netmask-2.0.2.tgz#8b01a07644065d536383835823bc52004ebac5e7"
    integrity sha512-dBpDMdxv9Irdq66304OLfEmQ9tbNRFnFTuZiLo+bD+r332bBmMJ8GBLXklIXXgxd3+v9+KUnZaUR5PJMa75Gsg==
  
  nice-try@^1.0.4:
    version "1.0.5"
    resolved "https://registry.yarnpkg.com/nice-try/-/nice-try-1.0.5.tgz#a3378a7696ce7d223e88fc9b764bd7ef1089e366"
    integrity sha512-1nh45deeb5olNY7eX82BkPO7SSxR5SSYJiPTrTdFUVYwAl8CKMA5N9PjTYkHiRjisVcxcQ1HXdLhx2qxxJzLNQ==
  
  node-fetch@2.6.7, node-fetch@^2.6.7:
    version "2.6.7"
    resolved "https://registry.yarnpkg.com/node-fetch/-/node-fetch-2.6.7.tgz#24de9fba827e3b4ae44dc8b20256a379160052ad"
    integrity sha512-ZjMPFEfVx5j+y2yF35Kzx5sF7kDzxuDj6ziH4FFbOp87zKDZNx8yExJIb05OGF4Nlt9IHFIMBkRl41VdvcNdbQ==
    dependencies:
      whatwg-url "^5.0.0"
  
  node-releases@^2.0.6:
    version "2.0.6"
    resolved "https://registry.yarnpkg.com/node-releases/-/node-releases-2.0.6.tgz#8a7088c63a55e493845683ebf3c828d8c51c5503"
    integrity sha512-PiVXnNuFm5+iYkLBNeq5211hvO38y63T0i2KKh2KnUs3RpzJ+JtODFjkD8yjLwnDkTYF1eKXheUwdssR+NRZdg==
  
  nopt@^5.0.0:
    version "5.0.0"
    resolved "https://registry.yarnpkg.com/nopt/-/nopt-5.0.0.tgz#530942bb58a512fccafe53fe210f13a25355dc88"
    integrity sha512-Tbj67rffqceeLpcRXrT7vKAN8CwfPeIBgM7E6iBkmKLV7bEMwpGgYLGv0jACUsECaa/vuxP0IjEont6umdMgtQ==
    dependencies:
      abbrev "1"
  
  normalize-package-data@^2.3.2, normalize-package-data@^2.5.0:
    version "2.5.0"
    resolved "https://registry.yarnpkg.com/normalize-package-data/-/normalize-package-data-2.5.0.tgz#e66db1838b200c1dfc233225d12cb36520e234a8"
    integrity sha512-/5CMN3T0R4XTj4DcGaexo+roZSdSFW/0AOOTROrjxzCG1wrWXEsGbRKevjlIL+ZDE4sZlJr5ED4YW0yqmkK+eA==
    dependencies:
      hosted-git-info "^2.1.4"
      resolve "^1.10.0"
      semver "2 || 3 || 4 || 5"
      validate-npm-package-license "^3.0.1"
  
  normalize-package-data@^3.0.0:
    version "3.0.3"
    resolved "https://registry.yarnpkg.com/normalize-package-data/-/normalize-package-data-3.0.3.tgz#dbcc3e2da59509a0983422884cd172eefdfa525e"
    integrity sha512-p2W1sgqij3zMMyRC067Dg16bfzVH+w7hyegmpIvZ4JNjqtGOVAIvLmjBx3yP7YTe9vKJgkoNOPjwQGogDoMXFA==
    dependencies:
      hosted-git-info "^4.0.1"
      is-core-module "^2.5.0"
      semver "^7.3.4"
      validate-npm-package-license "^3.0.1"
  
  normalize-path@^1.0.0:
    version "1.0.0"
    resolved "https://registry.yarnpkg.com/normalize-path/-/normalize-path-1.0.0.tgz#32d0e472f91ff345701c15a8311018d3b0a90379"
    integrity sha512-7WyT0w8jhpDStXRq5836AMmihQwq2nrUVQrgjvUo/p/NZf9uy/MeJ246lBJVmWuYXMlJuG9BNZHF0hWjfTbQUA==
  
  normalize-path@^3.0.0, normalize-path@~3.0.0:
    version "3.0.0"
    resolved "https://registry.yarnpkg.com/normalize-path/-/normalize-path-3.0.0.tgz#0dcd69ff23a1c9b11fd0978316644a0388216a65"
    integrity sha512-6eZs5Ls3WtCisHWp9S2GUy8dqkpGi4BVSz3GaqiE6ezub0512ESztXUwUB6C6IKbQkY2Pnb/mD4WYojCRwcwLA==
  
  normalize-range@^0.1.2:
    version "0.1.2"
    resolved "https://registry.yarnpkg.com/normalize-range/-/normalize-range-0.1.2.tgz#2d10c06bdfd312ea9777695a4d28439456b75942"
    integrity sha512-bdok/XvKII3nUpklnV6P2hxtMNrCboOjAcyBuQnWEhO665FwrSNRxU+AqpsyvO6LgGYPspN+lu5CLtw4jPRKNA==
  
  normalize-selector@^0.2.0:
    version "0.2.0"
    resolved "https://registry.yarnpkg.com/normalize-selector/-/normalize-selector-0.2.0.tgz#d0b145eb691189c63a78d201dc4fdb1293ef0c03"
    integrity sha512-dxvWdI8gw6eAvk9BlPffgEoGfM7AdijoCwOEJge3e3ulT2XLgmU7KvvxprOaCu05Q1uGRHmOhHe1r6emZoKyFw==
  
  normalize-url@^4.1.0:
    version "4.5.1"
    resolved "https://registry.yarnpkg.com/normalize-url/-/normalize-url-4.5.1.tgz#0dd90cf1288ee1d1313b87081c9a5932ee48518a"
    integrity sha512-9UZCFRHQdNrfTpGg8+1INIg93B6zE0aXMVFkw1WFwvO4SlZywU6aLg5Of0Ap/PgcbSw4LNxvMWXMeugwMCX0AA==
  
  normalize-url@^6.0.1:
    version "6.1.0"
    resolved "https://registry.yarnpkg.com/normalize-url/-/normalize-url-6.1.0.tgz#40d0885b535deffe3f3147bec877d05fe4c5668a"
    integrity sha512-DlL+XwOy3NxAQ8xuC0okPgK46iuVNAK01YN7RueYBqqFeGsBjV9XmCAzAdgt+667bCl5kPh9EqKKDwnaPG1I7A==
  
  npm-package-arg@^9.0.1:
    version "9.1.0"
    resolved "https://registry.yarnpkg.com/npm-package-arg/-/npm-package-arg-9.1.0.tgz#a60e9f1e7c03e4e3e4e994ea87fff8b90b522987"
    integrity sha512-4J0GL+u2Nh6OnhvUKXRr2ZMG4lR8qtLp+kv7UiV00Y+nGiSxtttCyIRHCt5L5BNkXQld/RceYItau3MDOoGiBw==
    dependencies:
      hosted-git-info "^5.0.0"
      proc-log "^2.0.1"
      semver "^7.3.5"
      validate-npm-package-name "^4.0.0"
  
  npm-registry-fetch@^13.1.1:
    version "13.3.1"
    resolved "https://registry.yarnpkg.com/npm-registry-fetch/-/npm-registry-fetch-13.3.1.tgz#bb078b5fa6c52774116ae501ba1af2a33166af7e"
    integrity sha512-eukJPi++DKRTjSBRcDZSDDsGqRK3ehbxfFUcgaRd0Yp6kRwOwh2WVn0r+8rMB4nnuzvAk6rQVzl6K5CkYOmnvw==
    dependencies:
      make-fetch-happen "^10.0.6"
      minipass "^3.1.6"
      minipass-fetch "^2.0.3"
      minipass-json-stream "^1.0.1"
      minizlib "^2.1.2"
      npm-package-arg "^9.0.1"
      proc-log "^2.0.0"
  
  npm-run-all@4.1.5:
    version "4.1.5"
    resolved "https://registry.yarnpkg.com/npm-run-all/-/npm-run-all-4.1.5.tgz#04476202a15ee0e2e214080861bff12a51d98fba"
    integrity sha512-Oo82gJDAVcaMdi3nuoKFavkIHBRVqQ1qvMb+9LHk/cF4P6B2m8aP04hGf7oL6wZ9BuGwX1onlLhpuoofSyoQDQ==
    dependencies:
      ansi-styles "^3.2.1"
      chalk "^2.4.1"
      cross-spawn "^6.0.5"
      memorystream "^0.3.1"
      minimatch "^3.0.4"
      pidtree "^0.3.0"
      read-pkg "^3.0.0"
      shell-quote "^1.6.1"
      string.prototype.padend "^3.0.0"
  
  npm-run-path@^2.0.0:
    version "2.0.2"
    resolved "https://registry.yarnpkg.com/npm-run-path/-/npm-run-path-2.0.2.tgz#35a9232dfa35d7067b4cb2ddf2357b1871536c5f"
    integrity sha512-lJxZYlT4DW/bRUtFh1MQIWqmLwQfAxnqWG4HhEdjMlkrJYnJn0Jrr2u3mgxqaWsdiBc76TYkTG/mhrnYTuzfHw==
    dependencies:
      path-key "^2.0.0"
  
  npm-run-path@^4.0.0, npm-run-path@^4.0.1:
    version "4.0.1"
    resolved "https://registry.yarnpkg.com/npm-run-path/-/npm-run-path-4.0.1.tgz#b7ecd1e5ed53da8e37a55e1c2269e0b97ed748ea"
    integrity sha512-S48WzZW777zhNIrn7gxOlISNAqi9ZC/uQFnRdbeIHhZhCA6UqpkOT8T1G7BvfdgP4Er8gF4sUbaS0i7QvIfCWw==
    dependencies:
      path-key "^3.0.0"
  
  npmlog@^5.0.1:
    version "5.0.1"
    resolved "https://registry.yarnpkg.com/npmlog/-/npmlog-5.0.1.tgz#f06678e80e29419ad67ab964e0fa69959c1eb8b0"
    integrity sha512-AqZtDUWOMKs1G/8lwylVjrdYgqA4d9nu8hc+0gzRxlDb1I10+FHBGMXs6aiQHFdCUUlqH99MUMuLfzWDNDtfxw==
    dependencies:
      are-we-there-yet "^2.0.0"
      console-control-strings "^1.1.0"
      gauge "^3.0.0"
      set-blocking "^2.0.0"
  
  nth-check@^2.0.1:
    version "2.1.1"
    resolved "https://registry.yarnpkg.com/nth-check/-/nth-check-2.1.1.tgz#c9eab428effce36cd6b92c924bdb000ef1f1ed1d"
    integrity sha512-lqjrjmaOoAnWfMmBPL+XNnynZh2+swxiX3WUE0s4yEHI6m+AwrK2UZOimIRl3X/4QctVqS8AiZjFqyOGrMXb/w==
    dependencies:
      boolbase "^1.0.0"
  
  num2fraction@^1.2.2:
    version "1.2.2"
    resolved "https://registry.yarnpkg.com/num2fraction/-/num2fraction-1.2.2.tgz#6f682b6a027a4e9ddfa4564cd2589d1d4e669ede"
    integrity sha512-Y1wZESM7VUThYY+4W+X4ySH2maqcA+p7UR+w8VWNWVAd6lwuXXWz/w/Cz43J/dI2I+PS6wD5N+bJUF+gjWvIqg==
  
  nwsapi@^2.2.0:
    version "2.2.1"
    resolved "https://registry.yarnpkg.com/nwsapi/-/nwsapi-2.2.1.tgz#10a9f268fbf4c461249ebcfe38e359aa36e2577c"
    integrity sha512-JYOWTeFoS0Z93587vRJgASD5Ut11fYl5NyihP3KrYBvMe1FRRs6RN7m20SA/16GM4P6hTnZjT+UmDOt38UeXNg==
  
  oauth-sign@~0.9.0:
    version "0.9.0"
    resolved "https://registry.yarnpkg.com/oauth-sign/-/oauth-sign-0.9.0.tgz#47a7b016baa68b5fa0ecf3dee08a85c679ac6455"
    integrity sha512-fexhUFFPTGV8ybAtSIGbV6gOkSv8UtRbDBnAyLQw4QPKkgNlsH2ByPGtMUqdWkos6YCRmAqViwgZrJc/mRDzZQ==
  
  object-assign@^4.1.1:
    version "4.1.1"
    resolved "https://registry.yarnpkg.com/object-assign/-/object-assign-4.1.1.tgz#2109adc7965887cfc05cbbd442cac8bfbb360863"
    integrity sha512-rJgTQnkUnH1sFw8yT6VSU3zD3sWmu6sZhIseY8VX+GRu3P6F7Fu+JNDoXfklElbLJSnc3FUQHVe4cU5hj+BcUg==
  
  object-hash@^3.0.0:
    version "3.0.0"
    resolved "https://registry.yarnpkg.com/object-hash/-/object-hash-3.0.0.tgz#73f97f753e7baffc0e2cc9d6e079079744ac82e9"
    integrity sha512-RSn9F68PjH9HqtltsSnqYC1XXoWe9Bju5+213R98cNGttag9q9yAOTzdbsqvIa7aNm5WffBZFpWYr2aWrklWAw==
  
  object-inspect@^1.12.0, object-inspect@^1.9.0:
    version "1.12.2"
    resolved "https://registry.yarnpkg.com/object-inspect/-/object-inspect-1.12.2.tgz#c0641f26394532f28ab8d796ab954e43c009a8ea"
    integrity sha512-z+cPxW0QGUp0mcqcsgQyLVRDoXFQbXOwBaqyF7VIgI4TWNQsDHrBpUQslRmIfAoYWdYzs6UlKJtB2XJpTaNSpQ==
  
  object-keys@^1.1.1:
    version "1.1.1"
    resolved "https://registry.yarnpkg.com/object-keys/-/object-keys-1.1.1.tgz#1c47f272df277f3b1daf061677d9c82e2322c60e"
    integrity sha512-NuAESUOUMrlIXOfHKzD6bpPu3tYt3xvjNdRIQ+FeT0lNb4K8WR70CaDxhuNguS2XG+GjkyMwOzsN5ZktImfhLA==
  
  object.assign@^4.1.2:
    version "4.1.4"
    resolved "https://registry.yarnpkg.com/object.assign/-/object.assign-4.1.4.tgz#9673c7c7c351ab8c4d0b516f4343ebf4dfb7799f"
    integrity sha512-1mxKf0e58bvyjSCtKYY4sRe9itRk3PJpquJOjeIkz885CczcI4IvJJDLPS72oowuSh+pBxUFROpX+TU++hxhZQ==
    dependencies:
      call-bind "^1.0.2"
      define-properties "^1.1.4"
      has-symbols "^1.0.3"
      object-keys "^1.1.1"
  
  once@^1.3.0, once@^1.3.1, once@^1.4.0:
    version "1.4.0"
    resolved "https://registry.yarnpkg.com/once/-/once-1.4.0.tgz#583b1aa775961d4b113ac17d9c50baef9dd76bd1"
    integrity sha512-lNaJgI+2Q5URQBkccEKHTQOPaXdUxnZZElQTZY0MFUAuaEqe1E+Nyvgdz/aIyNi6Z9MzO5dv1H8n58/GELp3+w==
    dependencies:
      wrappy "1"
  
  onetime@^5.1.0, onetime@^5.1.2:
    version "5.1.2"
    resolved "https://registry.yarnpkg.com/onetime/-/onetime-5.1.2.tgz#d0e96ebb56b07476df1dd9c4806e5237985ca45e"
    integrity sha512-kbpaSSGJTWdAY5KPVeMOKXSrPtr8C8C7wodJbcsd51jRnmD+GZu8Y0VoU6Dm5Z4vWr0Ig/1NKuWRKf7j5aaYSg==
    dependencies:
      mimic-fn "^2.1.0"
  
  optionator@^0.8.1:
    version "0.8.3"
    resolved "https://registry.yarnpkg.com/optionator/-/optionator-0.8.3.tgz#84fa1d036fe9d3c7e21d99884b601167ec8fb495"
    integrity sha512-+IW9pACdk3XWmmTXG8m3upGUJst5XRGzxMRjXzAuJ1XnIFNvfhjjIuYkDvysnPQ7qzqVzLt78BCruntqRhWQbA==
    dependencies:
      deep-is "~0.1.3"
      fast-levenshtein "~2.0.6"
      levn "~0.3.0"
      prelude-ls "~1.1.2"
      type-check "~0.3.2"
      word-wrap "~1.2.3"
  
  optionator@^0.9.1:
    version "0.9.1"
    resolved "https://registry.yarnpkg.com/optionator/-/optionator-0.9.1.tgz#4f236a6373dae0566a6d43e1326674f50c291499"
    integrity sha512-74RlY5FCnhq4jRxVUPKDaRwrVNXMqsGsiW6AJw4XK8hmtm10wC0ypZBLw5IIp85NZMr91+qd1RvvENwg7jjRFw==
    dependencies:
      deep-is "^0.1.3"
      fast-levenshtein "^2.0.6"
      levn "^0.4.1"
      prelude-ls "^1.2.1"
      type-check "^0.4.0"
      word-wrap "^1.2.3"
  
  ora@^5.4.1:
    version "5.4.1"
    resolved "https://registry.yarnpkg.com/ora/-/ora-5.4.1.tgz#1b2678426af4ac4a509008e5e4ac9e9959db9e18"
    integrity sha512-5b6Y85tPxZZ7QytO+BQzysW31HJku27cRIlkbAXaNx+BdcVi+LlRFmVXzeF6a7JCwJpyw5c4b+YSVImQIrBpuQ==
    dependencies:
      bl "^4.1.0"
      chalk "^4.1.0"
      cli-cursor "^3.1.0"
      cli-spinners "^2.5.0"
      is-interactive "^1.0.0"
      is-unicode-supported "^0.1.0"
      log-symbols "^4.1.0"
      strip-ansi "^6.0.0"
      wcwidth "^1.0.1"
  
  os-locale@^5.0.0:
    version "5.0.0"
    resolved "https://registry.yarnpkg.com/os-locale/-/os-locale-5.0.0.tgz#6d26c1d95b6597c5d5317bf5fba37eccec3672e0"
    integrity sha512-tqZcNEDAIZKBEPnHPlVDvKrp7NzgLi7jRmhKiUoa2NUmhl13FtkAGLUVR+ZsYvApBQdBfYm43A4tXXQ4IrYLBA==
    dependencies:
      execa "^4.0.0"
      lcid "^3.0.0"
      mem "^5.0.0"
  
  p-cancelable@^1.0.0:
    version "1.1.0"
    resolved "https://registry.yarnpkg.com/p-cancelable/-/p-cancelable-1.1.0.tgz#d078d15a3af409220c886f1d9a0ca2e441ab26cc"
    integrity sha512-s73XxOZ4zpt1edZYZzvhqFa6uvQc1vwUa0K0BdtIZgQMAJj9IbebH+JkgKZc9h+B05PKHLOTl4ajG1BmNrVZlw==
  
  p-cancelable@^2.0.0:
    version "2.1.1"
    resolved "https://registry.yarnpkg.com/p-cancelable/-/p-cancelable-2.1.1.tgz#aab7fbd416582fa32a3db49859c122487c5ed2cf"
    integrity sha512-BZOr3nRQHOntUjTrH8+Lh54smKHoHyur8We1V8DSMVrl5A2malOOwuJRnKRDjSnkoeBh4at6BwEnb5I7Jl31wg==
  
  p-defer@^1.0.0:
    version "1.0.0"
    resolved "https://registry.yarnpkg.com/p-defer/-/p-defer-1.0.0.tgz#9f6eb182f6c9aa8cd743004a7d4f96b196b0fb0c"
    integrity sha512-wB3wfAxZpk2AzOfUMJNL+d36xothRSyj8EXOa4f6GMqYDN9BJaaSISbsk+wS9abmnebVw95C2Kb5t85UmpCxuw==
  
  p-finally@^1.0.0:
    version "1.0.0"
    resolved "https://registry.yarnpkg.com/p-finally/-/p-finally-1.0.0.tgz#3fbcfb15b899a44123b34b6dcc18b724336a2cae"
    integrity sha512-LICb2p9CB7FS+0eR1oqWnHhp0FljGLZCWBE9aix0Uye9W8LTQPwMTYVGWQWIw9RdQiDg4+epXQODwIYJtSJaow==
  
  p-is-promise@^2.1.0:
    version "2.1.0"
    resolved "https://registry.yarnpkg.com/p-is-promise/-/p-is-promise-2.1.0.tgz#918cebaea248a62cf7ffab8e3bca8c5f882fc42e"
    integrity sha512-Y3W0wlRPK8ZMRbNq97l4M5otioeA5lm1z7bkNkxCka8HSPjR0xRWmpCmc9utiaLP9Jb1eD8BgeIxTW4AIF45Pg==
  
  p-limit@^2.2.0:
    version "2.3.0"
    resolved "https://registry.yarnpkg.com/p-limit/-/p-limit-2.3.0.tgz#3dd33c647a214fdfffd835933eb086da0dc21db1"
    integrity sha512-//88mFWSJx8lxCzwdAABTJL2MyWB12+eIY7MDL2SqLmAkeKU9qxRvWuSyTjm3FUmpBEMuFfckAIqEaVGUDxb6w==
    dependencies:
      p-try "^2.0.0"
  
  p-locate@^4.1.0:
    version "4.1.0"
    resolved "https://registry.yarnpkg.com/p-locate/-/p-locate-4.1.0.tgz#a3428bb7088b3a60292f66919278b7c297ad4f07"
    integrity sha512-R79ZZ/0wAxKGu3oYMlz8jy/kbhsNrS7SKZ7PxEHBgJ5+F2mtFW2fK2cOtBh1cHYkQsbzFV7I+EoRKe6Yt0oK7A==
    dependencies:
      p-limit "^2.2.0"
  
  p-map@^4.0.0:
    version "4.0.0"
    resolved "https://registry.yarnpkg.com/p-map/-/p-map-4.0.0.tgz#bb2f95a5eda2ec168ec9274e06a747c3e2904d2b"
    integrity sha512-/bjOqmgETBYB5BoEeGVea8dmvHb2m9GLy1E9W43yeyfP6QQCZGFNa+XRceJEuDB6zqr+gKpIAmlLebMpykw/MQ==
    dependencies:
      aggregate-error "^3.0.0"
  
  p-try@^2.0.0:
    version "2.2.0"
    resolved "https://registry.yarnpkg.com/p-try/-/p-try-2.2.0.tgz#cb2868540e313d61de58fafbe35ce9004d5540e6"
    integrity sha512-R4nPAVTAU0B9D35/Gk3uJf/7XYbQcyohSKdvAxIRSNghFl4e71hVoGnBNQz9cWaXxO2I10KTC+3jMdvvoKw6dQ==
  
  pac-proxy-agent@^5.0.0:
    version "5.0.0"
    resolved "https://registry.yarnpkg.com/pac-proxy-agent/-/pac-proxy-agent-5.0.0.tgz#b718f76475a6a5415c2efbe256c1c971c84f635e"
    integrity sha512-CcFG3ZtnxO8McDigozwE3AqAw15zDvGH+OjXO4kzf7IkEKkQ4gxQ+3sdF50WmhQ4P/bVusXcqNE2S3XrNURwzQ==
    dependencies:
      "@tootallnate/once" "1"
      agent-base "6"
      debug "4"
      get-uri "3"
      http-proxy-agent "^4.0.1"
      https-proxy-agent "5"
      pac-resolver "^5.0.0"
      raw-body "^2.2.0"
      socks-proxy-agent "5"
  
  pac-resolver@^5.0.0:
    version "5.0.1"
    resolved "https://registry.yarnpkg.com/pac-resolver/-/pac-resolver-5.0.1.tgz#c91efa3a9af9f669104fa2f51102839d01cde8e7"
    integrity sha512-cy7u00ko2KVgBAjuhevqpPeHIkCIqPe1v24cydhWjmeuzaBfmUWFCZJ1iAh5TuVzVZoUzXIW7K8sMYOZ84uZ9Q==
    dependencies:
      degenerator "^3.0.2"
      ip "^1.1.5"
      netmask "^2.0.2"
  
  package-json@^6.3.0:
    version "6.5.0"
    resolved "https://registry.yarnpkg.com/package-json/-/package-json-6.5.0.tgz#6feedaca35e75725876d0b0e64974697fed145b0"
    integrity sha512-k3bdm2n25tkyxcjSKzB5x8kfVxlMdgsbPr0GkZcwHsLpba6cBjqCt1KlcChKEvxHIcTB1FVMuwoijZ26xex5MQ==
    dependencies:
      got "^9.6.0"
      registry-auth-token "^4.0.0"
      registry-url "^5.0.0"
      semver "^6.2.0"
  
  parent-module@^1.0.0:
    version "1.0.1"
    resolved "https://registry.yarnpkg.com/parent-module/-/parent-module-1.0.1.tgz#691d2709e78c79fae3a156622452d00762caaaa2"
    integrity sha512-GQ2EWRpQV8/o+Aw8YqtfZZPfNRWZYkbidE9k5rpl/hC3vtHHBfGm2Ifi6qWV+coDGkrUKZAxE3Lot5kcsRlh+g==
    dependencies:
      callsites "^3.0.0"
  
  parse-entities@^2.0.0:
    version "2.0.0"
    resolved "https://registry.yarnpkg.com/parse-entities/-/parse-entities-2.0.0.tgz#53c6eb5b9314a1f4ec99fa0fdf7ce01ecda0cbe8"
    integrity sha512-kkywGpCcRYhqQIchaWqZ875wzpS/bMKhz5HnN3p7wveJTkTtyAB/AlnS0f8DFSqYW1T82t6yEAkEcB+A1I3MbQ==
    dependencies:
      character-entities "^1.0.0"
      character-entities-legacy "^1.0.0"
      character-reference-invalid "^1.0.0"
      is-alphanumerical "^1.0.0"
      is-decimal "^1.0.0"
      is-hexadecimal "^1.0.0"
  
  parse-json@^4.0.0:
    version "4.0.0"
    resolved "https://registry.yarnpkg.com/parse-json/-/parse-json-4.0.0.tgz#be35f5425be1f7f6c747184f98a788cb99477ee0"
    integrity sha512-aOIos8bujGN93/8Ox/jPLh7RwVnPEysynVFE+fQZyg6jKELEHwzgKdLRFHUgXJL6kylijVSBC4BvN9OmsB48Rw==
    dependencies:
      error-ex "^1.3.1"
      json-parse-better-errors "^1.0.1"
  
  parse-json@^5.0.0:
    version "5.2.0"
    resolved "https://registry.yarnpkg.com/parse-json/-/parse-json-5.2.0.tgz#c76fc66dee54231c962b22bcc8a72cf2f99753cd"
    integrity sha512-ayCKvm/phCGxOkYRSCM82iDwct8/EonSEgCSxWxD7ve6jHggsFl4fZVQBPRNgQoKiuV/odhFrGzQXZwbifC8Rg==
    dependencies:
      "@babel/code-frame" "^7.0.0"
      error-ex "^1.3.1"
      json-parse-even-better-errors "^2.3.0"
      lines-and-columns "^1.1.6"
  
  parse5-htmlparser2-tree-adapter@^6.0.1:
    version "6.0.1"
    resolved "https://registry.yarnpkg.com/parse5-htmlparser2-tree-adapter/-/parse5-htmlparser2-tree-adapter-6.0.1.tgz#2cdf9ad823321140370d4dbf5d3e92c7c8ddc6e6"
    integrity sha512-qPuWvbLgvDGilKc5BoicRovlT4MtYT6JfJyBOMDsKoiT+GiuP5qyrPCnR9HcPECIJJmZh5jRndyNThnhhb/vlA==
    dependencies:
      parse5 "^6.0.1"
  
  parse5@6.0.1, parse5@^6.0.1:
    version "6.0.1"
    resolved "https://registry.yarnpkg.com/parse5/-/parse5-6.0.1.tgz#e1a1c085c569b3dc08321184f19a39cc27f7c30b"
    integrity sha512-Ofn/CTFzRGTTxwpNEs9PP93gXShHcTq255nzRYSKe8AkVpZY7e1fpmTfOyoIvjP5HG7Z2ZM7VS9PPhQGW2pOpw==
  
  path-exists@^4.0.0:
    version "4.0.0"
    resolved "https://registry.yarnpkg.com/path-exists/-/path-exists-4.0.0.tgz#513bdbe2d3b95d7762e8c1137efa195c6c61b5b3"
    integrity sha512-ak9Qy5Q7jYb2Wwcey5Fpvg2KoAc/ZIhLSLOSBmRmygPsGwkVVt0fZa0qrtMz+m6tJTAHfZQ8FnmB4MG4LWy7/w==
  
  path-is-absolute@^1.0.0:
    version "1.0.1"
    resolved "https://registry.yarnpkg.com/path-is-absolute/-/path-is-absolute-1.0.1.tgz#174b9268735534ffbc7ace6bf53a5a9e1b5c5f5f"
    integrity sha512-AVbw3UJ2e9bq64vSaS9Am0fje1Pa8pbGqTTsmXfaIiMpnr5DlDhfJOuLj9Sf95ZPVDAUerDfEk88MPmPe7UCQg==
  
  path-key@^2.0.0, path-key@^2.0.1:
    version "2.0.1"
    resolved "https://registry.yarnpkg.com/path-key/-/path-key-2.0.1.tgz#411cadb574c5a140d3a4b1910d40d80cc9f40b40"
    integrity sha512-fEHGKCSmUSDPv4uoj8AlD+joPlq3peND+HRYyxFz4KPw4z926S/b8rIuFs2FYJg3BwsxJf6A9/3eIdLaYC+9Dw==
  
  path-key@^3.0.0, path-key@^3.1.0:
    version "3.1.1"
    resolved "https://registry.yarnpkg.com/path-key/-/path-key-3.1.1.tgz#581f6ade658cbba65a0d3380de7753295054f375"
    integrity sha512-ojmeN0qd+y0jszEtoY48r0Peq5dwMEkIlCOu6Q5f41lfkswXuKtYrhgoTpLnyIcHm24Uhqx+5Tqm2InSwLhE6Q==
  
  path-parse@^1.0.7:
    version "1.0.7"
    resolved "https://registry.yarnpkg.com/path-parse/-/path-parse-1.0.7.tgz#fbc114b60ca42b30d9daf5858e4bd68bbedb6735"
    integrity sha512-LDJzPVEEEPR+y48z93A0Ed0yXb8pAByGWo/k5YYdYgpY2/2EsOsksJrq7lOHxryrVOn1ejG6oAp8ahvOIQD8sw==
  
  path-type@^3.0.0:
    version "3.0.0"
    resolved "https://registry.yarnpkg.com/path-type/-/path-type-3.0.0.tgz#cef31dc8e0a1a3bb0d105c0cd97cf3bf47f4e36f"
    integrity sha512-T2ZUsdZFHgA3u4e5PfPbjd7HDDpxPnQb5jN0SrDsjNSuVXHJqtwTnWqG0B1jZrgmJ/7lj1EmVIByWt1gxGkWvg==
    dependencies:
      pify "^3.0.0"
  
  path-type@^4.0.0:
    version "4.0.0"
    resolved "https://registry.yarnpkg.com/path-type/-/path-type-4.0.0.tgz#84ed01c0a7ba380afe09d90a8c180dcd9d03043b"
    integrity sha512-gDKb8aZMDeD/tZWs9P6+q0J9Mwkdl6xMV8TjnGP3qJVJ06bdMgkbBlLU8IdfOsIsFz2BW1rNVT3XuNEl8zPAvw==
  
  peek-readable@^4.1.0:
    version "4.1.0"
    resolved "https://registry.yarnpkg.com/peek-readable/-/peek-readable-4.1.0.tgz#4ece1111bf5c2ad8867c314c81356847e8a62e72"
    integrity sha512-ZI3LnwUv5nOGbQzD9c2iDG6toheuXSZP5esSHBjopsXH4dg19soufvpUGA3uohi5anFtGb2lhAVdHzH6R/Evvg==
  
  pend@~1.2.0:
    version "1.2.0"
    resolved "https://registry.yarnpkg.com/pend/-/pend-1.2.0.tgz#7a57eb550a6783f9115331fcf4663d5c8e007a50"
    integrity sha512-F3asv42UuXchdzt+xXqfW1OGlVBe+mxa2mqI0pg5yAHZPvFmY3Y6drSf/GQ1A86WgWEN9Kzh/WrgKa6iGcHXLg==
  
  performance-now@^2.1.0:
    version "2.1.0"
    resolved "https://registry.yarnpkg.com/performance-now/-/performance-now-2.1.0.tgz#6309f4e0e5fa913ec1c69307ae364b4b377c9e7b"
    integrity sha512-7EAHlyLHI56VEIdK57uwHdHKIaAGbnXPiw0yWbarQZOKaKpvUIgW0jWRVLiatnM+XXlSwsanIBH/hzGMJulMow==
  
  picocolors@^0.2.1:
    version "0.2.1"
    resolved "https://registry.yarnpkg.com/picocolors/-/picocolors-0.2.1.tgz#570670f793646851d1ba135996962abad587859f"
    integrity sha512-cMlDqaLEqfSaW8Z7N5Jw+lyIW869EzT73/F5lhtY9cLGoVxSXznfgfXMO0Z5K0o0Q2TkTXq+0KFsdnSe3jDViA==
  
  picocolors@^1.0.0:
    version "1.0.0"
    resolved "https://registry.yarnpkg.com/picocolors/-/picocolors-1.0.0.tgz#cb5bdc74ff3f51892236eaf79d68bc44564ab81c"
    integrity sha512-1fygroTLlHu66zi26VoTDv8yRgm0Fccecssto+MhsZ0D/DGW2sm8E8AjW7NU5VVTRt5GxbeZ5qBuJr+HyLYkjQ==
  
  picomatch@^2.0.4, picomatch@^2.2.1, picomatch@^2.3.1:
    version "2.3.1"
    resolved "https://registry.yarnpkg.com/picomatch/-/picomatch-2.3.1.tgz#3ba3833733646d9d3e4995946c1365a67fb07a42"
    integrity sha512-JU3teHTNjmE2VCGFzuY8EXzCDVwEqB2a8fsIvwaStHhAWJEeVd1o1QD80CU6+ZdEXXSLbSsuLwJjkCBWqRQUVA==
  
  pidtree@^0.3.0:
    version "0.3.1"
    resolved "https://registry.yarnpkg.com/pidtree/-/pidtree-0.3.1.tgz#ef09ac2cc0533df1f3250ccf2c4d366b0d12114a"
    integrity sha512-qQbW94hLHEqCg7nhby4yRC7G2+jYHY4Rguc2bjw7Uug4GIJuu1tvf2uHaZv5Q8zdt+WKJ6qK1FOI6amaWUo5FA==
  
  pify@^2.3.0:
    version "2.3.0"
    resolved "https://registry.yarnpkg.com/pify/-/pify-2.3.0.tgz#ed141a6ac043a849ea588498e7dca8b15330e90c"
    integrity sha512-udgsAY+fTnvv7kI7aaxbqwWNb0AHiB0qBO89PZKPkoTmGOgdbrHDKD+0B2X4uTfJ/FT1R09r9gTsjUjNJotuog==
  
  pify@^3.0.0:
    version "3.0.0"
    resolved "https://registry.yarnpkg.com/pify/-/pify-3.0.0.tgz#e5a4acd2c101fdf3d9a4d07f0dbc4db49dd28176"
    integrity sha512-C3FsVNH1udSEX48gGX1xfvwTWfsYWj5U+8/uK15BGzIGrKoUpghX8hWZwa/OFnakBiiVNmBvemTJR5mcy7iPcg==
  
  pkg-dir@4.2.0:
    version "4.2.0"
    resolved "https://registry.yarnpkg.com/pkg-dir/-/pkg-dir-4.2.0.tgz#f099133df7ede422e81d1d8448270eeb3e4261f3"
    integrity sha512-HRDzbaKjC+AOWVXxAU/x54COGeIv9eb+6CkDSQoNTt4XyWoIJvuPsXizxu/Fr23EiekbtZwmh1IcIG/l/a10GQ==
    dependencies:
      find-up "^4.0.0"
  
  please-upgrade-node@^3.2.0:
    version "3.2.0"
    resolved "https://registry.yarnpkg.com/please-upgrade-node/-/please-upgrade-node-3.2.0.tgz#aeddd3f994c933e4ad98b99d9a556efa0e2fe942"
    integrity sha512-gQR3WpIgNIKwBMVLkpMUeR3e1/E1y42bqDQZfql+kDeXd8COYfM8PQA4X6y7a8u9Ua9FHmsrrmirW2vHs45hWg==
    dependencies:
      semver-compare "^1.0.0"
  
  postcss-calc@^8.2.3:
    version "8.2.4"
    resolved "https://registry.yarnpkg.com/postcss-calc/-/postcss-calc-8.2.4.tgz#77b9c29bfcbe8a07ff6693dc87050828889739a5"
    integrity sha512-SmWMSJmB8MRnnULldx0lQIyhSNvuDl9HfrZkaqqE/WHAhToYsAvDq+yAsA/kIyINDszOp3Rh0GFoNuH5Ypsm3Q==
    dependencies:
      postcss-selector-parser "^6.0.9"
      postcss-value-parser "^4.2.0"
  
  postcss-colormin@^5.3.0:
    version "5.3.0"
    resolved "https://registry.yarnpkg.com/postcss-colormin/-/postcss-colormin-5.3.0.tgz#3cee9e5ca62b2c27e84fce63affc0cfb5901956a"
    integrity sha512-WdDO4gOFG2Z8n4P8TWBpshnL3JpmNmJwdnfP2gbk2qBA8PWwOYcmjmI/t3CmMeL72a7Hkd+x/Mg9O2/0rD54Pg==
    dependencies:
      browserslist "^4.16.6"
      caniuse-api "^3.0.0"
      colord "^2.9.1"
      postcss-value-parser "^4.2.0"
  
  postcss-convert-values@^5.1.2:
    version "5.1.2"
    resolved "https://registry.yarnpkg.com/postcss-convert-values/-/postcss-convert-values-5.1.2.tgz#31586df4e184c2e8890e8b34a0b9355313f503ab"
    integrity sha512-c6Hzc4GAv95B7suy4udszX9Zy4ETyMCgFPUDtWjdFTKH1SE9eFY/jEpHSwTH1QPuwxHpWslhckUQWbNRM4ho5g==
    dependencies:
      browserslist "^4.20.3"
      postcss-value-parser "^4.2.0"
  
  postcss-discard-comments@^5.1.2:
    version "5.1.2"
    resolved "https://registry.yarnpkg.com/postcss-discard-comments/-/postcss-discard-comments-5.1.2.tgz#8df5e81d2925af2780075840c1526f0660e53696"
    integrity sha512-+L8208OVbHVF2UQf1iDmRcbdjJkuBF6IS29yBDSiWUIzpYaAhtNl6JYnYm12FnkeCwQqF5LeklOu6rAqgfBZqQ==
  
  postcss-discard-duplicates@^5.1.0:
    version "5.1.0"
    resolved "https://registry.yarnpkg.com/postcss-discard-duplicates/-/postcss-discard-duplicates-5.1.0.tgz#9eb4fe8456706a4eebd6d3b7b777d07bad03e848"
    integrity sha512-zmX3IoSI2aoenxHV6C7plngHWWhUOV3sP1T8y2ifzxzbtnuhk1EdPwm0S1bIUNaJ2eNbWeGLEwzw8huPD67aQw==
  
  postcss-discard-empty@^5.1.1:
    version "5.1.1"
    resolved "https://registry.yarnpkg.com/postcss-discard-empty/-/postcss-discard-empty-5.1.1.tgz#e57762343ff7f503fe53fca553d18d7f0c369c6c"
    integrity sha512-zPz4WljiSuLWsI0ir4Mcnr4qQQ5e1Ukc3i7UfE2XcrwKK2LIPIqE5jxMRxO6GbI3cv//ztXDsXwEWT3BHOGh3A==
  
  postcss-discard-overridden@^5.1.0:
    version "5.1.0"
    resolved "https://registry.yarnpkg.com/postcss-discard-overridden/-/postcss-discard-overridden-5.1.0.tgz#7e8c5b53325747e9d90131bb88635282fb4a276e"
    integrity sha512-21nOL7RqWR1kasIVdKs8HNqQJhFxLsyRfAnUDm4Fe4t4mCWL9OJiHvlHPjcd8zc5Myu89b/7wZDnOSjFgeWRtw==
  
  postcss-html@^0.36.0:
    version "0.36.0"
    resolved "https://registry.yarnpkg.com/postcss-html/-/postcss-html-0.36.0.tgz#b40913f94eaacc2453fd30a1327ad6ee1f88b204"
    integrity sha512-HeiOxGcuwID0AFsNAL0ox3mW6MHH5cstWN1Z3Y+n6H+g12ih7LHdYxWwEA/QmrebctLjo79xz9ouK3MroHwOJw==
    dependencies:
      htmlparser2 "^3.10.0"
  
  postcss-import@^14.1.0:
    version "14.1.0"
    resolved "https://registry.yarnpkg.com/postcss-import/-/postcss-import-14.1.0.tgz#a7333ffe32f0b8795303ee9e40215dac922781f0"
    integrity sha512-flwI+Vgm4SElObFVPpTIT7SU7R3qk2L7PyduMcokiaVKuWv9d/U+Gm/QAd8NDLuykTWTkcrjOeD2Pp1rMeBTGw==
    dependencies:
      postcss-value-parser "^4.0.0"
      read-cache "^1.0.0"
      resolve "^1.1.7"
  
  postcss-js@^4.0.0:
    version "4.0.0"
    resolved "https://registry.yarnpkg.com/postcss-js/-/postcss-js-4.0.0.tgz#31db79889531b80dc7bc9b0ad283e418dce0ac00"
    integrity sha512-77QESFBwgX4irogGVPgQ5s07vLvFqWr228qZY+w6lW599cRlK/HmnlivnnVUxkjHnCu4J16PDMHcH+e+2HbvTQ==
    dependencies:
      camelcase-css "^2.0.1"
  
  postcss-less@^3.1.4:
    version "3.1.4"
    resolved "https://registry.yarnpkg.com/postcss-less/-/postcss-less-3.1.4.tgz#369f58642b5928ef898ffbc1a6e93c958304c5ad"
    integrity sha512-7TvleQWNM2QLcHqvudt3VYjULVB49uiW6XzEUFmvwHzvsOEF5MwBrIXZDJQvJNFGjJQTzSzZnDoCJ8h/ljyGXA==
    dependencies:
      postcss "^7.0.14"
  
  postcss-less@^5.0.0:
    version "5.0.0"
    resolved "https://registry.yarnpkg.com/postcss-less/-/postcss-less-5.0.0.tgz#3fa361ed8e52a9c3e6e4fdb9bb95fd9032f3c62b"
    integrity sha512-djK6NlApALJeBnNx7CzLatq64eMF3BCyzBH+faYPxrvNHHM/YCimJ6XQkgWgtim2G89EzdQG4Ed0lGNCXPfD7A==
  
  postcss-load-config@^3.1.4:
    version "3.1.4"
    resolved "https://registry.yarnpkg.com/postcss-load-config/-/postcss-load-config-3.1.4.tgz#1ab2571faf84bb078877e1d07905eabe9ebda855"
    integrity sha512-6DiM4E7v4coTE4uzA8U//WhtPwyhiim3eyjEMFCnUpzbrkK9wJHgKDT2mR+HbtSrd/NubVaYTOpSpjUl8NQeRg==
    dependencies:
      lilconfig "^2.0.5"
      yaml "^1.10.2"
  
  postcss-media-query-parser@^0.2.3:
    version "0.2.3"
    resolved "https://registry.yarnpkg.com/postcss-media-query-parser/-/postcss-media-query-parser-0.2.3.tgz#27b39c6f4d94f81b1a73b8f76351c609e5cef244"
    integrity sha512-3sOlxmbKcSHMjlUXQZKQ06jOswE7oVkXPxmZdoB1r5l0q6gTFTQSHxNxOrCccElbW7dxNytifNEo8qidX2Vsig==
  
  postcss-merge-longhand@^5.1.6:
    version "5.1.6"
    resolved "https://registry.yarnpkg.com/postcss-merge-longhand/-/postcss-merge-longhand-5.1.6.tgz#f378a8a7e55766b7b644f48e5d8c789ed7ed51ce"
    integrity sha512-6C/UGF/3T5OE2CEbOuX7iNO63dnvqhGZeUnKkDeifebY0XqkkvrctYSZurpNE902LDf2yKwwPFgotnfSoPhQiw==
    dependencies:
      postcss-value-parser "^4.2.0"
      stylehacks "^5.1.0"
  
  postcss-merge-rules@^5.1.2:
    version "5.1.2"
    resolved "https://registry.yarnpkg.com/postcss-merge-rules/-/postcss-merge-rules-5.1.2.tgz#7049a14d4211045412116d79b751def4484473a5"
    integrity sha512-zKMUlnw+zYCWoPN6yhPjtcEdlJaMUZ0WyVcxTAmw3lkkN/NDMRkOkiuctQEoWAOvH7twaxUUdvBWl0d4+hifRQ==
    dependencies:
      browserslist "^4.16.6"
      caniuse-api "^3.0.0"
      cssnano-utils "^3.1.0"
      postcss-selector-parser "^6.0.5"
  
  postcss-minify-font-values@^5.1.0:
    version "5.1.0"
    resolved "https://registry.yarnpkg.com/postcss-minify-font-values/-/postcss-minify-font-values-5.1.0.tgz#f1df0014a726083d260d3bd85d7385fb89d1f01b"
    integrity sha512-el3mYTgx13ZAPPirSVsHqFzl+BBBDrXvbySvPGFnQcTI4iNslrPaFq4muTkLZmKlGk4gyFAYUBMH30+HurREyA==
    dependencies:
      postcss-value-parser "^4.2.0"
  
  postcss-minify-gradients@^5.1.1:
    version "5.1.1"
    resolved "https://registry.yarnpkg.com/postcss-minify-gradients/-/postcss-minify-gradients-5.1.1.tgz#f1fe1b4f498134a5068240c2f25d46fcd236ba2c"
    integrity sha512-VGvXMTpCEo4qHTNSa9A0a3D+dxGFZCYwR6Jokk+/3oB6flu2/PnPXAh2x7x52EkY5xlIHLm+Le8tJxe/7TNhzw==
    dependencies:
      colord "^2.9.1"
      cssnano-utils "^3.1.0"
      postcss-value-parser "^4.2.0"
  
  postcss-minify-params@^5.1.3:
    version "5.1.3"
    resolved "https://registry.yarnpkg.com/postcss-minify-params/-/postcss-minify-params-5.1.3.tgz#ac41a6465be2db735099bbd1798d85079a6dc1f9"
    integrity sha512-bkzpWcjykkqIujNL+EVEPOlLYi/eZ050oImVtHU7b4lFS82jPnsCb44gvC6pxaNt38Els3jWYDHTjHKf0koTgg==
    dependencies:
      browserslist "^4.16.6"
      cssnano-utils "^3.1.0"
      postcss-value-parser "^4.2.0"
  
  postcss-minify-selectors@^5.2.1:
    version "5.2.1"
    resolved "https://registry.yarnpkg.com/postcss-minify-selectors/-/postcss-minify-selectors-5.2.1.tgz#d4e7e6b46147b8117ea9325a915a801d5fe656c6"
    integrity sha512-nPJu7OjZJTsVUmPdm2TcaiohIwxP+v8ha9NehQ2ye9szv4orirRU3SDdtUmKH+10nzn0bAyOXZ0UEr7OpvLehg==
    dependencies:
      postcss-selector-parser "^6.0.5"
  
  postcss-nested@5.0.6:
    version "5.0.6"
    resolved "https://registry.yarnpkg.com/postcss-nested/-/postcss-nested-5.0.6.tgz#466343f7fc8d3d46af3e7dba3fcd47d052a945bc"
    integrity sha512-rKqm2Fk0KbA8Vt3AdGN0FB9OBOMDVajMG6ZCf/GoHgdxUJ4sBFp0A/uMIRm+MJUdo33YXEtjqIz8u7DAp8B7DA==
    dependencies:
      postcss-selector-parser "^6.0.6"
  
  postcss-normalize-charset@^5.1.0:
    version "5.1.0"
    resolved "https://registry.yarnpkg.com/postcss-normalize-charset/-/postcss-normalize-charset-5.1.0.tgz#9302de0b29094b52c259e9b2cf8dc0879879f0ed"
    integrity sha512-mSgUJ+pd/ldRGVx26p2wz9dNZ7ji6Pn8VWBajMXFf8jk7vUoSrZ2lt/wZR7DtlZYKesmZI680qjr2CeFF2fbUg==
  
  postcss-normalize-display-values@^5.1.0:
    version "5.1.0"
    resolved "https://registry.yarnpkg.com/postcss-normalize-display-values/-/postcss-normalize-display-values-5.1.0.tgz#72abbae58081960e9edd7200fcf21ab8325c3da8"
    integrity sha512-WP4KIM4o2dazQXWmFaqMmcvsKmhdINFblgSeRgn8BJ6vxaMyaJkwAzpPpuvSIoG/rmX3M+IrRZEz2H0glrQNEA==
    dependencies:
      postcss-value-parser "^4.2.0"
  
  postcss-normalize-positions@^5.1.1:
    version "5.1.1"
    resolved "https://registry.yarnpkg.com/postcss-normalize-positions/-/postcss-normalize-positions-5.1.1.tgz#ef97279d894087b59325b45c47f1e863daefbb92"
    integrity sha512-6UpCb0G4eofTCQLFVuI3EVNZzBNPiIKcA1AKVka+31fTVySphr3VUgAIULBhxZkKgwLImhzMR2Bw1ORK+37INg==
    dependencies:
      postcss-value-parser "^4.2.0"
  
  postcss-normalize-repeat-style@^5.1.1:
    version "5.1.1"
    resolved "https://registry.yarnpkg.com/postcss-normalize-repeat-style/-/postcss-normalize-repeat-style-5.1.1.tgz#e9eb96805204f4766df66fd09ed2e13545420fb2"
    integrity sha512-mFpLspGWkQtBcWIRFLmewo8aC3ImN2i/J3v8YCFUwDnPu3Xz4rLohDO26lGjwNsQxB3YF0KKRwspGzE2JEuS0g==
    dependencies:
      postcss-value-parser "^4.2.0"
  
  postcss-normalize-string@^5.1.0:
    version "5.1.0"
    resolved "https://registry.yarnpkg.com/postcss-normalize-string/-/postcss-normalize-string-5.1.0.tgz#411961169e07308c82c1f8c55f3e8a337757e228"
    integrity sha512-oYiIJOf4T9T1N4i+abeIc7Vgm/xPCGih4bZz5Nm0/ARVJ7K6xrDlLwvwqOydvyL3RHNf8qZk6vo3aatiw/go3w==
    dependencies:
      postcss-value-parser "^4.2.0"
  
  postcss-normalize-timing-functions@^5.1.0:
    version "5.1.0"
    resolved "https://registry.yarnpkg.com/postcss-normalize-timing-functions/-/postcss-normalize-timing-functions-5.1.0.tgz#d5614410f8f0b2388e9f240aa6011ba6f52dafbb"
    integrity sha512-DOEkzJ4SAXv5xkHl0Wa9cZLF3WCBhF3o1SKVxKQAa+0pYKlueTpCgvkFAHfk+Y64ezX9+nITGrDZeVGgITJXjg==
    dependencies:
      postcss-value-parser "^4.2.0"
  
  postcss-normalize-unicode@^5.1.0:
    version "5.1.0"
    resolved "https://registry.yarnpkg.com/postcss-normalize-unicode/-/postcss-normalize-unicode-5.1.0.tgz#3d23aede35e160089a285e27bf715de11dc9db75"
    integrity sha512-J6M3MizAAZ2dOdSjy2caayJLQT8E8K9XjLce8AUQMwOrCvjCHv24aLC/Lps1R1ylOfol5VIDMaM/Lo9NGlk1SQ==
    dependencies:
      browserslist "^4.16.6"
      postcss-value-parser "^4.2.0"
  
  postcss-normalize-url@^5.1.0:
    version "5.1.0"
    resolved "https://registry.yarnpkg.com/postcss-normalize-url/-/postcss-normalize-url-5.1.0.tgz#ed9d88ca82e21abef99f743457d3729a042adcdc"
    integrity sha512-5upGeDO+PVthOxSmds43ZeMeZfKH+/DKgGRD7TElkkyS46JXAUhMzIKiCa7BabPeIy3AQcTkXwVVN7DbqsiCew==
    dependencies:
      normalize-url "^6.0.1"
      postcss-value-parser "^4.2.0"
  
  postcss-normalize-whitespace@^5.1.1:
    version "5.1.1"
    resolved "https://registry.yarnpkg.com/postcss-normalize-whitespace/-/postcss-normalize-whitespace-5.1.1.tgz#08a1a0d1ffa17a7cc6efe1e6c9da969cc4493cfa"
    integrity sha512-83ZJ4t3NUDETIHTa3uEg6asWjSBYL5EdkVB0sDncx9ERzOKBVJIUeDO9RyA9Zwtig8El1d79HBp0JEi8wvGQnA==
    dependencies:
      postcss-value-parser "^4.2.0"
  
  postcss-ordered-values@^5.1.3:
    version "5.1.3"
    resolved "https://registry.yarnpkg.com/postcss-ordered-values/-/postcss-ordered-values-5.1.3.tgz#b6fd2bd10f937b23d86bc829c69e7732ce76ea38"
    integrity sha512-9UO79VUhPwEkzbb3RNpqqghc6lcYej1aveQteWY+4POIwlqkYE21HKWaLDF6lWNuqCobEAyTovVhtI32Rbv2RQ==
    dependencies:
      cssnano-utils "^3.1.0"
      postcss-value-parser "^4.2.0"
  
  postcss-reduce-initial@^5.1.0:
    version "5.1.0"
    resolved "https://registry.yarnpkg.com/postcss-reduce-initial/-/postcss-reduce-initial-5.1.0.tgz#fc31659ea6e85c492fb2a7b545370c215822c5d6"
    integrity sha512-5OgTUviz0aeH6MtBjHfbr57tml13PuedK/Ecg8szzd4XRMbYxH4572JFG067z+FqBIf6Zp/d+0581glkvvWMFw==
    dependencies:
      browserslist "^4.16.6"
      caniuse-api "^3.0.0"
  
  postcss-reduce-transforms@^5.1.0:
    version "5.1.0"
    resolved "https://registry.yarnpkg.com/postcss-reduce-transforms/-/postcss-reduce-transforms-5.1.0.tgz#333b70e7758b802f3dd0ddfe98bb1ccfef96b6e9"
    integrity sha512-2fbdbmgir5AvpW9RLtdONx1QoYG2/EtqpNQbFASDlixBbAYuTcJ0dECwlqNqH7VbaUnEnh8SrxOe2sRIn24XyQ==
    dependencies:
      postcss-value-parser "^4.2.0"
  
  postcss-resolve-nested-selector@^0.1.1:
    version "0.1.1"
    resolved "https://registry.yarnpkg.com/postcss-resolve-nested-selector/-/postcss-resolve-nested-selector-0.1.1.tgz#29ccbc7c37dedfac304e9fff0bf1596b3f6a0e4e"
    integrity sha512-HvExULSwLqHLgUy1rl3ANIqCsvMS0WHss2UOsXhXnQaZ9VCc2oBvIpXrl00IUFT5ZDITME0o6oiXeiHr2SAIfw==
  
  postcss-safe-parser@^4.0.2:
    version "4.0.2"
    resolved "https://registry.yarnpkg.com/postcss-safe-parser/-/postcss-safe-parser-4.0.2.tgz#a6d4e48f0f37d9f7c11b2a581bf00f8ba4870b96"
    integrity sha512-Uw6ekxSWNLCPesSv/cmqf2bY/77z11O7jZGPax3ycZMFU/oi2DMH9i89AdHc1tRwFg/arFoEwX0IS3LCUxJh1g==
    dependencies:
      postcss "^7.0.26"
  
  postcss-safe-parser@^6.0.0:
    version "6.0.0"
    resolved "https://registry.yarnpkg.com/postcss-safe-parser/-/postcss-safe-parser-6.0.0.tgz#bb4c29894171a94bc5c996b9a30317ef402adaa1"
    integrity sha512-FARHN8pwH+WiS2OPCxJI8FuRJpTVnn6ZNFiqAM2aeW2LwTHWWmWgIyKC6cUo0L8aeKiF/14MNvnpls6R2PBeMQ==
  
  postcss-sass@^0.4.4:
    version "0.4.4"
    resolved "https://registry.yarnpkg.com/postcss-sass/-/postcss-sass-0.4.4.tgz#91f0f3447b45ce373227a98b61f8d8f0785285a3"
    integrity sha512-BYxnVYx4mQooOhr+zer0qWbSPYnarAy8ZT7hAQtbxtgVf8gy+LSLT/hHGe35h14/pZDTw1DsxdbrwxBN++H+fg==
    dependencies:
      gonzales-pe "^4.3.0"
      postcss "^7.0.21"
  
  postcss-sass@^0.5.0:
    version "0.5.0"
    resolved "https://registry.yarnpkg.com/postcss-sass/-/postcss-sass-0.5.0.tgz#a599717eef90165d267e6a974c66c2ed15376b77"
    integrity sha512-qtu8awh1NMF3o9j/x9j3EZnd+BlF66X6NZYl12BdKoG2Z4hmydOt/dZj2Nq+g0kfk2pQy3jeYFBmvG9DBwynGQ==
    dependencies:
      gonzales-pe "^4.3.0"
      postcss "^8.2.14"
  
  postcss-scss@^2.1.1:
    version "2.1.1"
    resolved "https://registry.yarnpkg.com/postcss-scss/-/postcss-scss-2.1.1.tgz#ec3a75fa29a55e016b90bf3269026c53c1d2b383"
    integrity sha512-jQmGnj0hSGLd9RscFw9LyuSVAa5Bl1/KBPqG1NQw9w8ND55nY4ZEsdlVuYJvLPpV+y0nwTV5v/4rHPzZRihQbA==
    dependencies:
      postcss "^7.0.6"
  
  postcss-scss@^4.0.4:
    version "4.0.4"
    resolved "https://registry.yarnpkg.com/postcss-scss/-/postcss-scss-4.0.4.tgz#aa8f60e19ee18259bc193db9e4b96edfce3f3b1f"
    integrity sha512-aBBbVyzA8b3hUL0MGrpydxxXKXFZc5Eqva0Q3V9qsBOLEMsjb6w49WfpsoWzpEgcqJGW4t7Rio8WXVU9Gd8vWg==
  
  postcss-selector-parser@^6.0.10, postcss-selector-parser@^6.0.4, postcss-selector-parser@^6.0.5, postcss-selector-parser@^6.0.6, postcss-selector-parser@^6.0.8, postcss-selector-parser@^6.0.9:
    version "6.0.10"
    resolved "https://registry.yarnpkg.com/postcss-selector-parser/-/postcss-selector-parser-6.0.10.tgz#79b61e2c0d1bfc2602d549e11d0876256f8df88d"
    integrity sha512-IQ7TZdoaqbT+LCpShg46jnZVlhWD2w6iQYAcYXfHARZ7X1t/UGhhceQDs5X0cGqKvYlHNOuv7Oa1xmb0oQuA3w==
    dependencies:
      cssesc "^3.0.0"
      util-deprecate "^1.0.2"
  
  postcss-svgo@^5.1.0:
    version "5.1.0"
    resolved "https://registry.yarnpkg.com/postcss-svgo/-/postcss-svgo-5.1.0.tgz#0a317400ced789f233a28826e77523f15857d80d"
    integrity sha512-D75KsH1zm5ZrHyxPakAxJWtkyXew5qwS70v56exwvw542d9CRtTo78K0WeFxZB4G7JXKKMbEZtZayTGdIky/eA==
    dependencies:
      postcss-value-parser "^4.2.0"
      svgo "^2.7.0"
  
  postcss-syntax@^0.36.2:
    version "0.36.2"
    resolved "https://registry.yarnpkg.com/postcss-syntax/-/postcss-syntax-0.36.2.tgz#f08578c7d95834574e5593a82dfbfa8afae3b51c"
    integrity sha512-nBRg/i7E3SOHWxF3PpF5WnJM/jQ1YpY9000OaVXlAQj6Zp/kIqJxEDWIZ67tAd7NLuk7zqN4yqe9nc0oNAOs1w==
  
  postcss-unique-selectors@^5.1.1:
    version "5.1.1"
    resolved "https://registry.yarnpkg.com/postcss-unique-selectors/-/postcss-unique-selectors-5.1.1.tgz#a9f273d1eacd09e9aa6088f4b0507b18b1b541b6"
    integrity sha512-5JiODlELrz8L2HwxfPnhOWZYWDxVHWL83ufOv84NrcgipI7TaeRsatAhK4Tr2/ZiYldpK/wBvw5BD3qfaK96GA==
    dependencies:
      postcss-selector-parser "^6.0.5"
  
  postcss-value-parser@^4.0.0, postcss-value-parser@^4.1.0, postcss-value-parser@^4.2.0:
    version "4.2.0"
    resolved "https://registry.yarnpkg.com/postcss-value-parser/-/postcss-value-parser-4.2.0.tgz#723c09920836ba6d3e5af019f92bc0971c02e514"
    integrity sha512-1NNCs6uurfkVbeXG4S8JFT9t19m45ICnif8zWLd5oPSZ50QnwMfK+H3jv408d4jw/7Bttv5axS5IiHoLaVNHeQ==
  
  postcss@8.4.5:
    version "8.4.5"
    resolved "https://registry.yarnpkg.com/postcss/-/postcss-8.4.5.tgz#bae665764dfd4c6fcc24dc0fdf7e7aa00cc77f95"
    integrity sha512-jBDboWM8qpaqwkMwItqTQTiFikhs/67OYVvblFFTM7MrZjt6yMKd6r2kgXizEbTTljacm4NldIlZnhbjr84QYg==
    dependencies:
      nanoid "^3.1.30"
      picocolors "^1.0.0"
      source-map-js "^1.0.1"
  
  postcss@^7.0.14, postcss@^7.0.2, postcss@^7.0.21, postcss@^7.0.26, postcss@^7.0.32, postcss@^7.0.35, postcss@^7.0.6:
    version "7.0.39"
    resolved "https://registry.yarnpkg.com/postcss/-/postcss-7.0.39.tgz#9624375d965630e2e1f2c02a935c82a59cb48309"
    integrity sha512-yioayjNbHn6z1/Bywyb2Y4s3yvDAeXGOyxqD+LnVOinq6Mdmd++SW2wUNVzavyyHxd6+DxzWGIuosg6P1Rj8uA==
    dependencies:
      picocolors "^0.2.1"
      source-map "^0.6.1"
  
  postcss@^8.2.14, postcss@^8.4.13, postcss@^8.4.14, postcss@^8.4.16:
    version "8.4.16"
    resolved "https://registry.yarnpkg.com/postcss/-/postcss-8.4.16.tgz#33a1d675fac39941f5f445db0de4db2b6e01d43c"
    integrity sha512-ipHE1XBvKzm5xI7hiHCZJCSugxvsdq2mPnsq5+UF+VHCjiBvtDrlxJfMBToWaP9D5XlgNmcFGqoHmUn0EYEaRQ==
    dependencies:
      nanoid "^3.3.4"
      picocolors "^1.0.0"
      source-map-js "^1.0.2"
  
  prelude-ls@^1.2.1:
    version "1.2.1"
    resolved "https://registry.yarnpkg.com/prelude-ls/-/prelude-ls-1.2.1.tgz#debc6489d7a6e6b0e7611888cec880337d316396"
    integrity sha512-vkcDPrRZo1QZLbn5RLGPpg/WmIQ65qoWWhcGKf/b5eplkkarX0m9z8ppCat4mlOqUsWpyNuYgO3VRyrYHSzX5g==
  
  prelude-ls@~1.1.2:
    version "1.1.2"
    resolved "https://registry.yarnpkg.com/prelude-ls/-/prelude-ls-1.1.2.tgz#21932a549f5e52ffd9a827f570e04be62a97da54"
    integrity sha512-ESF23V4SKG6lVSGZgYNpbsiaAkdab6ZgOxe52p7+Kid3W3u3bxR4Vfd/o21dmN7jSt0IwgZ4v5MUd26FEtXE9w==
  
  prepend-http@^2.0.0:
    version "2.0.0"
    resolved "https://registry.yarnpkg.com/prepend-http/-/prepend-http-2.0.0.tgz#e92434bfa5ea8c19f41cdfd401d741a3c819d897"
    integrity sha512-ravE6m9Atw9Z/jjttRUZ+clIXogdghyZAuWJ3qEzjT+jI/dL1ifAqhZeC5VHzQp1MSt1+jxKkFNemj/iO7tVUA==
  
  prettier@2.3.1:
    version "2.3.1"
    resolved "https://registry.yarnpkg.com/prettier/-/prettier-2.3.1.tgz#76903c3f8c4449bc9ac597acefa24dc5ad4cbea6"
    integrity sha512-p+vNbgpLjif/+D+DwAZAbndtRrR0md0MwfmOVN9N+2RgyACMT+7tfaRnT+WDPkqnuVwleyuBIG2XBxKDme3hPA==
  
  prism-theme-vars@0.2.2:
    version "0.2.2"
    resolved "https://registry.yarnpkg.com/prism-theme-vars/-/prism-theme-vars-0.2.2.tgz#a4c8dd0bfdb76c9b50a6ad8cd99a9ebe7a921a64"
    integrity sha512-EL9ifuU/F8tEldoCa2sspiiLWysCL54xDbf2gN/ubwdtbuJROqOGopG5kSwunapwaioT+jLUQ/Ky+7jnv62xJA==
  
  prismjs@1.23.0:
    version "1.23.0"
    resolved "https://registry.yarnpkg.com/prismjs/-/prismjs-1.23.0.tgz#d3b3967f7d72440690497652a9d40ff046067f33"
    integrity sha512-c29LVsqOaLbBHuIbsTxaKENh1N2EQBOHaWv7gkHN4dgRbxSREqDnDbtFJYdpPauS4YCplMSNCABQ6Eeor69bAA==
    optionalDependencies:
      clipboard "^2.0.0"
  
  proc-log@^2.0.0, proc-log@^2.0.1:
    version "2.0.1"
    resolved "https://registry.yarnpkg.com/proc-log/-/proc-log-2.0.1.tgz#8f3f69a1f608de27878f91f5c688b225391cb685"
    integrity sha512-Kcmo2FhfDTXdcbfDH76N7uBYHINxc/8GW7UAVuVP9I+Va3uHSerrnKV6dLooga/gh7GlgzuCCr/eoldnL1muGw==
  
  progress@2.0.3, progress@^2.0.0:
    version "2.0.3"
    resolved "https://registry.yarnpkg.com/progress/-/progress-2.0.3.tgz#7e8cf8d8f5b8f239c1bc68beb4eb78567d572ef8"
    integrity sha512-7PiHtLll5LdnKIMw100I+8xJXR5gW2QwWYkT6iJva0bXitZKa/XMrSbdmg3r2Xnaidz9Qumd0VPaMrZlF9V9sA==
  
  promise-inflight@^1.0.1:
    version "1.0.1"
    resolved "https://registry.yarnpkg.com/promise-inflight/-/promise-inflight-1.0.1.tgz#98472870bf228132fcbdd868129bad12c3c029e3"
    integrity sha512-6zWPyEOFaQBJYcGMHBKTKJ3u6TBsnMFOIZSa6ce1e/ZrrsOlnHRHbabMjLiBYKp+n44X9eUI6VUPaukCXHuG4g==
  
  promise-retry@^2.0.1:
    version "2.0.1"
    resolved "https://registry.yarnpkg.com/promise-retry/-/promise-retry-2.0.1.tgz#ff747a13620ab57ba688f5fc67855410c370da22"
    integrity sha512-y+WKFlBR8BGXnsNlIHFGPZmyDf3DFMoLhaflAnyZgV6rG6xu+JwesTo2Q9R6XwYmtmwAFCkAk3e35jEdoeh/3g==
    dependencies:
      err-code "^2.0.2"
      retry "^0.12.0"
  
  proxy-agent@^5.0.0:
    version "5.0.0"
    resolved "https://registry.yarnpkg.com/proxy-agent/-/proxy-agent-5.0.0.tgz#d31405c10d6e8431fde96cba7a0c027ce01d633b"
    integrity sha512-gkH7BkvLVkSfX9Dk27W6TyNOWWZWRilRfk1XxGNWOYJ2TuedAv1yFpCaU9QSBmBe716XOTNpYNOzhysyw8xn7g==
    dependencies:
      agent-base "^6.0.0"
      debug "4"
      http-proxy-agent "^4.0.0"
      https-proxy-agent "^5.0.0"
      lru-cache "^5.1.1"
      pac-proxy-agent "^5.0.0"
      proxy-from-env "^1.0.0"
      socks-proxy-agent "^5.0.0"
  
  proxy-from-env@1.1.0, proxy-from-env@^1.0.0:
    version "1.1.0"
    resolved "https://registry.yarnpkg.com/proxy-from-env/-/proxy-from-env-1.1.0.tgz#e102f16ca355424865755d2c9e8ea4f24d58c3e2"
    integrity sha512-D+zkORCbA9f1tdWRK0RaCR3GPv50cMxcrz4X8k5LTSUD1Dkw47mKJEZQNunItRTkWwgtaUSo1RVFRIG9ZXiFYg==
  
  pseudomap@^1.0.2:
    version "1.0.2"
    resolved "https://registry.yarnpkg.com/pseudomap/-/pseudomap-1.0.2.tgz#f052a28da70e618917ef0a8ac34c1ae5a68286b3"
    integrity sha512-b/YwNhb8lk1Zz2+bXXpS/LK9OisiZZ1SNsSLxN1x2OXVEhW2Ckr/7mWE5vrC1ZTiJlD9g19jWszTmJsB+oEpFQ==
  
  psl@^1.1.28, psl@^1.1.33:
    version "1.9.0"
    resolved "https://registry.yarnpkg.com/psl/-/psl-1.9.0.tgz#d0df2a137f00794565fcaf3b2c00cd09f8d5a5a7"
    integrity sha512-E/ZsdU4HLs/68gYzgGTkMicWTLPdAftJLfJFlLUAAKZGkStNU72sZjT66SnMDVOfOWY/YAoiD7Jxa9iHvngcag==
  
  pump@^3.0.0:
    version "3.0.0"
    resolved "https://registry.yarnpkg.com/pump/-/pump-3.0.0.tgz#b4a2116815bde2f4e1ea602354e8c75565107a64"
    integrity sha512-LwZy+p3SFs1Pytd/jYct4wpv49HiYCqd9Rlc5ZVdk0V+8Yzv6jR5Blk3TRmPL1ft69TxP0IMZGJ+WPFU2BFhww==
    dependencies:
      end-of-stream "^1.1.0"
      once "^1.3.1"
  
  punycode@^2.1.0, punycode@^2.1.1:
    version "2.1.1"
    resolved "https://registry.yarnpkg.com/punycode/-/punycode-2.1.1.tgz#b58b010ac40c22c5657616c8d2c2c02c7bf479ec"
    integrity sha512-XRsRjdf+j5ml+y/6GKHPZbrF/8p2Yga0JPtdqTIY2Xe5ohJPD9saDJJLPvp9+NSBprVvevdXZybnj2cv8OEd0A==
  
  pupa@^2.1.1:
    version "2.1.1"
    resolved "https://registry.yarnpkg.com/pupa/-/pupa-2.1.1.tgz#f5e8fd4afc2c5d97828faa523549ed8744a20d62"
    integrity sha512-l1jNAspIBSFqbT+y+5FosojNpVpF94nlI+wDUpqP9enwOTfHx9f0gh5nB96vl+6yTpsJsypeNrwfzPrKuHB41A==
    dependencies:
      escape-goat "^2.0.0"
  
  puppeteer-core@^13.0.1:
    version "13.7.0"
    resolved "https://registry.yarnpkg.com/puppeteer-core/-/puppeteer-core-13.7.0.tgz#3344bee3994163f49120a55ddcd144a40575ba5b"
    integrity sha512-rXja4vcnAzFAP1OVLq/5dWNfwBGuzcOARJ6qGV7oAZhnLmVRU8G5MsdeQEAOy332ZhkIOnn9jp15R89LKHyp2Q==
    dependencies:
      cross-fetch "3.1.5"
      debug "4.3.4"
      devtools-protocol "0.0.981744"
      extract-zip "2.0.1"
      https-proxy-agent "5.0.1"
      pkg-dir "4.2.0"
      progress "2.0.3"
      proxy-from-env "1.1.0"
      rimraf "3.0.2"
      tar-fs "2.1.1"
      unbzip2-stream "1.4.3"
      ws "8.5.0"
  
  q@^1.5.1:
    version "1.5.1"
    resolved "https://registry.yarnpkg.com/q/-/q-1.5.1.tgz#7e32f75b41381291d04611f1bf14109ac00651d7"
    integrity sha512-kV/CThkXo6xyFEZUugw/+pIOywXcDbFYgSct5cT3gqlbkBE1SJdwy6UQoZvodiWF/ckQLZyDE/Bu1M6gVu5lVw==
  
  qs@~6.5.2:
    version "6.5.3"
    resolved "https://registry.yarnpkg.com/qs/-/qs-6.5.3.tgz#3aeeffc91967ef6e35c0e488ef46fb296ab76aad"
    integrity sha512-qxXIEh4pCGfHICj1mAJQ2/2XVZkjCDTcEgfoSQxc/fYivUZxTkk7L3bDBJSoNrEzXI17oUO5Dp07ktqE5KzczA==
  
  querystringify@^2.1.1:
    version "2.2.0"
    resolved "https://registry.yarnpkg.com/querystringify/-/querystringify-2.2.0.tgz#3345941b4153cb9d082d8eee4cda2016a9aef7f6"
    integrity sha512-FIqgj2EUvTa7R50u0rGsyTftzjYmv/a3hO345bZNrqabNqjtgiDMgmo4mkUjd+nzU5oF3dClKqFIPUKybUyqoQ==
  
  queue-microtask@^1.2.2:
    version "1.2.3"
    resolved "https://registry.yarnpkg.com/queue-microtask/-/queue-microtask-1.2.3.tgz#4929228bbc724dfac43e0efb058caf7b6cfb6243"
    integrity sha512-NuaNSa6flKT5JaSYQzJok04JzTL1CA6aGhv5rfLW3PgqA+M2ChpZQnAC8h8i4ZFkBS8X5RqkDBHA7r4hej3K9A==
  
  queue@6.0.2:
    version "6.0.2"
    resolved "https://registry.yarnpkg.com/queue/-/queue-6.0.2.tgz#b91525283e2315c7553d2efa18d83e76432fed65"
    integrity sha512-iHZWu+q3IdFZFX36ro/lKBkSvfkztY5Y7HMiPlOUjhupPcG2JMfst2KKEpu5XndviX/3UhFbRngUPNKtgvtZiA==
    dependencies:
      inherits "~2.0.3"
  
  quick-lru@^4.0.1:
    version "4.0.1"
    resolved "https://registry.yarnpkg.com/quick-lru/-/quick-lru-4.0.1.tgz#5b8878f113a58217848c6482026c73e1ba57727f"
    integrity sha512-ARhCpm70fzdcvNQfPoy49IaanKkTlRWF2JMzqhcJbhSFRZv7nPTvZJdcY7301IPmvW+/p0RgIWnQDLJxifsQ7g==
  
  quick-lru@^5.1.1:
    version "5.1.1"
    resolved "https://registry.yarnpkg.com/quick-lru/-/quick-lru-5.1.1.tgz#366493e6b3e42a3a6885e2e99d18f80fb7a8c932"
    integrity sha512-WuyALRjWPDGtt/wzJiadO5AXY+8hZ80hVpe6MyivgraREW751X3SbhRvG3eLKOYN+8VEvqLcf3wdnt44Z4S4SA==
  
  raw-body@^2.2.0:
    version "2.5.1"
    resolved "https://registry.yarnpkg.com/raw-body/-/raw-body-2.5.1.tgz#fe1b1628b181b700215e5fd42389f98b71392857"
    integrity sha512-qqJBtEyVgS0ZmPGdCFPWJ3FreoqvG4MVQln/kCgF7Olq95IbOp0/BWyMwbdtn4VTvkM8Y7khCQ2Xgk/tcrCXig==
    dependencies:
      bytes "3.1.2"
      http-errors "2.0.0"
      iconv-lite "0.4.24"
      unpipe "1.0.0"
  
  rc@1.2.8, rc@^1.2.8:
    version "1.2.8"
    resolved "https://registry.yarnpkg.com/rc/-/rc-1.2.8.tgz#cd924bf5200a075b83c188cd6b9e211b7fc0d3ed"
    integrity sha512-y3bGgqKj3QBdxLbLkomlohkvsA8gdAiUQlSBJnBhfn+BPxg4bc62d8TcBW15wavDfgexCgccckhcZvywyQYPOw==
    dependencies:
      deep-extend "^0.6.0"
      ini "~1.3.0"
      minimist "^1.2.0"
      strip-json-comments "~2.0.1"
  
  read-cache@^1.0.0:
    version "1.0.0"
    resolved "https://registry.yarnpkg.com/read-cache/-/read-cache-1.0.0.tgz#e664ef31161166c9751cdbe8dbcf86b5fb58f774"
    integrity sha512-Owdv/Ft7IjOgm/i0xvNDZ1LrRANRfew4b2prF3OWMQLxLfu3bS8FVhCsrSCMK4lR56Y9ya+AThoTpDCTxCmpRA==
    dependencies:
      pify "^2.3.0"
  
  read-pkg-up@^7.0.1:
    version "7.0.1"
    resolved "https://registry.yarnpkg.com/read-pkg-up/-/read-pkg-up-7.0.1.tgz#f3a6135758459733ae2b95638056e1854e7ef507"
    integrity sha512-zK0TB7Xd6JpCLmlLmufqykGE+/TlOePD6qKClNW7hHDKFh/J7/7gCWGR7joEQEW1bKq3a3yUZSObOoWLFQ4ohg==
    dependencies:
      find-up "^4.1.0"
      read-pkg "^5.2.0"
      type-fest "^0.8.1"
  
  read-pkg@^3.0.0:
    version "3.0.0"
    resolved "https://registry.yarnpkg.com/read-pkg/-/read-pkg-3.0.0.tgz#9cbc686978fee65d16c00e2b19c237fcf6e38389"
    integrity sha512-BLq/cCO9two+lBgiTYNqD6GdtK8s4NpaWrl6/rCO9w0TUS8oJl7cmToOZfRYllKTISY6nt1U7jQ53brmKqY6BA==
    dependencies:
      load-json-file "^4.0.0"
      normalize-package-data "^2.3.2"
      path-type "^3.0.0"
  
  read-pkg@^5.2.0:
    version "5.2.0"
    resolved "https://registry.yarnpkg.com/read-pkg/-/read-pkg-5.2.0.tgz#7bf295438ca5a33e56cd30e053b34ee7250c93cc"
    integrity sha512-Ug69mNOpfvKDAc2Q8DRpMjjzdtrnv9HcSMX+4VsZxD1aZ6ZzrIE7rlzXBtWTyhULSMKg076AW6WR5iZpD0JiOg==
    dependencies:
      "@types/normalize-package-data" "^2.4.0"
      normalize-package-data "^2.5.0"
      parse-json "^5.0.0"
      type-fest "^0.6.0"
  
  readable-stream@1.1.x:
    version "1.1.14"
    resolved "https://registry.yarnpkg.com/readable-stream/-/readable-stream-1.1.14.tgz#7cf4c54ef648e3813084c636dd2079e166c081d9"
    integrity sha512-+MeVjFf4L44XUkhM1eYbD8fyEsxcV81pqMSR5gblfcLCHfZvbrqy4/qYHE+/R5HoBUT11WV5O08Cr1n3YXkWVQ==
    dependencies:
      core-util-is "~1.0.0"
      inherits "~2.0.1"
      isarray "0.0.1"
      string_decoder "~0.10.x"
  
  readable-stream@^3.1.1, readable-stream@^3.4.0, readable-stream@^3.6.0:
    version "3.6.0"
    resolved "https://registry.yarnpkg.com/readable-stream/-/readable-stream-3.6.0.tgz#337bbda3adc0706bd3e024426a286d4b4b2c9198"
    integrity sha512-BViHy7LKeTz4oNnkcLJ+lVSL6vpiFeX6/d3oSH8zCW7UxP2onchk+vTGB143xuFjHS3deTgkKoXXymXqymiIdA==
    dependencies:
      inherits "^2.0.3"
      string_decoder "^1.1.1"
      util-deprecate "^1.0.1"
  
  readable-web-to-node-stream@^3.0.0:
    version "3.0.2"
    resolved "https://registry.yarnpkg.com/readable-web-to-node-stream/-/readable-web-to-node-stream-3.0.2.tgz#5d52bb5df7b54861fd48d015e93a2cb87b3ee0bb"
    integrity sha512-ePeK6cc1EcKLEhJFt/AebMCLL+GgSKhuygrZ/GLaKZYEecIgIECf4UaUuaByiGtzckwR4ain9VzUh95T1exYGw==
    dependencies:
      readable-stream "^3.6.0"
  
  readdirp@~3.6.0:
    version "3.6.0"
    resolved "https://registry.yarnpkg.com/readdirp/-/readdirp-3.6.0.tgz#74a370bd857116e245b29cc97340cd431a02a6c7"
    integrity sha512-hOS089on8RduqdbhvQ5Z37A0ESjsqz6qnRcffsMU3495FuTdqSm+7bhJ29JvIOsBDEEnan5DPu9t3To9VRlMzA==
    dependencies:
      picomatch "^2.2.1"
  
  redent@^3.0.0:
    version "3.0.0"
    resolved "https://registry.yarnpkg.com/redent/-/redent-3.0.0.tgz#e557b7998316bb53c9f1f56fa626352c6963059f"
    integrity sha512-6tDA8g98We0zd0GvVeMT9arEOnTw9qM03L9cJXaCjrip1OO764RDBLBfrB4cwzNGDj5OA5ioymC9GkizgWJDUg==
    dependencies:
      indent-string "^4.0.0"
      strip-indent "^3.0.0"
  
  regexp.prototype.flags@^1.4.3:
    version "1.4.3"
    resolved "https://registry.yarnpkg.com/regexp.prototype.flags/-/regexp.prototype.flags-1.4.3.tgz#87cab30f80f66660181a3bb7bf5981a872b367ac"
    integrity sha512-fjggEOO3slI6Wvgjwflkc4NFRCTZAu5CnNfBd5qOMYhWdn67nJBBu34/TkD++eeFmd8C9r9jfXJ27+nSiRkSUA==
    dependencies:
      call-bind "^1.0.2"
      define-properties "^1.1.3"
      functions-have-names "^1.2.2"
  
  regexpp@^3.1.0:
    version "3.2.0"
    resolved "https://registry.yarnpkg.com/regexpp/-/regexpp-3.2.0.tgz#0425a2768d8f23bad70ca4b90461fa2f1213e1b2"
    integrity sha512-pq2bWo9mVD43nbts2wGv17XLiNLya+GklZ8kaDLV2Z08gDCsGpnKn9BFMepvWuHCbyVvY7J5o5+BVvoQbmlJLg==
  
  registry-auth-token@^4.0.0:
    version "4.2.2"
    resolved "https://registry.yarnpkg.com/registry-auth-token/-/registry-auth-token-4.2.2.tgz#f02d49c3668884612ca031419491a13539e21fac"
    integrity sha512-PC5ZysNb42zpFME6D/XlIgtNGdTl8bBOCw90xQLVMpzuuubJKYDWFAEuUNc+Cn8Z8724tg2SDhDRrkVEsqfDMg==
    dependencies:
      rc "1.2.8"
  
  registry-url@^5.0.0:
    version "5.1.0"
    resolved "https://registry.yarnpkg.com/registry-url/-/registry-url-5.1.0.tgz#e98334b50d5434b81136b44ec638d9c2009c5009"
    integrity sha512-8acYXXTI0AkQv6RAOjE3vOaIXZkT9wo4LOFbBKYQEEnnMNBpKqdUrI6S4NT0KPIo/WVvJ5tE/X5LF/TQUf0ekw==
    dependencies:
      rc "^1.2.8"
  
  remark-parse@^9.0.0:
    version "9.0.0"
    resolved "https://registry.yarnpkg.com/remark-parse/-/remark-parse-9.0.0.tgz#4d20a299665880e4f4af5d90b7c7b8a935853640"
    integrity sha512-geKatMwSzEXKHuzBNU1z676sGcDcFoChMK38TgdHJNAYfFtsfHDQG7MoJAjs6sgYMqyLduCYWDIWZIxiPeafEw==
    dependencies:
      mdast-util-from-markdown "^0.8.0"
  
  remark-stringify@^9.0.0:
    version "9.0.1"
    resolved "https://registry.yarnpkg.com/remark-stringify/-/remark-stringify-9.0.1.tgz#576d06e910548b0a7191a71f27b33f1218862894"
    integrity sha512-mWmNg3ZtESvZS8fv5PTvaPckdL4iNlCHTt8/e/8oN08nArHRHjNZMKzA/YW3+p7/lYqIw4nx1XsjCBo/AxNChg==
    dependencies:
      mdast-util-to-markdown "^0.6.0"
  
  remark@^13.0.0:
    version "13.0.0"
    resolved "https://registry.yarnpkg.com/remark/-/remark-13.0.0.tgz#d15d9bf71a402f40287ebe36067b66d54868e425"
    integrity sha512-HDz1+IKGtOyWN+QgBiAT0kn+2s6ovOxHyPAFGKVE81VSzJ+mq7RwHFledEvB5F1p4iJvOah/LOKdFuzvRnNLCA==
    dependencies:
      remark-parse "^9.0.0"
      remark-stringify "^9.0.0"
      unified "^9.1.0"
  
  repeat-string@^1.0.0:
    version "1.6.1"
    resolved "https://registry.yarnpkg.com/repeat-string/-/repeat-string-1.6.1.tgz#8dcae470e1c88abc2d600fff4a776286da75e637"
    integrity sha512-PV0dzCYDNfRi1jCDbJzpW7jNNDRuCOG/jI5ctQcGKt/clZD+YcPS3yIlWuTJMmESC8aevCFmWJy5wjAFgNqN6w==
  
  request@^2.88.2:
    version "2.88.2"
    resolved "https://registry.yarnpkg.com/request/-/request-2.88.2.tgz#d73c918731cb5a87da047e207234146f664d12b3"
    integrity sha512-MsvtOrfG9ZcrOwAW+Qi+F6HbD0CWXEh9ou77uOb7FM2WPhwT7smM833PzanhJLsgXjN89Ir6V2PczXNnMpwKhw==
    dependencies:
      aws-sign2 "~0.7.0"
      aws4 "^1.8.0"
      caseless "~0.12.0"
      combined-stream "~1.0.6"
      extend "~3.0.2"
      forever-agent "~0.6.1"
      form-data "~2.3.2"
      har-validator "~5.1.3"
      http-signature "~1.2.0"
      is-typedarray "~1.0.0"
      isstream "~0.1.2"
      json-stringify-safe "~5.0.1"
      mime-types "~2.1.19"
      oauth-sign "~0.9.0"
      performance-now "^2.1.0"
      qs "~6.5.2"
      safe-buffer "^5.1.2"
      tough-cookie "~2.5.0"
      tunnel-agent "^0.6.0"
      uuid "^3.3.2"
  
  require-from-string@^2.0.2:
    version "2.0.2"
    resolved "https://registry.yarnpkg.com/require-from-string/-/require-from-string-2.0.2.tgz#89a7fdd938261267318eafe14f9c32e598c36909"
    integrity sha512-Xf0nWe6RseziFMu+Ap9biiUbmplq6S9/p+7w7YXP/JBHhrUDDUhwa+vANyubuqfZWTveU//DYVGsDG7RKL/vEw==
  
  requires-port@^1.0.0:
    version "1.0.0"
    resolved "https://registry.yarnpkg.com/requires-port/-/requires-port-1.0.0.tgz#925d2601d39ac485e091cf0da5c6e694dc3dcaff"
    integrity sha512-KigOCHcocU3XODJxsu8i/j8T9tzT4adHiecwORRQ0ZZFcp7ahwXuRU1m+yuO90C5ZUyGeGfocHDI14M3L3yDAQ==
  
  resolve-alpn@^1.0.0:
    version "1.2.1"
    resolved "https://registry.yarnpkg.com/resolve-alpn/-/resolve-alpn-1.2.1.tgz#b7adbdac3546aaaec20b45e7d8265927072726f9"
    integrity sha512-0a1F4l73/ZFZOakJnQ3FvkJ2+gSTQWz/r2KE5OdDY0TxPm5h4GkqkWWfM47T7HsbnOtcJVEF4epCVy6u7Q3K+g==
  
  resolve-from@^4.0.0:
    version "4.0.0"
    resolved "https://registry.yarnpkg.com/resolve-from/-/resolve-from-4.0.0.tgz#4abcd852ad32dd7baabfe9b40e00a36db5f392e6"
    integrity sha512-pb/MYmXstAkysRFx8piNI1tGFNQIFA3vkE3Gq4EuA1dF6gHp/+vgZqsCGJapvy8N3Q+4o7FwvquPJcnZ7RYy4g==
  
  resolve-from@^5.0.0:
    version "5.0.0"
    resolved "https://registry.yarnpkg.com/resolve-from/-/resolve-from-5.0.0.tgz#c35225843df8f776df21c57557bc087e9dfdfc69"
    integrity sha512-qYg9KP24dD5qka9J47d0aVky0N+b4fTU89LN9iDnjB5waksiC49rvMB0PrUJQGoTmH50XPiqOvAjDfaijGxYZw==
  
  resolve@^1.1.7, resolve@^1.10.0, resolve@^1.22.0, resolve@^1.22.1:
    version "1.22.1"
    resolved "https://registry.yarnpkg.com/resolve/-/resolve-1.22.1.tgz#27cb2ebb53f91abb49470a928bba7558066ac177"
    integrity sha512-nBpuuYuY5jFsli/JIs1oldw6fOQCBioohqWZg/2hiaOybXOft4lonv85uDOKXdf8rhyK159cxU5cDcK/NKk8zw==
    dependencies:
      is-core-module "^2.9.0"
      path-parse "^1.0.7"
      supports-preserve-symlinks-flag "^1.0.0"
  
  responselike@^1.0.2:
    version "1.0.2"
    resolved "https://registry.yarnpkg.com/responselike/-/responselike-1.0.2.tgz#918720ef3b631c5642be068f15ade5a46f4ba1e7"
    integrity sha512-/Fpe5guzJk1gPqdJLJR5u7eG/gNY4nImjbRDaVWVMRhne55TCmj2i9Q+54PBRfatRC8v/rIiv9BN0pMd9OV5EQ==
    dependencies:
      lowercase-keys "^1.0.0"
  
  responselike@^2.0.0:
    version "2.0.1"
    resolved "https://registry.yarnpkg.com/responselike/-/responselike-2.0.1.tgz#9a0bc8fdc252f3fb1cca68b016591059ba1422bc"
    integrity sha512-4gl03wn3hj1HP3yzgdI7d3lCkF95F21Pz4BPGvKHinyQzALR5CapwC8yIi0Rh58DEMQ/SguC03wFj2k0M/mHhw==
    dependencies:
      lowercase-keys "^2.0.0"
  
  restore-cursor@^3.1.0:
    version "3.1.0"
    resolved "https://registry.yarnpkg.com/restore-cursor/-/restore-cursor-3.1.0.tgz#39f67c54b3a7a58cea5236d95cf0034239631f7e"
    integrity sha512-l+sSefzHpj5qimhFSE5a8nufZYAM3sBSVMAPtYkmC+4EH2anSGaEMXSD0izRQbu9nfyQ9y5JrVmp7E8oZrUjvA==
    dependencies:
      onetime "^5.1.0"
      signal-exit "^3.0.2"
  
  retry@^0.12.0:
    version "0.12.0"
    resolved "https://registry.yarnpkg.com/retry/-/retry-0.12.0.tgz#1b42a6266a21f07421d1b0b54b7dc167b01c013b"
    integrity sha512-9LkiTwjUh6rT555DtE9rTX+BKByPfrMzEAtnlEtdEwr3Nkffwiihqe2bWADg+OQRjt9gl6ICdmB/ZFDCGAtSow==
  
  reusify@^1.0.4:
    version "1.0.4"
    resolved "https://registry.yarnpkg.com/reusify/-/reusify-1.0.4.tgz#90da382b1e126efc02146e90845a88db12925d76"
    integrity sha512-U9nH88a3fc/ekCF1l0/UP1IosiuIjyTh7hBvXVMHYgVcfGvt897Xguj2UOLDeI5BG2m7/uwyaLVT6fbtCwTyzw==
  
  rfdc@^1.3.0:
    version "1.3.0"
    resolved "https://registry.yarnpkg.com/rfdc/-/rfdc-1.3.0.tgz#d0b7c441ab2720d05dc4cf26e01c89631d9da08b"
    integrity sha512-V2hovdzFbOi77/WajaSMXk2OLm+xNIeQdMMuB7icj7bk6zi2F8GGAxigcnDFpJHbNyNcgyJDiP+8nOrY5cZGrA==
  
  rimraf@3.0.2, rimraf@^3.0.2:
    version "3.0.2"
    resolved "https://registry.yarnpkg.com/rimraf/-/rimraf-3.0.2.tgz#f1a5402ba6220ad52cc1282bac1ae3aa49fd061a"
    integrity sha512-JZkJMZkAGFFPP2YqXZXPbMlMBgsxzE8ILs4lMIX/2o0L9UBw9O/Y3o6wFw/i9YLapcUJWwqbi3kdxIPdC62TIA==
    dependencies:
      glob "^7.1.3"
  
  rollup-plugin-purge-icons@^0.9.0:
    version "0.9.0"
    resolved "https://registry.yarnpkg.com/rollup-plugin-purge-icons/-/rollup-plugin-purge-icons-0.9.0.tgz#7e59ae9c25bbfe42967553806f0041b716e94b9e"
    integrity sha512-zzafmIOk6cyCmTvAkf+KYQPRNChL33nCPaj/E9AD6gwjuXd/Aj8FpFqsvRQo3ftO/XARwkRmD2+0uqyx9vu46w==
    dependencies:
      "@purge-icons/core" "^0.9.0"
      "@purge-icons/generated" "^0.9.0"
  
  "rollup@>=2.59.0 <2.78.0", "rollup@>=2.75.6 <2.77.0 || ~2.77.0":
    version "2.77.3"
    resolved "https://registry.yarnpkg.com/rollup/-/rollup-2.77.3.tgz#8f00418d3a2740036e15deb653bed1a90ee0cc12"
    integrity sha512-/qxNTG7FbmefJWoeeYJFbHehJ2HNWnjkAFRKzWN/45eNBBF/r8lo992CwcJXEzyVxs5FmfId+vTSTQDb+bxA+g==
    optionalDependencies:
      fsevents "~2.3.2"
  
  run-parallel@^1.1.9:
    version "1.2.0"
    resolved "https://registry.yarnpkg.com/run-parallel/-/run-parallel-1.2.0.tgz#66d1368da7bdf921eb9d95bd1a9229e7f21a43ee"
    integrity sha512-5l4VyZR86LZ/lDxZTR6jqL8AFE2S0IFLMP26AbjsLVADxHdhB/c0GUsH+y39UfCi3dzz8OlQuPmnaJOMoDHQBA==
    dependencies:
      queue-microtask "^1.2.2"
  
  rxjs@^7.5.1:
    version "7.5.6"
    resolved "https://registry.yarnpkg.com/rxjs/-/rxjs-7.5.6.tgz#0446577557862afd6903517ce7cae79ecb9662bc"
    integrity sha512-dnyv2/YsXhnm461G+R/Pe5bWP41Nm6LBXEYWI6eiFP4fiwx6WRI/CD0zbdVAudd9xwLEF2IDcKXLHit0FYjUzw==
    dependencies:
      tslib "^2.1.0"
  
  safe-buffer@^5.0.1, safe-buffer@^5.1.2, safe-buffer@~5.2.0:
    version "5.2.1"
    resolved "https://registry.yarnpkg.com/safe-buffer/-/safe-buffer-5.2.1.tgz#1eaf9fa9bdb1fdd4ec75f58f9cdb4e6b7827eec6"
    integrity sha512-rp3So07KcdmmKbGvgaNxQSJr7bGVSVk5S9Eq1F+ppbRo70+YeaDxkw5Dd8NPN+GD6bjnYm2VuPuCXmpuYvmCXQ==
  
  safe-buffer@~5.1.1:
    version "5.1.2"
    resolved "https://registry.yarnpkg.com/safe-buffer/-/safe-buffer-5.1.2.tgz#991ec69d296e0313747d59bdfd2b745c35f8828d"
    integrity sha512-Gd2UZBJDkXlY7GbJxfsE8/nvKkUEU1G38c1siN6QP6a9PT9MmHB8GnpscSmMJSoF8LOIrt8ud/wPtojys4G6+g==
  
  "safer-buffer@>= 2.1.2 < 3", "safer-buffer@>= 2.1.2 < 3.0.0", safer-buffer@^2.0.2, safer-buffer@^2.1.0, safer-buffer@~2.1.0:
    version "2.1.2"
    resolved "https://registry.yarnpkg.com/safer-buffer/-/safer-buffer-2.1.2.tgz#44fa161b0187b9549dd84bb91802f9bd8385cd6a"
    integrity sha512-YZo3K82SD7Riyi0E1EQPojLz7kpepnSQI9IyPbHHg1XXXevb5dJI7tpyN2ADxGcQbHG7vcyRHk0cbwqcQriUtg==
  
  saxes@^5.0.1:
    version "5.0.1"
    resolved "https://registry.yarnpkg.com/saxes/-/saxes-5.0.1.tgz#eebab953fa3b7608dbe94e5dadb15c888fa6696d"
    integrity sha512-5LBh1Tls8c9xgGjw3QrMwETmTMVk0oFgvrFSvWx62llR2hcEInrKNZ2GZCCuuy2lvWrdl5jhbpeqc5hRYKFOcw==
    dependencies:
      xmlchars "^2.2.0"
  
  select@^1.1.2:
    version "1.1.2"
    resolved "https://registry.yarnpkg.com/select/-/select-1.1.2.tgz#0e7350acdec80b1108528786ec1d4418d11b396d"
    integrity sha512-OwpTSOfy6xSs1+pwcNrv0RBMOzI39Lp3qQKUTPVVPRjCdNa5JH/oPRiqsesIskK8TVgmRiHwO4KXlV2Li9dANA==
  
  semver-compare@^1.0.0:
    version "1.0.0"
    resolved "https://registry.yarnpkg.com/semver-compare/-/semver-compare-1.0.0.tgz#0dee216a1c941ab37e9efb1788f6afc5ff5537fc"
    integrity sha512-YM3/ITh2MJ5MtzaM429anh+x2jiLVjqILF4m4oyQB18W7Ggea7BfqdH/wGMK7dDiMghv/6WG7znWMwUDzJiXow==
  
  semver-diff@^3.1.1:
    version "3.1.1"
    resolved "https://registry.yarnpkg.com/semver-diff/-/semver-diff-3.1.1.tgz#05f77ce59f325e00e2706afd67bb506ddb1ca32b"
    integrity sha512-GX0Ix/CJcHyB8c4ykpHGIAvLyOwOobtM/8d+TQkAd81/bEjgPHrfba41Vpesr7jX/t8Uh+R3EX9eAS5be+jQYg==
    dependencies:
      semver "^6.3.0"
  
  "semver@2 || 3 || 4 || 5", semver@^5.5.0:
    version "5.7.1"
    resolved "https://registry.yarnpkg.com/semver/-/semver-5.7.1.tgz#a954f931aeba508d307bbf069eff0c01c96116f7"
    integrity sha512-sauaDf/PZdVgrLTNYHRtpXa1iRiKcaebiKQ1BJdpQlWH2lCvexQdX55snPFyK7QzpudqbCI0qXFfOasHdyNDGQ==
  
  semver@^6.0.0, semver@^6.2.0, semver@^6.3.0:
    version "6.3.0"
    resolved "https://registry.yarnpkg.com/semver/-/semver-6.3.0.tgz#ee0a64c8af5e8ceea67687b133761e1becbd1d3d"
    integrity sha512-b39TBaTSfV6yBrapU89p5fKekE2m/NwnDocOVruQFS1/veMgdzuPcnOM34M6CwxW8jH/lxEa5rBoDeUwu5HHTw==
  
  semver@^7.0.0, semver@^7.2.1, semver@^7.3.4, semver@^7.3.5, semver@^7.3.7:
    version "7.3.7"
    resolved "https://registry.yarnpkg.com/semver/-/semver-7.3.7.tgz#12c5b649afdbf9049707796e22a4028814ce523f"
    integrity sha512-QlYTucUYOews+WeEujDoEGziz4K6c47V/Bd+LjSSYcA94p+DmINdf7ncaUinThfvZyu13lN9OY1XDxt8C0Tw0g==
    dependencies:
      lru-cache "^6.0.0"
  
  set-blocking@^2.0.0:
    version "2.0.0"
    resolved "https://registry.yarnpkg.com/set-blocking/-/set-blocking-2.0.0.tgz#045f9782d011ae9a6803ddd382b24392b3d890f7"
    integrity sha512-KiKBS8AnWGEyLzofFfmvKwpdPzqiy16LvQfK3yv/fVH7Bj13/wl3JSR1J+rfgRE9q7xUJK4qvgS8raSOeLUehw==
  
  setimmediate@^1.0.5:
    version "1.0.5"
    resolved "https://registry.yarnpkg.com/setimmediate/-/setimmediate-1.0.5.tgz#290cbb232e306942d7d7ea9b83732ab7856f8285"
    integrity sha512-MATJdZp8sLqDl/68LfQmbP8zKPLQNV6BIZoIgrscFDQ+RsvK/BxeDQOgyxKKoh0y/8h3BqVFnCqQ/gd+reiIXA==
  
  setprototypeof@1.2.0:
    version "1.2.0"
    resolved "https://registry.yarnpkg.com/setprototypeof/-/setprototypeof-1.2.0.tgz#66c9a24a73f9fc28cbe66b09fed3d33dcaf1b424"
    integrity sha512-E5LDX7Wrp85Kil5bhZv46j8jOeboKq5JMmYM3gVGdGH8xFpPWXUMsNrlODCrkoxMEeNi/XZIwuRvY4XNwYMJpw==
  
  shebang-command@^1.2.0:
    version "1.2.0"
    resolved "https://registry.yarnpkg.com/shebang-command/-/shebang-command-1.2.0.tgz#44aac65b695b03398968c39f363fee5deafdf1ea"
    integrity sha512-EV3L1+UQWGor21OmnvojK36mhg+TyIKDh3iFBKBohr5xeXIhNBcx8oWdgkTEEQ+BEFFYdLRuqMfd5L84N1V5Vg==
    dependencies:
      shebang-regex "^1.0.0"
  
  shebang-command@^2.0.0:
    version "2.0.0"
    resolved "https://registry.yarnpkg.com/shebang-command/-/shebang-command-2.0.0.tgz#ccd0af4f8835fbdc265b82461aaf0c36663f34ea"
    integrity sha512-kHxr2zZpYtdmrN1qDjrrX/Z1rR1kG8Dx+gkpK1G4eXmvXswmcE1hTWBWYUzlraYw1/yZp6YuDY77YtvbN0dmDA==
    dependencies:
      shebang-regex "^3.0.0"
  
  shebang-regex@^1.0.0:
    version "1.0.0"
    resolved "https://registry.yarnpkg.com/shebang-regex/-/shebang-regex-1.0.0.tgz#da42f49740c0b42db2ca9728571cb190c98efea3"
    integrity sha512-wpoSFAxys6b2a2wHZ1XpDSgD7N9iVjg29Ph9uV/uaP9Ex/KXlkTZTeddxDPSYQpgvzKLGJke2UU0AzoGCjNIvQ==
  
  shebang-regex@^3.0.0:
    version "3.0.0"
    resolved "https://registry.yarnpkg.com/shebang-regex/-/shebang-regex-3.0.0.tgz#ae16f1644d873ecad843b0307b143362d4c42172"
    integrity sha512-7++dFhtcx3353uBaq8DDR4NuxBetBzC7ZQOhmTQInHEd6bSrXdiEyzCvG07Z44UYdLShWUyXt5M/yhz8ekcb1A==
  
  shell-quote@^1.6.1:
    version "1.7.3"
    resolved "https://registry.yarnpkg.com/shell-quote/-/shell-quote-1.7.3.tgz#aa40edac170445b9a431e17bb62c0b881b9c4123"
    integrity sha512-Vpfqwm4EnqGdlsBFNmHhxhElJYrdfcxPThu+ryKS5J8L/fhAwLazFZtq+S+TWZ9ANj2piSQLGj6NQg+lKPmxrw==
  
  side-channel@^1.0.4:
    version "1.0.4"
    resolved "https://registry.yarnpkg.com/side-channel/-/side-channel-1.0.4.tgz#efce5c8fdc104ee751b25c58d4290011fa5ea2cf"
    integrity sha512-q5XPytqFEIKHkGdiMIrY10mvLRvnQh42/+GoBlFW3b2LXLE2xxJpZFdm94we0BaoV3RwJyGqg5wS7epxTv0Zvw==
    dependencies:
      call-bind "^1.0.0"
      get-intrinsic "^1.0.2"
      object-inspect "^1.9.0"
  
  signal-exit@^3.0.0, signal-exit@^3.0.2, signal-exit@^3.0.3:
    version "3.0.7"
    resolved "https://registry.yarnpkg.com/signal-exit/-/signal-exit-3.0.7.tgz#a9a1767f8af84155114eaabd73f99273c8f59ad9"
    integrity sha512-wnD2ZE+l+SPC/uoS0vXeE9L1+0wuaMqKlfz9AMUo38JsyLSBWSFcHR1Rri62LZc12vLr1gb3jl7iwQhgwpAbGQ==
  
  simple-concat@^1.0.0:
    version "1.0.1"
    resolved "https://registry.yarnpkg.com/simple-concat/-/simple-concat-1.0.1.tgz#f46976082ba35c2263f1c8ab5edfe26c41c9552f"
    integrity sha512-cSFtAPtRhljv69IK0hTVZQ+OfE9nePi/rtJmw5UjHeVyVroEqJXP1sFztKUy1qU+xvz3u/sfYJLa947b7nAN2Q==
  
  simple-get@^3.0.3:
    version "3.1.1"
    resolved "https://registry.yarnpkg.com/simple-get/-/simple-get-3.1.1.tgz#cc7ba77cfbe761036fbfce3d021af25fc5584d55"
    integrity sha512-CQ5LTKGfCpvE1K0n2us+kuMPbk/q0EKl82s4aheV9oXjFEz6W/Y7oQFVJuU6QG77hRT4Ghb5RURteF5vnWjupA==
    dependencies:
      decompress-response "^4.2.0"
      once "^1.3.1"
      simple-concat "^1.0.0"
  
  simple-swizzle@^0.2.2:
    version "0.2.2"
    resolved "https://registry.yarnpkg.com/simple-swizzle/-/simple-swizzle-0.2.2.tgz#a4da6b635ffcccca33f70d17cb92592de95e557a"
    integrity sha512-JA//kQgZtbuY83m+xT+tXJkmJncGMTFT+C+g2h2R9uxkYIrE2yy9sgmcLhCnw57/WSD+Eh3J97FPEDFnbXnDUg==
    dependencies:
      is-arrayish "^0.3.1"
  
  slash@^3.0.0:
    version "3.0.0"
    resolved "https://registry.yarnpkg.com/slash/-/slash-3.0.0.tgz#6539be870c165adbd5240220dbe361f1bc4d4634"
    integrity sha512-g9Q1haeby36OSStwb4ntCGGGaKsaVSjQ68fBxoQcutl5fS1vuY18H3wSt3jFyFtrkx+Kz0V1G85A4MyAdDMi2Q==
  
  slice-ansi@^3.0.0:
    version "3.0.0"
    resolved "https://registry.yarnpkg.com/slice-ansi/-/slice-ansi-3.0.0.tgz#31ddc10930a1b7e0b67b08c96c2f49b77a789787"
    integrity sha512-pSyv7bSTC7ig9Dcgbw9AuRNUb5k5V6oDudjZoMBSr13qpLBG7tB+zgCkARjq7xIUgdz5P1Qe8u+rSGdouOOIyQ==
    dependencies:
      ansi-styles "^4.0.0"
      astral-regex "^2.0.0"
      is-fullwidth-code-point "^3.0.0"
  
  slice-ansi@^4.0.0:
    version "4.0.0"
    resolved "https://registry.yarnpkg.com/slice-ansi/-/slice-ansi-4.0.0.tgz#500e8dd0fd55b05815086255b3195adf2a45fe6b"
    integrity sha512-qMCMfhY040cVHT43K9BFygqYbUPFZKHOg7K73mtTWJRb8pyP3fzf4Ixd5SzdEJQ6MRUg/WBnOLxghZtKKurENQ==
    dependencies:
      ansi-styles "^4.0.0"
      astral-regex "^2.0.0"
      is-fullwidth-code-point "^3.0.0"
  
  smart-buffer@^4.2.0:
    version "4.2.0"
    resolved "https://registry.yarnpkg.com/smart-buffer/-/smart-buffer-4.2.0.tgz#6e1d71fa4f18c05f7d0ff216dd16a481d0e8d9ae"
    integrity sha512-94hK0Hh8rPqQl2xXc3HsaBoOXKV20MToPkcXvwbISWLEs+64sBq5kFgn2kJDHb1Pry9yrP0dxrCI9RRci7RXKg==
  
  socks-proxy-agent@5, socks-proxy-agent@^5.0.0:
    version "5.0.1"
    resolved "https://registry.yarnpkg.com/socks-proxy-agent/-/socks-proxy-agent-5.0.1.tgz#032fb583048a29ebffec2e6a73fca0761f48177e"
    integrity sha512-vZdmnjb9a2Tz6WEQVIurybSwElwPxMZaIc7PzqbJTrezcKNznv6giT7J7tZDZ1BojVaa1jvO/UiUdhDVB0ACoQ==
    dependencies:
      agent-base "^6.0.2"
      debug "4"
      socks "^2.3.3"
  
  socks-proxy-agent@^7.0.0:
    version "7.0.0"
    resolved "https://registry.yarnpkg.com/socks-proxy-agent/-/socks-proxy-agent-7.0.0.tgz#dc069ecf34436621acb41e3efa66ca1b5fed15b6"
    integrity sha512-Fgl0YPZ902wEsAyiQ+idGd1A7rSFx/ayC1CQVMw5P+EQx2V0SgpGtf6OKFhVjPflPUl9YMmEOnmfjCdMUsygww==
    dependencies:
      agent-base "^6.0.2"
      debug "^4.3.3"
      socks "^2.6.2"
  
  socks@^2.3.3, socks@^2.6.2:
    version "2.7.0"
    resolved "https://registry.yarnpkg.com/socks/-/socks-2.7.0.tgz#f9225acdb841e874dca25f870e9130990f3913d0"
    integrity sha512-scnOe9y4VuiNUULJN72GrM26BNOjVsfPXI+j+98PkyEfsIXroa5ofyjT+FzGvn/xHs73U2JtoBYAVx9Hl4quSA==
    dependencies:
      ip "^2.0.0"
      smart-buffer "^4.2.0"
  
  source-map-js@^1.0.1, source-map-js@^1.0.2:
    version "1.0.2"
    resolved "https://registry.yarnpkg.com/source-map-js/-/source-map-js-1.0.2.tgz#adbc361d9c62df380125e7f161f71c826f1e490c"
    integrity sha512-R0XvVJ9WusLiqTCEiGCmICCMplcCkIwwR11mOSD9CR5u+IXYdiseeEuXCVAjS54zqwkLcPNnmU4OeJ6tUrWhDw==
  
  source-map@^0.6.1, source-map@~0.6.1:
    version "0.6.1"
    resolved "https://registry.yarnpkg.com/source-map/-/source-map-0.6.1.tgz#74722af32e9614e9c287a8d0bbde48b5e2f1a263"
    integrity sha512-UjgapumWlbMhkBgzT7Ykc5YXUT46F0iKu8SGXq0bcwP5dz/h0Plj6enJqjz1Zbq2l5WaqYnrVbwWOWMyF3F47g==
  
  spdx-correct@^3.0.0:
    version "3.1.1"
    resolved "https://registry.yarnpkg.com/spdx-correct/-/spdx-correct-3.1.1.tgz#dece81ac9c1e6713e5f7d1b6f17d468fa53d89a9"
    integrity sha512-cOYcUWwhCuHCXi49RhFRCyJEK3iPj1Ziz9DpViV3tbZOwXD49QzIN3MpOLJNxh2qwq2lJJZaKMVw9qNi4jTC0w==
    dependencies:
      spdx-expression-parse "^3.0.0"
      spdx-license-ids "^3.0.0"
  
  spdx-exceptions@^2.1.0:
    version "2.3.0"
    resolved "https://registry.yarnpkg.com/spdx-exceptions/-/spdx-exceptions-2.3.0.tgz#3f28ce1a77a00372683eade4a433183527a2163d"
    integrity sha512-/tTrYOC7PPI1nUAgx34hUpqXuyJG+DTHJTnIULG4rDygi4xu/tfgmq1e1cIRwRzwZgo4NLySi+ricLkZkw4i5A==
  
  spdx-expression-parse@^3.0.0:
    version "3.0.1"
    resolved "https://registry.yarnpkg.com/spdx-expression-parse/-/spdx-expression-parse-3.0.1.tgz#cf70f50482eefdc98e3ce0a6833e4a53ceeba679"
    integrity sha512-cbqHunsQWnJNE6KhVSMsMeH5H/L9EpymbzqTQ3uLwNCLZ1Q481oWaofqH7nO6V07xlXwY6PhQdQ2IedWx/ZK4Q==
    dependencies:
      spdx-exceptions "^2.1.0"
      spdx-license-ids "^3.0.0"
  
  spdx-license-ids@^3.0.0:
    version "3.0.12"
    resolved "https://registry.yarnpkg.com/spdx-license-ids/-/spdx-license-ids-3.0.12.tgz#69077835abe2710b65f03969898b6637b505a779"
    integrity sha512-rr+VVSXtRhO4OHbXUiAF7xW3Bo9DuuF6C5jH+q/x15j2jniycgKbxU09Hr0WqlSLUs4i4ltHGXqTe7VHclYWyA==
  
  specificity@^0.4.1:
    version "0.4.1"
    resolved "https://registry.yarnpkg.com/specificity/-/specificity-0.4.1.tgz#aab5e645012db08ba182e151165738d00887b019"
    integrity sha512-1klA3Gi5PD1Wv9Q0wUoOQN1IWAuPu0D1U03ThXTr0cJ20+/iq2tHSDnK7Kk/0LXJ1ztUB2/1Os0wKmfyNgUQfg==
  
  sprintf-js@~1.0.2:
    version "1.0.3"
    resolved "https://registry.yarnpkg.com/sprintf-js/-/sprintf-js-1.0.3.tgz#04e6926f662895354f3dd015203633b857297e2c"
    integrity sha512-D9cPgkvLlV3t3IzL0D0YLvGA9Ahk4PcvVwUbN0dSGr1aP0Nrt4AEnTUbuGvquEC0mA64Gqt1fzirlRs5ibXx8g==
  
  sshpk@^1.7.0:
    version "1.17.0"
    resolved "https://registry.yarnpkg.com/sshpk/-/sshpk-1.17.0.tgz#578082d92d4fe612b13007496e543fa0fbcbe4c5"
    integrity sha512-/9HIEs1ZXGhSPE8X6Ccm7Nam1z8KcoCqPdI7ecm1N33EzAetWahvQWVqLZtaZQ+IDKX4IyA2o0gBzqIMkAagHQ==
    dependencies:
      asn1 "~0.2.3"
      assert-plus "^1.0.0"
      bcrypt-pbkdf "^1.0.0"
      dashdash "^1.12.0"
      ecc-jsbn "~0.1.1"
      getpass "^0.1.1"
      jsbn "~0.1.0"
      safer-buffer "^2.0.2"
      tweetnacl "~0.14.0"
  
  ssri@^9.0.0:
    version "9.0.1"
    resolved "https://registry.yarnpkg.com/ssri/-/ssri-9.0.1.tgz#544d4c357a8d7b71a19700074b6883fcb4eae057"
    integrity sha512-o57Wcn66jMQvfHG1FlYbWeZWW/dHZhJXjpIcTfXldXEk5nz5lStPo3mK0OJQfGR3RbZUlbISexbljkJzuEj/8Q==
    dependencies:
      minipass "^3.1.1"
  
  stable@^0.1.8:
    version "0.1.8"
    resolved "https://registry.yarnpkg.com/stable/-/stable-0.1.8.tgz#836eb3c8382fe2936feaf544631017ce7d47a3cf"
    integrity sha512-ji9qxRnOVfcuLDySj9qzhGSEFVobyt1kIOSkj1qZzYLzq7Tos/oUUWvotUPQLlrsidqsK6tBH89Bc9kL5zHA6w==
  
  statuses@2.0.1:
    version "2.0.1"
    resolved "https://registry.yarnpkg.com/statuses/-/statuses-2.0.1.tgz#55cb000ccf1d48728bd23c685a063998cf1a1b63"
    integrity sha512-RwNA9Z/7PrK06rYLIzFMlaF+l73iwpzsqRIFgbMLbTcLD6cOao82TaWefPXQvB2fOC4AjuYSEndS7N/mTCbkdQ==
  
  string-argv@0.3.1:
    version "0.3.1"
    resolved "https://registry.yarnpkg.com/string-argv/-/string-argv-0.3.1.tgz#95e2fbec0427ae19184935f816d74aaa4c5c19da"
    integrity sha512-a1uQGz7IyVy9YwhqjZIZu1c8JO8dNIe20xBmSS6qu9kv++k3JGzCVmprbNN5Kn+BgzD5E7YYwg1CcjuJMRNsvg==
  
  "string-width@^1.0.2 || 2 || 3 || 4", string-width@^4.0.0, string-width@^4.1.0, string-width@^4.2.0, string-width@^4.2.2, string-width@^4.2.3:
    version "4.2.3"
    resolved "https://registry.yarnpkg.com/string-width/-/string-width-4.2.3.tgz#269c7117d27b05ad2e536830a8ec895ef9c6d010"
    integrity sha512-wKyQRQpjJ0sIp62ErSZdGsjMJWsap5oRNihHhu6G7JVO/9jIB6UyevL+tXuOqrng8j/cxKTWyWUwvSTriiZz/g==
    dependencies:
      emoji-regex "^8.0.0"
      is-fullwidth-code-point "^3.0.0"
      strip-ansi "^6.0.1"
  
  string.prototype.padend@^3.0.0:
    version "3.1.3"
    resolved "https://registry.yarnpkg.com/string.prototype.padend/-/string.prototype.padend-3.1.3.tgz#997a6de12c92c7cb34dc8a201a6c53d9bd88a5f1"
    integrity sha512-jNIIeokznm8SD/TZISQsZKYu7RJyheFNt84DUPrh482GC8RVp2MKqm2O5oBRdGxbDQoXrhhWtPIWQOiy20svUg==
    dependencies:
      call-bind "^1.0.2"
      define-properties "^1.1.3"
      es-abstract "^1.19.1"
  
  string.prototype.trimend@^1.0.5:
    version "1.0.5"
    resolved "https://registry.yarnpkg.com/string.prototype.trimend/-/string.prototype.trimend-1.0.5.tgz#914a65baaab25fbdd4ee291ca7dde57e869cb8d0"
    integrity sha512-I7RGvmjV4pJ7O3kdf+LXFpVfdNOxtCW/2C8f6jNiW4+PQchwxkCDzlk1/7p+Wl4bqFIZeF47qAHXLuHHWKAxog==
    dependencies:
      call-bind "^1.0.2"
      define-properties "^1.1.4"
      es-abstract "^1.19.5"
  
  string.prototype.trimstart@^1.0.5:
    version "1.0.5"
    resolved "https://registry.yarnpkg.com/string.prototype.trimstart/-/string.prototype.trimstart-1.0.5.tgz#5466d93ba58cfa2134839f81d7f42437e8c01fef"
    integrity sha512-THx16TJCGlsN0o6dl2o6ncWUsdgnLRSA23rRE5pyGBw/mLr3Ej/R2LaqCtgP8VNMGZsvMWnf9ooZPyY2bHvUFg==
    dependencies:
      call-bind "^1.0.2"
      define-properties "^1.1.4"
      es-abstract "^1.19.5"
  
  string_decoder@^1.1.1:
    version "1.3.0"
    resolved "https://registry.yarnpkg.com/string_decoder/-/string_decoder-1.3.0.tgz#42f114594a46cf1a8e30b0a84f56c78c3edac21e"
    integrity sha512-hkRX8U1WjJFd8LsDJ2yQ/wWWxaopEsABU1XfkM8A+j0+85JAGppt16cr1Whg6KIbb4okU6Mql6BOj+uup/wKeA==
    dependencies:
      safe-buffer "~5.2.0"
  
  string_decoder@~0.10.x:
    version "0.10.31"
    resolved "https://registry.yarnpkg.com/string_decoder/-/string_decoder-0.10.31.tgz#62e203bc41766c6c28c9fc84301dab1c5310fa94"
    integrity sha512-ev2QzSzWPYmy9GuqfIVildA4OdcGLeFZQrq5ys6RtiuF+RQQiZWr8TZNyAcuVXyQRYfEO+MsoB/1BuQVhOJuoQ==
  
  stringify-object@^3.3.0:
    version "3.3.0"
    resolved "https://registry.yarnpkg.com/stringify-object/-/stringify-object-3.3.0.tgz#703065aefca19300d3ce88af4f5b3956d7556629"
    integrity sha512-rHqiFh1elqCQ9WPLIC8I0Q/g/wj5J1eMkyoiD6eoQApWHP0FtlK7rqnhmabL5VUY9JQCcqwwvlOaSuutekgyrw==
    dependencies:
      get-own-enumerable-property-symbols "^3.0.0"
      is-obj "^1.0.1"
      is-regexp "^1.0.0"
  
  strip-ansi@^6.0.0, strip-ansi@^6.0.1:
    version "6.0.1"
    resolved "https://registry.yarnpkg.com/strip-ansi/-/strip-ansi-6.0.1.tgz#9e26c63d30f53443e9489495b2105d37b67a85d9"
    integrity sha512-Y38VPSHcqkFrCpFnQ9vuSXmquuv5oXOKpGeT6aGrr3o3Gc9AlVa6JBfUSOCnbxGGZF+/0ooI7KrPuUSztUdU5A==
    dependencies:
      ansi-regex "^5.0.1"
  
  strip-bom@^3.0.0:
    version "3.0.0"
    resolved "https://registry.yarnpkg.com/strip-bom/-/strip-bom-3.0.0.tgz#2334c18e9c759f7bdd56fdef7e9ae3d588e68ed3"
    integrity sha512-vavAMRXOgBVNF6nyEEmL3DBK19iRpDcoIwW+swQ+CbGiu7lju6t+JklA1MHweoWtadgt4ISVUsXLyDq34ddcwA==
  
  strip-eof@^1.0.0:
    version "1.0.0"
    resolved "https://registry.yarnpkg.com/strip-eof/-/strip-eof-1.0.0.tgz#bb43ff5598a6eb05d89b59fcd129c983313606bf"
    integrity sha512-7FCwGGmx8mD5xQd3RPUvnSpUXHM3BWuzjtpD4TXsfcZ9EL4azvVVUscFYwD9nx8Kh+uCBC00XBtAykoMHwTh8Q==
  
  strip-final-newline@^2.0.0:
    version "2.0.0"
    resolved "https://registry.yarnpkg.com/strip-final-newline/-/strip-final-newline-2.0.0.tgz#89b852fb2fcbe936f6f4b3187afb0a12c1ab58ad"
    integrity sha512-BrpvfNAE3dcvq7ll3xVumzjKjZQ5tI1sEUIKr3Uoks0XUl45St3FlatVqef9prk4jRDzhW6WZg+3bk93y6pLjA==
  
  strip-indent@^2.0.0:
    version "2.0.0"
    resolved "https://registry.yarnpkg.com/strip-indent/-/strip-indent-2.0.0.tgz#5ef8db295d01e6ed6cbf7aab96998d7822527b68"
    integrity sha512-RsSNPLpq6YUL7QYy44RnPVTn/lcVZtb48Uof3X5JLbF4zD/Gs7ZFDv2HWol+leoQN2mT86LAzSshGfkTlSOpsA==
  
  strip-indent@^3.0.0:
    version "3.0.0"
    resolved "https://registry.yarnpkg.com/strip-indent/-/strip-indent-3.0.0.tgz#c32e1cee940b6b3432c771bc2c54bcce73cd3001"
    integrity sha512-laJTa3Jb+VQpaC6DseHhF7dXVqHTfJPCRDaEbid/drOhgitgYku/letMUqOXFoWV0zIIUbjpdH2t+tYj4bQMRQ==
    dependencies:
      min-indent "^1.0.0"
  
  strip-json-comments@^3.1.0, strip-json-comments@^3.1.1:
    version "3.1.1"
    resolved "https://registry.yarnpkg.com/strip-json-comments/-/strip-json-comments-3.1.1.tgz#31f1281b3832630434831c310c01cccda8cbe006"
    integrity sha512-6fPc+R4ihwqP6N/aIv2f1gMH8lOVtWQHoqC4yK6oSDVVocumAsfCqjkXnqiYMhmMwS/mEHLp7Vehlt3ql6lEig==
  
  strip-json-comments@~2.0.1:
    version "2.0.1"
    resolved "https://registry.yarnpkg.com/strip-json-comments/-/strip-json-comments-2.0.1.tgz#3c531942e908c2697c0ec344858c286c7ca0a60a"
    integrity sha512-4gB8na07fecVVkOI6Rs4e7T6NOTki5EmL7TUduTs6bu3EdnSycntVJ4re8kgZA+wx9IueI2Y11bfbgwtzuE0KQ==
  
  strnum@^1.0.4:
    version "1.0.5"
    resolved "https://registry.yarnpkg.com/strnum/-/strnum-1.0.5.tgz#5c4e829fe15ad4ff0d20c3db5ac97b73c9b072db"
    integrity sha512-J8bbNyKKXl5qYcR36TIO8W3mVGVHrmmxsd5PAItGkmyzwJvybiw2IVq5nqd0i4LSNSkB/sx9VHllbfFdr9k1JA==
  
  strtok3@^6.2.4:
    version "6.3.0"
    resolved "https://registry.yarnpkg.com/strtok3/-/strtok3-6.3.0.tgz#358b80ffe6d5d5620e19a073aa78ce947a90f9a0"
    integrity sha512-fZtbhtvI9I48xDSywd/somNqgUHl2L2cstmXCCif0itOf96jeW18MBSyrLuNicYQVkvpOxkZtkzujiTJ9LW5Jw==
    dependencies:
      "@tokenizer/token" "^0.3.0"
      peek-readable "^4.1.0"
  
  style-search@^0.1.0:
    version "0.1.0"
    resolved "https://registry.yarnpkg.com/style-search/-/style-search-0.1.0.tgz#7958c793e47e32e07d2b5cafe5c0bf8e12e77902"
    integrity sha512-Dj1Okke1C3uKKwQcetra4jSuk0DqbzbYtXipzFlFMZtowbF1x7BKJwB9AayVMyFARvU8EDrZdcax4At/452cAg==
  
  stylehacks@^5.1.0:
    version "5.1.0"
    resolved "https://registry.yarnpkg.com/stylehacks/-/stylehacks-5.1.0.tgz#a40066490ca0caca04e96c6b02153ddc39913520"
    integrity sha512-SzLmvHQTrIWfSgljkQCw2++C9+Ne91d/6Sp92I8c5uHTcy/PgeHamwITIbBW9wnFTY/3ZfSXR9HIL6Ikqmcu6Q==
    dependencies:
      browserslist "^4.16.6"
      postcss-selector-parser "^6.0.4"
  
  stylelint-config-prettier@8.0.2:
    version "8.0.2"
    resolved "https://registry.yarnpkg.com/stylelint-config-prettier/-/stylelint-config-prettier-8.0.2.tgz#da9de33da4c56893cbe7e26df239a7374045e14e"
    integrity sha512-TN1l93iVTXpF9NJstlvP7nOu9zY2k+mN0NSFQ/VEGz15ZIP9ohdDZTtCWHs5LjctAhSAzaILULGbgiM0ItId3A==
  
  stylelint-config-recommended@^5.0.0:
    version "5.0.0"
    resolved "https://registry.yarnpkg.com/stylelint-config-recommended/-/stylelint-config-recommended-5.0.0.tgz#fb5653f495a60b4938f2ad3e77712d9e1039ae78"
    integrity sha512-c8aubuARSu5A3vEHLBeOSJt1udOdS+1iue7BmJDTSXoCBmfEQmmWX+59vYIj3NQdJBY6a/QRv1ozVFpaB9jaqA==
  
  stylelint-config-standard@22.0.0:
    version "22.0.0"
    resolved "https://registry.yarnpkg.com/stylelint-config-standard/-/stylelint-config-standard-22.0.0.tgz#c860be9a13ebbc1b084456fa10527bf13a44addf"
    integrity sha512-uQVNi87SHjqTm8+4NIP5NMAyY/arXrBgimaaT7skvRfE9u3JKXRK9KBkbr4pVmeciuCcs64kAdjlxfq6Rur7Hw==
    dependencies:
      stylelint-config-recommended "^5.0.0"
  
  stylelint@13.13.1:
    version "13.13.1"
    resolved "https://registry.yarnpkg.com/stylelint/-/stylelint-13.13.1.tgz#fca9c9f5de7990ab26a00f167b8978f083a18f3c"
    integrity sha512-Mv+BQr5XTUrKqAXmpqm6Ddli6Ief+AiPZkRsIrAoUKFuq/ElkUh9ZMYxXD0iQNZ5ADghZKLOWz1h7hTClB7zgQ==
    dependencies:
      "@stylelint/postcss-css-in-js" "^0.37.2"
      "@stylelint/postcss-markdown" "^0.36.2"
      autoprefixer "^9.8.6"
      balanced-match "^2.0.0"
      chalk "^4.1.1"
      cosmiconfig "^7.0.0"
      debug "^4.3.1"
      execall "^2.0.0"
      fast-glob "^3.2.5"
      fastest-levenshtein "^1.0.12"
      file-entry-cache "^6.0.1"
      get-stdin "^8.0.0"
      global-modules "^2.0.0"
      globby "^11.0.3"
      globjoin "^0.1.4"
      html-tags "^3.1.0"
      ignore "^5.1.8"
      import-lazy "^4.0.0"
      imurmurhash "^0.1.4"
      known-css-properties "^0.21.0"
      lodash "^4.17.21"
      log-symbols "^4.1.0"
      mathml-tag-names "^2.1.3"
      meow "^9.0.0"
      micromatch "^4.0.4"
      normalize-selector "^0.2.0"
      postcss "^7.0.35"
      postcss-html "^0.36.0"
      postcss-less "^3.1.4"
      postcss-media-query-parser "^0.2.3"
      postcss-resolve-nested-selector "^0.1.1"
      postcss-safe-parser "^4.0.2"
      postcss-sass "^0.4.4"
      postcss-scss "^2.1.1"
      postcss-selector-parser "^6.0.5"
      postcss-syntax "^0.36.2"
      postcss-value-parser "^4.1.0"
      resolve-from "^5.0.0"
      slash "^3.0.0"
      specificity "^0.4.1"
      string-width "^4.2.2"
      strip-ansi "^6.0.0"
      style-search "^0.1.0"
      sugarss "^2.0.0"
      svg-tags "^1.0.0"
      table "^6.6.0"
      v8-compile-cache "^2.3.0"
      write-file-atomic "^3.0.3"
  
  sugarss@^2.0.0:
    version "2.0.0"
    resolved "https://registry.yarnpkg.com/sugarss/-/sugarss-2.0.0.tgz#ddd76e0124b297d40bf3cca31c8b22ecb43bc61d"
    integrity sha512-WfxjozUk0UVA4jm+U1d736AUpzSrNsQcIbyOkoE364GrtWmIrFdk5lksEupgWMD4VaT/0kVx1dobpiDumSgmJQ==
    dependencies:
      postcss "^7.0.2"
  
  supports-color@^5.3.0:
    version "5.5.0"
    resolved "https://registry.yarnpkg.com/supports-color/-/supports-color-5.5.0.tgz#e2e69a44ac8772f78a1ec0b35b689df6530efc8f"
    integrity sha512-QjVjwdXIt408MIiAqCX4oUKsgU2EqAGzs2Ppkm4aQYbjm+ZEWEcW4SfFNTr4uMNZma0ey4f5lgLrkB0aX0QMow==
    dependencies:
      has-flag "^3.0.0"
  
  supports-color@^7.1.0:
    version "7.2.0"
    resolved "https://registry.yarnpkg.com/supports-color/-/supports-color-7.2.0.tgz#1b7dcdcb32b8138801b3e478ba6a51caa89648da"
    integrity sha512-qpCAvRl9stuOHveKsn7HncJRvv501qIacKzQlO/+Lwxc9+0q2wLyv4Dfvt80/DPn2pqOBsJdDiogXGR9+OvwRw==
    dependencies:
      has-flag "^4.0.0"
  
  supports-preserve-symlinks-flag@^1.0.0:
    version "1.0.0"
    resolved "https://registry.yarnpkg.com/supports-preserve-symlinks-flag/-/supports-preserve-symlinks-flag-1.0.0.tgz#6eda4bd344a3c94aea376d4cc31bc77311039e09"
    integrity sha512-ot0WnXS9fgdkgIcePe6RHNk1WA8+muPa6cSjeR3V8K27q9BB1rTE3R1p7Hv0z1ZyAc8s6Vvv8DIyWf681MAt0w==
  
  svg-tags@^1.0.0:
    version "1.0.0"
    resolved "https://registry.yarnpkg.com/svg-tags/-/svg-tags-1.0.0.tgz#58f71cee3bd519b59d4b2a843b6c7de64ac04764"
    integrity sha512-ovssysQTa+luh7A5Weu3Rta6FJlFBBbInjOh722LIt6klpU2/HtdUbszju/G4devcvk8PGt7FCLv5wftu3THUA==
  
  svgo@^2.7.0:
    version "2.8.0"
    resolved "https://registry.yarnpkg.com/svgo/-/svgo-2.8.0.tgz#4ff80cce6710dc2795f0c7c74101e6764cfccd24"
    integrity sha512-+N/Q9kV1+F+UeWYoSiULYo4xYSDQlTgb+ayMobAXPwMnLvop7oxKMo9OzIrX5x3eS4L4f2UHhc9axXwY8DpChg==
    dependencies:
      "@trysound/sax" "0.2.0"
      commander "^7.2.0"
      css-select "^4.1.3"
      css-tree "^1.1.3"
      csso "^4.2.0"
      picocolors "^1.0.0"
      stable "^0.1.8"
  
  symbol-tree@^3.2.4:
    version "3.2.4"
    resolved "https://registry.yarnpkg.com/symbol-tree/-/symbol-tree-3.2.4.tgz#430637d248ba77e078883951fb9aa0eed7c63fa2"
    integrity sha512-9QNk5KwDF+Bvz+PyObkmSYjI5ksVUYtjW7AU22r2NKcfLJcXp96hkDWU3+XndOsUb+AQ9QhfzfCT2O+CNWT5Tw==
  
  table@^6.0.9, table@^6.6.0:
    version "6.8.0"
    resolved "https://registry.yarnpkg.com/table/-/table-6.8.0.tgz#87e28f14fa4321c3377ba286f07b79b281a3b3ca"
    integrity sha512-s/fitrbVeEyHKFa7mFdkuQMWlH1Wgw/yEXMt5xACT4ZpzWFluehAxRtUUQKPuWhaLAWhFcVx6w3oC8VKaUfPGA==
    dependencies:
      ajv "^8.0.1"
      lodash.truncate "^4.4.2"
      slice-ansi "^4.0.0"
      string-width "^4.2.3"
      strip-ansi "^6.0.1"
  
  tailwindcss@3.1.8:
    version "3.1.8"
    resolved "https://registry.yarnpkg.com/tailwindcss/-/tailwindcss-3.1.8.tgz#4f8520550d67a835d32f2f4021580f9fddb7b741"
    integrity sha512-YSneUCZSFDYMwk+TGq8qYFdCA3yfBRdBlS7txSq0LUmzyeqRe3a8fBQzbz9M3WS/iFT4BNf/nmw9mEzrnSaC0g==
    dependencies:
      arg "^5.0.2"
      chokidar "^3.5.3"
      color-name "^1.1.4"
      detective "^5.2.1"
      didyoumean "^1.2.2"
      dlv "^1.1.3"
      fast-glob "^3.2.11"
      glob-parent "^6.0.2"
      is-glob "^4.0.3"
      lilconfig "^2.0.6"
      normalize-path "^3.0.0"
      object-hash "^3.0.0"
      picocolors "^1.0.0"
      postcss "^8.4.14"
      postcss-import "^14.1.0"
      postcss-js "^4.0.0"
      postcss-load-config "^3.1.4"
      postcss-nested "5.0.6"
      postcss-selector-parser "^6.0.10"
      postcss-value-parser "^4.2.0"
      quick-lru "^5.1.1"
      resolve "^1.22.1"
  
  tar-fs@2.1.1:
    version "2.1.1"
    resolved "https://registry.yarnpkg.com/tar-fs/-/tar-fs-2.1.1.tgz#489a15ab85f1f0befabb370b7de4f9eb5cbe8784"
    integrity sha512-V0r2Y9scmbDRLCNex/+hYzvp/zyYjvFbHPNgVTKfQvVrb6guiE/fxP+XblDNR011utopbkex2nM4dHNV6GDsng==
    dependencies:
      chownr "^1.1.1"
      mkdirp-classic "^0.5.2"
      pump "^3.0.0"
      tar-stream "^2.1.4"
  
  tar-stream@^2.1.4:
    version "2.2.0"
    resolved "https://registry.yarnpkg.com/tar-stream/-/tar-stream-2.2.0.tgz#acad84c284136b060dc3faa64474aa9aebd77287"
    integrity sha512-ujeqbceABgwMZxEJnk2HDY2DlnUZ+9oEcb1KzTVfYHio0UE6dG71n60d8D2I4qNvleWrrXpmjpt7vZeF1LnMZQ==
    dependencies:
      bl "^4.0.3"
      end-of-stream "^1.4.1"
      fs-constants "^1.0.0"
      inherits "^2.0.3"
      readable-stream "^3.1.1"
  
  tar@^6.1.11:
    version "6.1.11"
    resolved "https://registry.yarnpkg.com/tar/-/tar-6.1.11.tgz#6760a38f003afa1b2ffd0ffe9e9abbd0eab3d621"
    integrity sha512-an/KZQzQUkZCkuoAA64hM92X0Urb6VpRhAFllDzz44U2mcD5scmT3zBc4VgVpkugF580+DQn8eAFSyoQt0tznA==
    dependencies:
      chownr "^2.0.0"
      fs-minipass "^2.0.0"
      minipass "^3.0.0"
      minizlib "^2.1.1"
      mkdirp "^1.0.3"
      yallist "^4.0.0"
  
  text-table@^0.2.0:
    version "0.2.0"
    resolved "https://registry.yarnpkg.com/text-table/-/text-table-0.2.0.tgz#7f5ee823ae805207c00af2df4a84ec3fcfa570b4"
    integrity sha512-N+8UisAXDGk8PFXP4HAzVR9nbfmVJ3zYLAWiTIoqC5v5isinhr+r5uaO8+7r3BMfuNIufIsA7RdpVgacC2cSpw==
  
  through@^2.3.8:
    version "2.3.8"
    resolved "https://registry.yarnpkg.com/through/-/through-2.3.8.tgz#0dd4c9ffaabc357960b1b724115d7e0e86a2e1f5"
    integrity sha512-w89qg7PI8wAdvX60bMDP+bFoD5Dvhm9oLheFp5O4a2QF0cSBGsBX4qZmadPMvVqlLJBBci+WqGGOAPvcDeNSVg==
  
  tiny-emitter@^2.0.0:
    version "2.1.0"
    resolved "https://registry.yarnpkg.com/tiny-emitter/-/tiny-emitter-2.1.0.tgz#1d1a56edfc51c43e863cbb5382a72330e3555423"
    integrity sha512-NB6Dk1A9xgQPMoGqC5CVXn123gWyte215ONT5Pp5a0yt4nlEoO1ZWeCwpncaekPHXO60i47ihFnZPiRPjRMq4Q==
  
  to-fast-properties@^2.0.0:
    version "2.0.0"
    resolved "https://registry.yarnpkg.com/to-fast-properties/-/to-fast-properties-2.0.0.tgz#dc5e698cbd079265bc73e0377681a4e4e83f616e"
    integrity sha512-/OaKK0xYrs3DmxRYqL/yDc+FxFUVYhDlXMhRmv3z915w2HF1tnN1omB354j8VUGO/hbRzyD6Y3sA7v7GS/ceog==
  
  to-readable-stream@^1.0.0:
    version "1.0.0"
    resolved "https://registry.yarnpkg.com/to-readable-stream/-/to-readable-stream-1.0.0.tgz#ce0aa0c2f3df6adf852efb404a783e77c0475771"
    integrity sha512-Iq25XBt6zD5npPhlLVXGFN3/gyR2/qODcKNNyTMd4vbm39HUaOiAM4PMq0eMVC/Tkxz+Zjdsc55g9yyz+Yq00Q==
  
  to-regex-range@^5.0.1:
    version "5.0.1"
    resolved "https://registry.yarnpkg.com/to-regex-range/-/to-regex-range-5.0.1.tgz#1648c44aae7c8d988a326018ed72f5b4dd0392e4"
    integrity sha512-65P7iz6X5yEr1cwcgvQxbbIw7Uk3gOy5dIdtZ4rDveLqhrdJP+Li/Hx6tyK0NEb+2GCyneCMJiGqrADCSNk8sQ==
    dependencies:
      is-number "^7.0.0"
  
  toidentifier@1.0.1:
    version "1.0.1"
    resolved "https://registry.yarnpkg.com/toidentifier/-/toidentifier-1.0.1.tgz#3be34321a88a820ed1bd80dfaa33e479fbb8dd35"
    integrity sha512-o5sSPKEkg/DIQNmH43V0/uerLrpzVedkUh8tGNvaeXpfpuwjKenlSox/2O/BTlZUtEe+JG7s5YhEz608PlAHRA==
  
  token-types@^4.1.1:
    version "4.2.1"
    resolved "https://registry.yarnpkg.com/token-types/-/token-types-4.2.1.tgz#0f897f03665846982806e138977dbe72d44df753"
    integrity sha512-6udB24Q737UD/SDsKAHI9FCRP7Bqc9D/MQUV02ORQg5iskjtLJlZJNdN4kKtcdtwCeWIwIHDGaUsTsCCAa8sFQ==
    dependencies:
      "@tokenizer/token" "^0.3.0"
      ieee754 "^1.2.1"
  
  tough-cookie@^4.0.0:
    version "4.1.2"
    resolved "https://registry.yarnpkg.com/tough-cookie/-/tough-cookie-4.1.2.tgz#e53e84b85f24e0b65dd526f46628db6c85f6b874"
    integrity sha512-G9fqXWoYFZgTc2z8Q5zaHy/vJMjm+WV0AkAeHxVCQiEB1b+dGvWzFW6QV07cY5jQ5gRkeid2qIkzkxUnmoQZUQ==
    dependencies:
      psl "^1.1.33"
      punycode "^2.1.1"
      universalify "^0.2.0"
      url-parse "^1.5.3"
  
  tough-cookie@~2.5.0:
    version "2.5.0"
    resolved "https://registry.yarnpkg.com/tough-cookie/-/tough-cookie-2.5.0.tgz#cd9fb2a0aa1d5a12b473bd9fb96fa3dcff65ade2"
    integrity sha512-nlLsUzgm1kfLXSXfRZMc1KLAugd4hqJHDTvc2hDIwS3mZAfMEuMbc03SujMF+GEcpaX/qboeycw6iO8JwVv2+g==
    dependencies:
      psl "^1.1.28"
      punycode "^2.1.1"
  
  tr46@^3.0.0:
    version "3.0.0"
    resolved "https://registry.yarnpkg.com/tr46/-/tr46-3.0.0.tgz#555c4e297a950617e8eeddef633c87d4d9d6cbf9"
    integrity sha512-l7FvfAHlcmulp8kr+flpQZmVwtu7nfRV7NZujtN0OqES8EL4O4e0qqzL0DC5gAvx/ZC/9lk6rhcUwYvkBnBnYA==
    dependencies:
      punycode "^2.1.1"
  
  tr46@~0.0.3:
    version "0.0.3"
    resolved "https://registry.yarnpkg.com/tr46/-/tr46-0.0.3.tgz#8184fd347dac9cdc185992f3a6622e14b9d9ab6a"
    integrity sha512-N3WMsuqV66lT30CrXNbEjx4GEwlow3v6rr4mCcv6prnfwhS01rkgyFdjPNBYd9br7LpXV1+Emh01fHnq2Gdgrw==
  
  trim-newlines@^3.0.0:
    version "3.0.1"
    resolved "https://registry.yarnpkg.com/trim-newlines/-/trim-newlines-3.0.1.tgz#260a5d962d8b752425b32f3a7db0dcacd176c144"
    integrity sha512-c1PTsA3tYrIsLGkJkzHF+w9F2EyxfXGo4UyJc4pFL++FMjnq0HJS69T3M7d//gKrFKwy429bouPescbjecU+Zw==
  
  trough@^1.0.0:
    version "1.0.5"
    resolved "https://registry.yarnpkg.com/trough/-/trough-1.0.5.tgz#b8b639cefad7d0bb2abd37d433ff8293efa5f406"
    integrity sha512-rvuRbTarPXmMb79SmzEp8aqXNKcK+y0XaB298IXueQ8I2PsrATcPBCSPyK/dDNa2iWOhKlfNnOjdAOTBU/nkFA==
  
  tslib@^1.8.1:
    version "1.14.1"
    resolved "https://registry.yarnpkg.com/tslib/-/tslib-1.14.1.tgz#cf2d38bdc34a134bcaf1091c41f6619e2f672d00"
    integrity sha512-Xni35NKzjgMrwevysHTCArtLDpPvye8zV/0E4EyYn43P7/7qvQwPh9BGkHewbMulVntbigmcT7rdX3BNo9wRJg==
  
  tslib@^2.0.1, tslib@^2.1.0:
    version "2.4.0"
    resolved "https://registry.yarnpkg.com/tslib/-/tslib-2.4.0.tgz#7cecaa7f073ce680a05847aa77be941098f36dc3"
    integrity sha512-d6xOpEDfsi2CZVlPQzGeux8XMwLT9hssAsaPYExaQMuYskwb+x1x7J371tWlbBdWHroy99KnVB6qIkUbs5X3UQ==
  
  tsutils@^3.21.0:
    version "3.21.0"
    resolved "https://registry.yarnpkg.com/tsutils/-/tsutils-3.21.0.tgz#b48717d394cea6c1e096983eed58e9d61715b623"
    integrity sha512-mHKK3iUXL+3UF6xL5k0PEhKRUBKPBCv/+RkEOpjRWxxx27KKRBmmA60A9pgOUvMi8GKhRMPEmjBRPzs2W7O1OA==
    dependencies:
      tslib "^1.8.1"
  
  tunnel-agent@^0.6.0:
    version "0.6.0"
    resolved "https://registry.yarnpkg.com/tunnel-agent/-/tunnel-agent-0.6.0.tgz#27a5dea06b36b04a0a9966774b290868f0fc40fd"
    integrity sha512-McnNiV1l8RYeY8tBgEpuodCC1mLUdbSN+CYBL7kJsJNInOP8UjDDEwdk6Mw60vdLLrr5NHKZhMAOSrR2NZuQ+w==
    dependencies:
      safe-buffer "^5.0.1"
  
  tweetnacl@^0.14.3, tweetnacl@~0.14.0:
    version "0.14.5"
    resolved "https://registry.yarnpkg.com/tweetnacl/-/tweetnacl-0.14.5.tgz#5ae68177f192d4456269d108afa93ff8743f4f64"
    integrity sha512-KXXFFdAbFXY4geFIwoyNK+f5Z1b7swfXABfL7HXCmoIWMKU3dmS26672A4EeQtDzLKy7SXmfBu51JolvEKwtGA==
  
  type-check@^0.4.0, type-check@~0.4.0:
    version "0.4.0"
    resolved "https://registry.yarnpkg.com/type-check/-/type-check-0.4.0.tgz#07b8203bfa7056c0657050e3ccd2c37730bab8f1"
    integrity sha512-XleUoc9uwGXqjWwXaUTZAmzMcFZ5858QA2vvx1Ur5xIcixXIP+8LnFDgRplU30us6teqdlskFfu+ae4K79Ooew==
    dependencies:
      prelude-ls "^1.2.1"
  
  type-check@~0.3.2:
    version "0.3.2"
    resolved "https://registry.yarnpkg.com/type-check/-/type-check-0.3.2.tgz#5884cab512cf1d355e3fb784f30804b2b520db72"
    integrity sha512-ZCmOJdvOWDBYJlzAoFkC+Q0+bUyEOS1ltgp1MGU03fqHG+dbi9tBFU2Rd9QKiDZFAYrhPh2JUf7rZRIuHRKtOg==
    dependencies:
      prelude-ls "~1.1.2"
  
  type-fest@^0.18.0:
    version "0.18.1"
    resolved "https://registry.yarnpkg.com/type-fest/-/type-fest-0.18.1.tgz#db4bc151a4a2cf4eebf9add5db75508db6cc841f"
    integrity sha512-OIAYXk8+ISY+qTOwkHtKqzAuxchoMiD9Udx+FSGQDuiRR+PJKJHc2NJAXlbhkGwTt/4/nKZxELY1w3ReWOL8mw==
  
  type-fest@^0.20.2:
    version "0.20.2"
    resolved "https://registry.yarnpkg.com/type-fest/-/type-fest-0.20.2.tgz#1bf207f4b28f91583666cb5fbd327887301cd5f4"
    integrity sha512-Ne+eE4r0/iWnpAxD852z3A+N0Bt5RN//NjJwRd2VFHEmrywxf5vsZlh4R6lixl6B+wz/8d+maTSAkN1FIkI3LQ==
  
  type-fest@^0.21.3:
    version "0.21.3"
    resolved "https://registry.yarnpkg.com/type-fest/-/type-fest-0.21.3.tgz#d260a24b0198436e133fa26a524a6d65fa3b2e37"
    integrity sha512-t0rzBq87m3fVcduHDUFhKmyyX+9eo6WQjZvf51Ea/M0Q7+T374Jp1aUiyUl0GKxp8M/OETVHSDvmkyPgvX+X2w==
  
  type-fest@^0.6.0:
    version "0.6.0"
    resolved "https://registry.yarnpkg.com/type-fest/-/type-fest-0.6.0.tgz#8d2a2370d3df886eb5c90ada1c5bf6188acf838b"
    integrity sha512-q+MB8nYR1KDLrgr4G5yemftpMC7/QLqVndBmEEdqzmNj5dcFOO4Oo8qlwZE3ULT3+Zim1F8Kq4cBnikNhlCMlg==
  
  type-fest@^0.8.1:
    version "0.8.1"
    resolved "https://registry.yarnpkg.com/type-fest/-/type-fest-0.8.1.tgz#09e249ebde851d3b1e48d27c105444667f17b83d"
    integrity sha512-4dbzIzqvjtgiM5rw1k5rEHtBANKmdudhGyBEajN01fEyhaAIhsoKNy6y7+IN93IfpFtwY9iqi7kD+xwKhQsNJA==
  
  typedarray-to-buffer@^3.1.5:
    version "3.1.5"
    resolved "https://registry.yarnpkg.com/typedarray-to-buffer/-/typedarray-to-buffer-3.1.5.tgz#a97ee7a9ff42691b9f783ff1bc5112fe3fca9080"
    integrity sha512-zdu8XMNEDepKKR+XYOXAVPtWui0ly0NtohUscw+UmaHiAWT8hrV1rr//H6V+0DvJ3OQ19S979M0laLfX8rm82Q==
    dependencies:
      is-typedarray "^1.0.0"
  
  uglify-js@^3.1.4:
    version "3.17.0"
    resolved "https://registry.yarnpkg.com/uglify-js/-/uglify-js-3.17.0.tgz#55bd6e9d19ce5eef0d5ad17cd1f587d85b180a85"
    integrity sha512-aTeNPVmgIMPpm1cxXr2Q/nEbvkmV8yq66F3om7X3P/cvOXQ0TMQ64Wk63iyT1gPlmdmGzjGpyLh1f3y8MZWXGg==
  
  unbox-primitive@^1.0.2:
    version "1.0.2"
    resolved "https://registry.yarnpkg.com/unbox-primitive/-/unbox-primitive-1.0.2.tgz#29032021057d5e6cdbd08c5129c226dff8ed6f9e"
    integrity sha512-61pPlCD9h51VoreyJ0BReideM3MDKMKnh6+V9L08331ipq6Q8OFXZYiqP6n/tbHx4s5I9uRhcye6BrbkizkBDw==
    dependencies:
      call-bind "^1.0.2"
      has-bigints "^1.0.2"
      has-symbols "^1.0.3"
      which-boxed-primitive "^1.0.2"
  
  unbzip2-stream@1.4.3:
    version "1.4.3"
    resolved "https://registry.yarnpkg.com/unbzip2-stream/-/unbzip2-stream-1.4.3.tgz#b0da04c4371311df771cdc215e87f2130991ace7"
    integrity sha512-mlExGW4w71ebDJviH16lQLtZS32VKqsSfk80GCfUlwT/4/hNRFsoscrF/c++9xinkMzECL1uL9DDwXqFWkruPg==
    dependencies:
      buffer "^5.2.1"
      through "^2.3.8"
  
  unified@^9.1.0:
    version "9.2.2"
    resolved "https://registry.yarnpkg.com/unified/-/unified-9.2.2.tgz#67649a1abfc3ab85d2969502902775eb03146975"
    integrity sha512-Sg7j110mtefBD+qunSLO1lqOEKdrwBFBrR6Qd8f4uwkhWNlbkaqwHse6e7QvD3AP/MNoJdEDLaf8OxYyoWgorQ==
    dependencies:
      bail "^1.0.0"
      extend "^3.0.0"
      is-buffer "^2.0.0"
      is-plain-obj "^2.0.0"
      trough "^1.0.0"
      vfile "^4.0.0"
  
  unique-filename@^2.0.0:
    version "2.0.1"
    resolved "https://registry.yarnpkg.com/unique-filename/-/unique-filename-2.0.1.tgz#e785f8675a9a7589e0ac77e0b5c34d2eaeac6da2"
    integrity sha512-ODWHtkkdx3IAR+veKxFV+VBkUMcN+FaqzUUd7IZzt+0zhDZFPFxhlqwPF3YQvMHx1TD0tdgYl+kuPnJ8E6ql7A==
    dependencies:
      unique-slug "^3.0.0"
  
  unique-slug@^3.0.0:
    version "3.0.0"
    resolved "https://registry.yarnpkg.com/unique-slug/-/unique-slug-3.0.0.tgz#6d347cf57c8a7a7a6044aabd0e2d74e4d76dc7c9"
    integrity sha512-8EyMynh679x/0gqE9fT9oilG+qEt+ibFyqjuVTsZn1+CMxH+XLlpvr2UZx4nVcCwTpx81nICr2JQFkM+HPLq4w==
    dependencies:
      imurmurhash "^0.1.4"
  
  unique-string@^2.0.0:
    version "2.0.0"
    resolved "https://registry.yarnpkg.com/unique-string/-/unique-string-2.0.0.tgz#39c6451f81afb2749de2b233e3f7c5e8843bd89d"
    integrity sha512-uNaeirEPvpZWSgzwsPGtU2zVSTrn/8L5q/IexZmH0eH6SA73CmAA5U4GwORTxQAZs95TAXLNqeLoPPNO5gZfWg==
    dependencies:
      crypto-random-string "^2.0.0"
  
  unist-util-find-all-after@^3.0.2:
    version "3.0.2"
    resolved "https://registry.yarnpkg.com/unist-util-find-all-after/-/unist-util-find-all-after-3.0.2.tgz#fdfecd14c5b7aea5e9ef38d5e0d5f774eeb561f6"
    integrity sha512-xaTC/AGZ0rIM2gM28YVRAFPIZpzbpDtU3dRmp7EXlNVA8ziQc4hY3H7BHXM1J49nEmiqc3svnqMReW+PGqbZKQ==
    dependencies:
      unist-util-is "^4.0.0"
  
  unist-util-is@^4.0.0:
    version "4.1.0"
    resolved "https://registry.yarnpkg.com/unist-util-is/-/unist-util-is-4.1.0.tgz#976e5f462a7a5de73d94b706bac1b90671b57797"
    integrity sha512-ZOQSsnce92GrxSqlnEEseX0gi7GH9zTJZ0p9dtu87WRb/37mMPO2Ilx1s/t9vBHrFhbgweUwb+t7cIn5dxPhZg==
  
  unist-util-stringify-position@^2.0.0:
    version "2.0.3"
    resolved "https://registry.yarnpkg.com/unist-util-stringify-position/-/unist-util-stringify-position-2.0.3.tgz#cce3bfa1cdf85ba7375d1d5b17bdc4cada9bd9da"
    integrity sha512-3faScn5I+hy9VleOq/qNbAd6pAx7iH5jYBMS9I1HgQVijz/4mv5Bvw5iw1sC/90CODiKo81G/ps8AJrISn687g==
    dependencies:
      "@types/unist" "^2.0.2"
  
  universalify@^0.1.0:
    version "0.1.2"
    resolved "https://registry.yarnpkg.com/universalify/-/universalify-0.1.2.tgz#b646f69be3942dabcecc9d6639c80dc105efaa66"
    integrity sha512-rBJeI5CXAlmy1pV+617WB9J63U6XcazHHF2f2dbJix4XzpUF0RS3Zbj0FGIOCAva5P/d/GBOYaACQ1w+0azUkg==
  
  universalify@^0.2.0:
    version "0.2.0"
    resolved "https://registry.yarnpkg.com/universalify/-/universalify-0.2.0.tgz#6451760566fa857534745ab1dde952d1b1761be0"
    integrity sha512-CJ1QgKmNg3CwvAv/kOFmtnEN05f0D/cn9QntgNOQlQF9dgvVTHj3t+8JPdjqawCHk7V/KA+fbUqzZ9XWhcqPUg==
  
  universalify@^2.0.0:
    version "2.0.0"
    resolved "https://registry.yarnpkg.com/universalify/-/universalify-2.0.0.tgz#75a4984efedc4b08975c5aeb73f530d02df25717"
    integrity sha512-hAZsKq7Yy11Zu1DE0OzWjw7nnLZmJZYTDZZyEFHZdUhV8FkH5MCfoU1XMaxXovpyW5nq5scPqq0ZDP9Zyl04oQ==
  
  unpipe@1.0.0:
    version "1.0.0"
    resolved "https://registry.yarnpkg.com/unpipe/-/unpipe-1.0.0.tgz#b2bf4ee8514aae6165b4817829d21b2ef49904ec"
    integrity sha512-pjy2bYhSsufwWlKwPc+l3cN7+wuJlK6uz0YdJEOlQDbl6jo/YlPi4mb8agUkVC8BF7V8NuzeyPNqRksA3hztKQ==
  
  update-browserslist-db@^1.0.5:
    version "1.0.5"
    resolved "https://registry.yarnpkg.com/update-browserslist-db/-/update-browserslist-db-1.0.5.tgz#be06a5eedd62f107b7c19eb5bcefb194411abf38"
    integrity sha512-dteFFpCyvuDdr9S/ff1ISkKt/9YZxKjI9WlRR99c180GaztJtRa/fn18FdxGVKVsnPY7/a/FDN68mcvUmP4U7Q==
    dependencies:
      escalade "^3.1.1"
      picocolors "^1.0.0"
  
  update-notifier@^5.1.0:
    version "5.1.0"
    resolved "https://registry.yarnpkg.com/update-notifier/-/update-notifier-5.1.0.tgz#4ab0d7c7f36a231dd7316cf7729313f0214d9ad9"
    integrity sha512-ItnICHbeMh9GqUy31hFPrD1kcuZ3rpxDZbf4KUDavXwS0bW5m7SLbDQpGX3UYr072cbrF5hFUs3r5tUsPwjfHw==
    dependencies:
      boxen "^5.0.0"
      chalk "^4.1.0"
      configstore "^5.0.1"
      has-yarn "^2.1.0"
      import-lazy "^2.1.0"
      is-ci "^2.0.0"
      is-installed-globally "^0.4.0"
      is-npm "^5.0.0"
      is-yarn-global "^0.3.0"
      latest-version "^5.1.0"
      pupa "^2.1.1"
      semver "^7.3.4"
      semver-diff "^3.1.1"
      xdg-basedir "^4.0.0"
  
  uri-js@^4.2.2:
    version "4.4.1"
    resolved "https://registry.yarnpkg.com/uri-js/-/uri-js-4.4.1.tgz#9b1a52595225859e55f669d928f88c6c57f2a77e"
    integrity sha512-7rKUyy33Q1yc98pQ1DAmLtwX109F7TIfWlW1Ydo8Wl1ii1SeHieeh0HHfPeL2fMXK6z0s8ecKs9frCuLJvndBg==
    dependencies:
      punycode "^2.1.0"
  
  url-parse-lax@^3.0.0:
    version "3.0.0"
    resolved "https://registry.yarnpkg.com/url-parse-lax/-/url-parse-lax-3.0.0.tgz#16b5cafc07dbe3676c1b1999177823d6503acb0c"
    integrity sha512-NjFKA0DidqPa5ciFcSrXnAltTtzz84ogy+NebPvfEgAck0+TNg4UJ4IN+fB7zRZfbgUf0syOo9MDxFkDSMuFaQ==
    dependencies:
      prepend-http "^2.0.0"
  
  url-parse@^1.5.3:
    version "1.5.10"
    resolved "https://registry.yarnpkg.com/url-parse/-/url-parse-1.5.10.tgz#9d3c2f736c1d75dd3bd2be507dcc111f1e2ea9c1"
    integrity sha512-WypcfiRhfeUP9vvF0j6rw0J3hrWrw6iZv3+22h6iRMJ/8z1Tj6XfLP4DsUix5MhMPnXpiHDoKyoZ/bdCkwBCiQ==
    dependencies:
      querystringify "^2.1.1"
      requires-port "^1.0.0"
  
  util-deprecate@^1.0.1, util-deprecate@^1.0.2:
    version "1.0.2"
    resolved "https://registry.yarnpkg.com/util-deprecate/-/util-deprecate-1.0.2.tgz#450d4dc9fa70de732762fbd2d4a28981419a0ccf"
    integrity sha512-EPD5q1uXyFxJpCrLnCc1nHnq3gOa6DZBocAIiI2TaSCA7VCJ1UJDMagCzIkXNsUYfD1daK//LTEQ8xiIbrHtcw==
  
  uuid@^3.3.2:
    version "3.4.0"
    resolved "https://registry.yarnpkg.com/uuid/-/uuid-3.4.0.tgz#b23e4358afa8a202fe7a100af1f5f883f02007ee"
    integrity sha512-HjSDRw6gZE5JMggctHBcjVak08+KEVhSIiDzFnT9S9aegmp85S/bReBVTb4QTFaRNptJ9kuYaNhnbNEOkbKb/A==
  
  v8-compile-cache@^2.0.3, v8-compile-cache@^2.3.0:
    version "2.3.0"
    resolved "https://registry.yarnpkg.com/v8-compile-cache/-/v8-compile-cache-2.3.0.tgz#2de19618c66dc247dcfb6f99338035d8245a2cee"
    integrity sha512-l8lCEmLcLYZh4nbunNZvQCJc5pv7+RCwa8q/LdUx8u7lsWvPDKmpodJAJNwkAhJC//dFY48KuIEmjtd4RViDrA==
  
  validate-npm-package-license@^3.0.1:
    version "3.0.4"
    resolved "https://registry.yarnpkg.com/validate-npm-package-license/-/validate-npm-package-license-3.0.4.tgz#fc91f6b9c7ba15c857f4cb2c5defeec39d4f410a"
    integrity sha512-DpKm2Ui/xN7/HQKCtpZxoRWBhZ9Z0kqtygG8XCgNQ8ZlDnxuQmWhj566j8fN4Cu3/JmbhsDo7fcAJq4s9h27Ew==
    dependencies:
      spdx-correct "^3.0.0"
      spdx-expression-parse "^3.0.0"
  
  validate-npm-package-name@^4.0.0:
    version "4.0.0"
    resolved "https://registry.yarnpkg.com/validate-npm-package-name/-/validate-npm-package-name-4.0.0.tgz#fe8f1c50ac20afdb86f177da85b3600f0ac0d747"
    integrity sha512-mzR0L8ZDktZjpX4OB46KT+56MAhl4EIazWP/+G/HPGuvfdaqg4YsCdtOm6U9+LOFyYDoh4dpnpxZRB9MQQns5Q==
    dependencies:
      builtins "^5.0.0"
  
  verror@1.10.0:
    version "1.10.0"
    resolved "https://registry.yarnpkg.com/verror/-/verror-1.10.0.tgz#3a105ca17053af55d6e270c1f8288682e18da400"
    integrity sha512-ZZKSmDAEFOijERBLkmYfJ+vmk3w+7hOLYDNkRCuRuMJGEmqYNCNLyBBFwWKVMhfwaEF3WOd0Zlw86U/WC/+nYw==
    dependencies:
      assert-plus "^1.0.0"
      core-util-is "1.0.2"
      extsprintf "^1.2.0"
  
  vfile-message@^2.0.0:
    version "2.0.4"
    resolved "https://registry.yarnpkg.com/vfile-message/-/vfile-message-2.0.4.tgz#5b43b88171d409eae58477d13f23dd41d52c371a"
    integrity sha512-DjssxRGkMvifUOJre00juHoP9DPWuzjxKuMDrhNbk2TdaYYBNMStsNhEOt3idrtI12VQYM/1+iM0KOzXi4pxwQ==
    dependencies:
      "@types/unist" "^2.0.0"
      unist-util-stringify-position "^2.0.0"
  
  vfile@^4.0.0:
    version "4.2.1"
    resolved "https://registry.yarnpkg.com/vfile/-/vfile-4.2.1.tgz#03f1dce28fc625c625bc6514350fbdb00fa9e624"
    integrity sha512-O6AE4OskCG5S1emQ/4gl8zK586RqA3srz3nfK/Viy0UPToBc5Trp9BVFb1u0CjsKrAWwnpr4ifM/KBXPWwJbCA==
    dependencies:
      "@types/unist" "^2.0.0"
      is-buffer "^2.0.0"
      unist-util-stringify-position "^2.0.0"
      vfile-message "^2.0.0"
  
  vite-plugin-handlebars@1.6.0:
    version "1.6.0"
    resolved "https://registry.yarnpkg.com/vite-plugin-handlebars/-/vite-plugin-handlebars-1.6.0.tgz#fe74b8321d81a9267594d807c2d6135581e7a3fe"
    integrity sha512-/TZ2FadScvJW6fmQ+3m3stm6ns+tDZ3VAgzEkSQYQurAnaQ/3MJfidhmTXzD1Hu1iwgkI3lNuEqybzjjKemCTg==
    dependencies:
      handlebars "^4.7.6"
      vite "^2.0.0"
  
  vite-plugin-purge-icons@0.9.0:
    version "0.9.0"
    resolved "https://registry.yarnpkg.com/vite-plugin-purge-icons/-/vite-plugin-purge-icons-0.9.0.tgz#09be0f8004c6943d1f4bf5c57c1fa4fa828d1ed0"
    integrity sha512-PzdLuhDZj+QKWeb6CuwKE+JIuefO08uVsOy+bALV3pJEh5fQdBGdrxrQpoUcjKI7l+pWxsk4ag0PyNdKohO6Uw==
    dependencies:
      "@purge-icons/core" "^0.9.0"
      "@purge-icons/generated" "^0.9.0"
      rollup-plugin-purge-icons "^0.9.0"
  
  vite@^2.0.0:
    version "2.9.15"
    resolved "https://registry.yarnpkg.com/vite/-/vite-2.9.15.tgz#2858dd5b2be26aa394a283e62324281892546f0b"
    integrity sha512-fzMt2jK4vQ3yK56te3Kqpkaeq9DkcZfBbzHwYpobasvgYmP2SoAr6Aic05CsB4CzCZbsDv4sujX3pkEGhLabVQ==
    dependencies:
      esbuild "^0.14.27"
      postcss "^8.4.13"
      resolve "^1.22.0"
      rollup ">=2.59.0 <2.78.0"
    optionalDependencies:
      fsevents "~2.3.2"
  
  vite@^3.0.7:
    version "3.0.9"
    resolved "https://registry.yarnpkg.com/vite/-/vite-3.0.9.tgz#45fac22c2a5290a970f23d66c1aef56a04be8a30"
    integrity sha512-waYABTM+G6DBTCpYAxvevpG50UOlZuynR0ckTK5PawNVt7ebX6X7wNXHaGIO6wYYFXSM7/WcuFuO2QzhBB6aMw==
    dependencies:
      esbuild "^0.14.47"
      postcss "^8.4.16"
      resolve "^1.22.1"
      rollup ">=2.75.6 <2.77.0 || ~2.77.0"
    optionalDependencies:
      fsevents "~2.3.2"
  
  vm2@^3.9.8:
    version "3.9.11"
    resolved "https://registry.yarnpkg.com/vm2/-/vm2-3.9.11.tgz#a880f510a606481719ec3f9803b940c5805a06fe"
    integrity sha512-PFG8iJRSjvvBdisowQ7iVF580DXb1uCIiGaXgm7tynMR1uTBlv7UJlB1zdv5KJ+Tmq1f0Upnj3fayoEOPpCBKg==
    dependencies:
      acorn "^8.7.0"
      acorn-walk "^8.2.0"
  
  w3c-hr-time@^1.0.2:
    version "1.0.2"
    resolved "https://registry.yarnpkg.com/w3c-hr-time/-/w3c-hr-time-1.0.2.tgz#0a89cdf5cc15822df9c360543676963e0cc308cd"
    integrity sha512-z8P5DvDNjKDoFIHK7q8r8lackT6l+jo/Ye3HOle7l9nICP9lf1Ci25fy9vHd0JOWewkIFzXIEig3TdKT7JQ5fQ==
    dependencies:
      browser-process-hrtime "^1.0.0"
  
  w3c-xmlserializer@^3.0.0:
    version "3.0.0"
    resolved "https://registry.yarnpkg.com/w3c-xmlserializer/-/w3c-xmlserializer-3.0.0.tgz#06cdc3eefb7e4d0b20a560a5a3aeb0d2d9a65923"
    integrity sha512-3WFqGEgSXIyGhOmAFtlicJNMjEps8b1MG31NCA0/vOF9+nKMUW1ckhi9cnNHmf88Rzw5V+dwIwsm2C7X8k9aQg==
    dependencies:
      xml-name-validator "^4.0.0"
  
  wcwidth@^1.0.1:
    version "1.0.1"
    resolved "https://registry.yarnpkg.com/wcwidth/-/wcwidth-1.0.1.tgz#f0b0dcf915bc5ff1528afadb2c0e17b532da2fe8"
    integrity sha512-XHPEwS0q6TaxcvG85+8EYkbiCux2XtWG2mkc47Ng2A77BQu9+DqIOJldST4HgPkuea7dvKSj5VgX3P1d4rW8Tg==
    dependencies:
      defaults "^1.0.3"
  
  webidl-conversions@^3.0.0:
    version "3.0.1"
    resolved "https://registry.yarnpkg.com/webidl-conversions/-/webidl-conversions-3.0.1.tgz#24534275e2a7bc6be7bc86611cc16ae0a5654871"
    integrity sha512-2JAn3z8AR6rjK8Sm8orRC0h/bcl/DqL7tRPdGZ4I1CjdF+EaMLmYxBHyXuKL849eucPFhvBoxMsflfOb8kxaeQ==
  
  webidl-conversions@^7.0.0:
    version "7.0.0"
    resolved "https://registry.yarnpkg.com/webidl-conversions/-/webidl-conversions-7.0.0.tgz#256b4e1882be7debbf01d05f0aa2039778ea080a"
    integrity sha512-VwddBukDzu71offAQR975unBIGqfKZpM+8ZX6ySk8nYhVoo5CYaZyzt3YBvYtRtO+aoGlqxPg/B87NGVZ/fu6g==
  
  whatwg-encoding@^2.0.0:
    version "2.0.0"
    resolved "https://registry.yarnpkg.com/whatwg-encoding/-/whatwg-encoding-2.0.0.tgz#e7635f597fd87020858626805a2729fa7698ac53"
    integrity sha512-p41ogyeMUrw3jWclHWTQg1k05DSVXPLcVxRTYsXUk+ZooOCZLcoYgPZ/HL/D/N+uQPOtcp1me1WhBEaX02mhWg==
    dependencies:
      iconv-lite "0.6.3"
  
  whatwg-mimetype@^3.0.0:
    version "3.0.0"
    resolved "https://registry.yarnpkg.com/whatwg-mimetype/-/whatwg-mimetype-3.0.0.tgz#5fa1a7623867ff1af6ca3dc72ad6b8a4208beba7"
    integrity sha512-nt+N2dzIutVRxARx1nghPKGv1xHikU7HKdfafKkLNLindmPU/ch3U31NOCGGA/dmPcmb1VlofO0vnKAcsm0o/Q==
  
  whatwg-url@^10.0.0:
    version "10.0.0"
    resolved "https://registry.yarnpkg.com/whatwg-url/-/whatwg-url-10.0.0.tgz#37264f720b575b4a311bd4094ed8c760caaa05da"
    integrity sha512-CLxxCmdUby142H5FZzn4D8ikO1cmypvXVQktsgosNy4a4BHrDHeciBBGZhb0bNoR5/MltoCatso+vFjjGx8t0w==
    dependencies:
      tr46 "^3.0.0"
      webidl-conversions "^7.0.0"
  
  whatwg-url@^11.0.0:
    version "11.0.0"
    resolved "https://registry.yarnpkg.com/whatwg-url/-/whatwg-url-11.0.0.tgz#0a849eebb5faf2119b901bb76fd795c2848d4018"
    integrity sha512-RKT8HExMpoYx4igMiVMY83lN6UeITKJlBQ+vR/8ZJ8OCdSiN3RwCq+9gH0+Xzj0+5IrM6i4j/6LuvzbZIQgEcQ==
    dependencies:
      tr46 "^3.0.0"
      webidl-conversions "^7.0.0"
  
  whatwg-url@^5.0.0:
    version "5.0.0"
    resolved "https://registry.yarnpkg.com/whatwg-url/-/whatwg-url-5.0.0.tgz#966454e8765462e37644d3626f6742ce8b70965d"
    integrity sha512-saE57nupxk6v3HY35+jzBwYa0rKSy0XR8JSxZPwgLr7ys0IBzhGviA1/TUGJLmSVqs8pb9AnvICXEuOHLprYTw==
    dependencies:
      tr46 "~0.0.3"
      webidl-conversions "^3.0.0"
  
  which-boxed-primitive@^1.0.2:
    version "1.0.2"
    resolved "https://registry.yarnpkg.com/which-boxed-primitive/-/which-boxed-primitive-1.0.2.tgz#13757bc89b209b049fe5d86430e21cf40a89a8e6"
    integrity sha512-bwZdv0AKLpplFY2KZRX6TvyuN7ojjr7lwkg6ml0roIy9YeuSr7JS372qlNW18UQYzgYK9ziGcerWqZOmEn9VNg==
    dependencies:
      is-bigint "^1.0.1"
      is-boolean-object "^1.1.0"
      is-number-object "^1.0.4"
      is-string "^1.0.5"
      is-symbol "^1.0.3"
  
  which@^1.2.9, which@^1.3.1:
    version "1.3.1"
    resolved "https://registry.yarnpkg.com/which/-/which-1.3.1.tgz#a45043d54f5805316da8d62f9f50918d3da70b0a"
    integrity sha512-HxJdYWq1MTIQbJ3nw0cqssHoTNU267KlrDuGZ1WYlxDStUtKUhOaJmh112/TZmHxxUfuJqPXSOm7tDyas0OSIQ==
    dependencies:
      isexe "^2.0.0"
  
  which@^2.0.1:
    version "2.0.2"
    resolved "https://registry.yarnpkg.com/which/-/which-2.0.2.tgz#7c6a8dd0a636a0327e10b59c9286eee93f3f51b1"
    integrity sha512-BLI3Tl1TW3Pvl70l3yq3Y64i+awpwXqsGBYWkkqMtnbXgrMD+yj7rhW0kuEDxzJaYXGjEW5ogapKNMEKNMjibA==
    dependencies:
      isexe "^2.0.0"
  
  wide-align@^1.1.2:
    version "1.1.5"
    resolved "https://registry.yarnpkg.com/wide-align/-/wide-align-1.1.5.tgz#df1d4c206854369ecf3c9a4898f1b23fbd9d15d3"
    integrity sha512-eDMORYaPNZ4sQIuuYPDHdQvf4gyCF9rEEV/yPxGfwPkRodwEgiMUUXTx/dex+Me0wxx53S+NgUHaP7y3MGlDmg==
    dependencies:
      string-width "^1.0.2 || 2 || 3 || 4"
  
  widest-line@^3.1.0:
    version "3.1.0"
    resolved "https://registry.yarnpkg.com/widest-line/-/widest-line-3.1.0.tgz#8292333bbf66cb45ff0de1603b136b7ae1496eca"
    integrity sha512-NsmoXalsWVDMGupxZ5R08ka9flZjjiLvHVAWYOKtiKM8ujtZWr9cRffak+uSE48+Ob8ObalXpwyeUiyDD6QFgg==
    dependencies:
      string-width "^4.0.0"
  
  word-wrap@^1.2.3, word-wrap@~1.2.3:
    version "1.2.3"
    resolved "https://registry.yarnpkg.com/word-wrap/-/word-wrap-1.2.3.tgz#610636f6b1f703891bd34771ccb17fb93b47079c"
    integrity sha512-Hz/mrNwitNRh/HUAtM/VT/5VH+ygD6DV7mYKZAtHOrbs8U7lvPS6xf7EJKMF0uW1KJCl0H701g3ZGus+muE5vQ==
  
  wordwrap@^1.0.0:
    version "1.0.0"
    resolved "https://registry.yarnpkg.com/wordwrap/-/wordwrap-1.0.0.tgz#27584810891456a4171c8d0226441ade90cbcaeb"
    integrity sha512-gvVzJFlPycKc5dZN4yPkP8w7Dc37BtP1yczEneOb4uq34pXZcvrtRTmWV8W+Ume+XCxKgbjM+nevkyFPMybd4Q==
  
  wrap-ansi@^6.2.0:
    version "6.2.0"
    resolved "https://registry.yarnpkg.com/wrap-ansi/-/wrap-ansi-6.2.0.tgz#e9393ba07102e6c91a3b221478f0257cd2856e53"
    integrity sha512-r6lPcBGxZXlIcymEu7InxDMhdW0KDxpLgoFLcguasxCaJ/SOIZwINatK9KY/tf+ZrlywOKU0UDj3ATXUBfxJXA==
    dependencies:
      ansi-styles "^4.0.0"
      string-width "^4.1.0"
      strip-ansi "^6.0.0"
  
  wrap-ansi@^7.0.0:
    version "7.0.0"
    resolved "https://registry.yarnpkg.com/wrap-ansi/-/wrap-ansi-7.0.0.tgz#67e145cff510a6a6984bdf1152911d69d2eb9e43"
    integrity sha512-YVGIj2kamLSTxw6NsZjoBxfSwsn0ycdesmc4p+Q21c5zPuZ1pl+NfxVdxPtdHvmNVOQ6XSYG4AUtyt/Fi7D16Q==
    dependencies:
      ansi-styles "^4.0.0"
      string-width "^4.1.0"
      strip-ansi "^6.0.0"
  
  wrappy@1:
    version "1.0.2"
    resolved "https://registry.yarnpkg.com/wrappy/-/wrappy-1.0.2.tgz#b5243d8f3ec1aa35f1364605bc0d1036e30ab69f"
    integrity sha512-l4Sp/DRseor9wL6EvV2+TuQn63dMkPjZ/sp9XkghTEbV9KlPS1xUsZ3u7/IQO4wxtcFB4bgpQPRcR3QCvezPcQ==
  
  write-file-atomic@^3.0.0, write-file-atomic@^3.0.3:
    version "3.0.3"
    resolved "https://registry.yarnpkg.com/write-file-atomic/-/write-file-atomic-3.0.3.tgz#56bd5c5a5c70481cd19c571bd39ab965a5de56e8"
    integrity sha512-AvHcyZ5JnSfq3ioSyjrBkH9yW4m7Ayk8/9My/DD9onKeu/94fwrMocemO2QAJFAlnnDN+ZDS+ZjAR5ua1/PV/Q==
    dependencies:
      imurmurhash "^0.1.4"
      is-typedarray "^1.0.0"
      signal-exit "^3.0.2"
      typedarray-to-buffer "^3.1.5"
  
  ws@8.5.0:
    version "8.5.0"
    resolved "https://registry.yarnpkg.com/ws/-/ws-8.5.0.tgz#bfb4be96600757fe5382de12c670dab984a1ed4f"
    integrity sha512-BWX0SWVgLPzYwF8lTzEy1egjhS4S4OEAHfsO8o65WOVsrnSRGaSiUaa9e0ggGlkMTtBlmOpEXiie9RUcBO86qg==
  
  ws@^8.2.3:
    version "8.8.1"
    resolved "https://registry.yarnpkg.com/ws/-/ws-8.8.1.tgz#5dbad0feb7ade8ecc99b830c1d77c913d4955ff0"
    integrity sha512-bGy2JzvzkPowEJV++hF07hAD6niYSr0JzBNo/J29WsB57A2r7Wlc1UFcTR9IzrPvuNVO4B8LGqF8qcpsVOhJCA==
  
  xdg-basedir@^4.0.0:
    version "4.0.0"
    resolved "https://registry.yarnpkg.com/xdg-basedir/-/xdg-basedir-4.0.0.tgz#4bc8d9984403696225ef83a1573cbbcb4e79db13"
    integrity sha512-PSNhEJDejZYV7h50BohL09Er9VaIefr2LMAf3OEmpCkjOi34eYyQYAXUTjEQtZJTKcF0E2UKTh+osDLsgNim9Q==
  
  xml-name-validator@^4.0.0:
    version "4.0.0"
    resolved "https://registry.yarnpkg.com/xml-name-validator/-/xml-name-validator-4.0.0.tgz#79a006e2e63149a8600f15430f0a4725d1524835"
    integrity sha512-ICP2e+jsHvAj2E2lIHxa5tjXRlKDJo4IdvPvCXbXQGdzSfmSpNVyIKMvoZHjDY9DP0zV17iI85o90vRFXNccRw==
  
  xmlchars@^2.2.0:
    version "2.2.0"
    resolved "https://registry.yarnpkg.com/xmlchars/-/xmlchars-2.2.0.tgz#060fe1bcb7f9c76fe2a17db86a9bc3ab894210cb"
    integrity sha512-JZnDKK8B0RCDw84FNdDAIpZK+JuJw+s7Lz8nksI7SIuU3UXJJslUthsi+uWBUYOwPFwW7W7PRLRfUKpxjtjFCw==
  
  xregexp@2.0.0:
    version "2.0.0"
    resolved "https://registry.yarnpkg.com/xregexp/-/xregexp-2.0.0.tgz#52a63e56ca0b84a7f3a5f3d61872f126ad7a5943"
    integrity sha512-xl/50/Cf32VsGq/1R8jJE5ajH1yMCQkpmoS10QbFZWl2Oor4H0Me64Pu2yxvsRWK3m6soJbmGfzSR7BYmDcWAA==
  
  xtend@^4.0.2:
    version "4.0.2"
    resolved "https://registry.yarnpkg.com/xtend/-/xtend-4.0.2.tgz#bb72779f5fa465186b1f438f674fa347fdb5db54"
    integrity sha512-LKYU1iAXJXUgAXn9URjiu+MWhyUXHsvfp7mcuYm9dSUKK0/CjtrUwFAxD82/mCWbtLsGjFIad0wIsod4zrTAEQ==
  
  yallist@^2.1.2:
    version "2.1.2"
    resolved "https://registry.yarnpkg.com/yallist/-/yallist-2.1.2.tgz#1c11f9218f076089a47dd512f93c6699a6a81d52"
    integrity sha512-ncTzHV7NvsQZkYe1DW7cbDLm0YpzHmZF5r/iyP3ZnQtMiJ+pjzisCiMNI+Sj+xQF5pXhSHxSB3uDbsBTzY/c2A==
  
  yallist@^3.0.2:
    version "3.1.1"
    resolved "https://registry.yarnpkg.com/yallist/-/yallist-3.1.1.tgz#dbb7daf9bfd8bac9ab45ebf602b8cbad0d5d08fd"
    integrity sha512-a4UGQaWPH59mOXUYnAG2ewncQS4i4F43Tv3JoAM+s2VDAmS9NsK8GpDMLrCHPksFT7h3K6TOoUNn2pb7RoXx4g==
  
  yallist@^4.0.0:
    version "4.0.0"
    resolved "https://registry.yarnpkg.com/yallist/-/yallist-4.0.0.tgz#9bb92790d9c0effec63be73519e11a35019a3a72"
    integrity sha512-3wdGidZyq5PB084XLES5TpOSRA3wjXAlIWMhum2kRcv/41Sn2emQ0dycQW4uZXLejwKvg6EsvbdlVL+FYEct7A==
  
  yaml@^1.10.0, yaml@^1.10.2:
    version "1.10.2"
    resolved "https://registry.yarnpkg.com/yaml/-/yaml-1.10.2.tgz#2301c5ffbf12b467de8da2333a459e29e7920e4b"
    integrity sha512-r3vXyErRCYJ7wg28yvBY5VSoAF8ZvlcW9/BwUzEtUsjvX/DKs24dIkuwjtuprwJJHsbyUbLApepYTR1BN4uHrg==
  
  yargs-parser@^20.2.3:
    version "20.2.9"
    resolved "https://registry.yarnpkg.com/yargs-parser/-/yargs-parser-20.2.9.tgz#2eb7dc3b0289718fc295f362753845c41a0c94ee"
    integrity sha512-y11nGElTIV+CT3Zv9t7VKl+Q3hTQoT9a1Qzezhhl6Rp21gJ/IVTW7Z3y9EWXhuUBC2Shnf+DX0antecpAwSP8w==
  
  yauzl@^2.10.0:
    version "2.10.0"
    resolved "https://registry.yarnpkg.com/yauzl/-/yauzl-2.10.0.tgz#c7eb17c93e112cb1086fa6d8e51fb0667b79a5f9"
    integrity sha512-p4a9I6X6nu6IhoGmBqAcbJy1mlC4j27vEPZX9F4L4/vZT3Lyq1VkFHw/V/PUcB9Buo+DG3iHkT0x3Qya58zc3g==
    dependencies:
      buffer-crc32 "~0.2.3"
      fd-slicer "~1.1.0"
  
  yorkie@2.0.0:
    version "2.0.0"
    resolved "https://registry.yarnpkg.com/yorkie/-/yorkie-2.0.0.tgz#92411912d435214e12c51c2ae1093e54b6bb83d9"
    integrity sha512-jcKpkthap6x63MB4TxwCyuIGkV0oYP/YRyuQU5UO0Yz/E/ZAu+653/uov+phdmO54n6BcvFRyyt0RRrWdN2mpw==
    dependencies:
      execa "^0.8.0"
      is-ci "^1.0.10"
      normalize-path "^1.0.0"
      strip-indent "^2.0.0"
  
  zwitch@^1.0.0:
    version "1.0.5"
    resolved "https://registry.yarnpkg.com/zwitch/-/zwitch-1.0.5.tgz#d11d7381ffed16b742f6af7b3f223d5cd9fe9920"
    integrity sha512-V50KMwwzqJV0NpZIZFwfOD5/lyny3WlSzRiXgA0G7VUnRlqttta1L6UQIHzd6EuBY/cHGfwTIck7w1yH6Q5zUw==
